scenario N1 t1 ta ra t2 µmic_1 pmic_1 snimic_1 µseq_2 k1seq_2 µseq_3 k1seq_3   NAL_1_1       NAL_1_2       HET_1_1       HET_1_2       VAR_1_1       VAR_1_2       MGW_1_1       MGW_1_2      N2P_1_1.2     H2P_1_1.2     V2P_1_1.2     FST_1_1.2     LIK_1_1.2     LIK_1_2.1     DAS_1_1.2     DM2_1_1.2      NHA_2_1       NHA_2_2       NSS_2_1       NSS_2_2       MPD_2_1       MPD_2_2       VPD_2_1       VPD_2_2       DTA_2_1       DTA_2_2       PSS_2_1       PSS_2_2       MNS_2_1       MNS_2_2       VNS_2_1       VNS_2_2      NH2_2_1.2     NS2_2_1.2     MP2_2_1.2     MPB_2_1.2     HST_2_1.2      NHA_3_1       NHA_3_2       NSS_3_1       NSS_3_2       MPD_3_1       MPD_3_2       VPD_3_1       VPD_3_2       DTA_3_1       DTA_3_2       PSS_3_1       PSS_3_2       MNS_3_1       MNS_3_2       VNS_3_1       VNS_3_2      NH2_3_1.2     NS2_3_1.2     MP2_3_1.2     MPB_3_1.2     HST_3_1.2   
  2             555          1709                                               7.375e-04     2.029e-01     2.320e-07     4.068e-07     2.684e+00     8.112e-06     1.342e+01      4.400000      4.700000      0.616795      0.516282      3.166603      2.386603      0.745763      0.796610      7.100000      0.681899      6.176171      0.287424      2.713679      2.737396      0.205625     13.567125      1.200000      1.200000      0.200000      0.200000      0.050000      0.050000      0.047561      0.047561     -0.224821     -0.224821      0.200000      0.200000      0.200000      0.200000      0.000000      0.000000      1.400000      0.400000      0.010000      0.010000      0.000000      2.200000      2.400000      1.400000      1.600000      0.546316      0.472632      0.497494      0.421426      0.390491      0.035090      1.200000      1.400000      2.950000      2.350000      3.037500      3.437500      4.400000      4.400000      0.509474      2.308000      0.779257
  1            1947          3320          6929         0.170          8358     7.084e-04     1.743e-01     7.284e-08     8.188e-07     1.019e+01     5.335e-06     3.113e-01      6.300000      6.000000      0.756154      0.678718      3.892179      3.663013      0.913043      0.810811      8.900000      0.805601      5.588434      0.194569      2.871351      2.804182      0.108438      7.341688      1.800000      3.800000      0.800000      3.000000      0.198462      0.568205      0.108717      0.598286     -0.078317     -0.490028      0.800000      3.000000      1.733333      3.843333      0.577778      5.357278      4.800000      3.800000      0.383333      0.570000      0.327485      4.000000      5.000000      3.800000      5.400000      0.709474      1.036842      0.850125      1.696413     -0.982349     -0.949777      3.200000      4.800000      2.085714      2.398413      2.631122      4.312051      9.000000     11.400000      0.873158      5.252000      0.833748
  1            3010          4239          4434         0.347          4897     5.979e-04     2.995e-01     9.776e-07     6.061e-07     9.420e+00     8.338e-06     9.362e+00      7.900000      8.100000      0.725128      0.804103      7.545064      9.781282      0.790000      0.810000     12.200000      0.832437     13.015428      0.148713      2.899810      3.108581      0.101438     17.624563      3.200000      3.400000      3.000000      2.800000      0.619744      0.720513      0.730890      0.710238     -0.267722      0.132167      2.600000      2.400000      5.270000      7.066667     17.725500     21.011110      5.800000      5.400000      0.670128      1.091750      0.386189      2.400000      3.600000      1.400000      2.800000      0.289474      0.356842      0.214007      0.349602     -0.498562     -0.998351      1.400000      2.800000      2.000000      0.764286      3.600000      0.429337      6.000000      7.800000      0.323158      4.400000      0.926555
  1            6946          1828          2748         0.718          3191     6.643e-04     2.275e-01     1.858e-07     4.634e-07     6.859e+00     7.610e-06     1.098e+01     10.900000      9.900000      0.835256      0.811538     24.274471     19.365993      0.698718      0.671186     14.400000      0.835316     24.450581      0.027766      2.423574      2.274400      0.153062     11.480890      3.800000      4.200000      3.200000      3.200000      0.888718      0.673077      0.797452      0.732764      0.573851     -0.245754      1.400000      1.400000      9.206667      5.653333     19.330889     20.172445      5.600000      4.600000      0.780897      0.837000      0.067028      7.200000      6.400000     12.000000     11.000000      3.904211      4.194737      7.575979     11.955795      0.588945      1.169019      7.200000      6.200000      4.498884      5.787549     10.178343     11.458994     13.200000     18.200001      4.049474      4.866500      0.167888
  1            4540          4049          4578         0.334          9008     6.562e-04     2.583e-01     2.120e-08     4.626e-07     9.620e+00     9.643e-06     1.365e+01      9.700000      9.900000      0.852821      0.840128     12.501218      9.225641      0.740458      0.811475     13.900000      0.891835     12.139225      0.096228      3.064680      3.287143      0.063938      5.582562      3.400000      3.400000      3.000000      3.000000      0.722821      0.726923      0.761649      1.028459      0.336373      0.193981      2.200000      2.200000      6.308333      8.050000      8.399652      5.937500      5.600000      5.200000      0.724872      1.215000      0.403398      7.200000      8.400000     14.000000     13.600000      4.153684      3.045263     15.793539     13.551819      0.150760     -1.108186      9.600000      9.200000      3.695960      2.200606      8.012246      3.894140     15.400000     29.799999      3.599474     16.451000      0.781200
  1            5164          4074          5422         0.944          5799     9.467e-04     2.034e-01     6.108e-08     5.178e-07     1.648e+01     6.025e-06     1.531e-01      9.900000     10.200000      0.843590      0.833974      9.015497     11.585897      0.842553      0.752768     13.300000      0.875316     11.293825      0.079318      2.714200      2.676134      0.089062      4.437891      4.200000      2.200000      3.400000      1.200000      0.801603      0.385577      0.786293      0.217862     -0.294758      0.307956      3.000000      0.800000      4.021905      7.900000     12.863316      6.050000      5.000000      4.200000      0.474872      0.853750      0.443781      5.800000      7.400000     11.400000      8.000000      1.884210      1.664211      6.601080      1.766232     -1.407241     -0.774557      9.200000      5.800000      2.011111      2.408132      4.759630      1.949999     13.200000     19.400000      1.774211      8.035000      0.779190
  1            4807          1539          1589         0.191          9551     4.780e-04     1.992e-01     4.858e-08     1.399e-07     9.924e+00     9.521e-06     2.312e-01      7.200000      7.000000      0.750769      0.742564      5.187308      3.962244      0.847059      0.875000      8.800000      0.785285      4.936471      0.093347      2.047975      1.905745      0.177062      1.657437      1.400000      2.600000      0.400000      1.600000      0.114744      0.296154      0.072396      0.215891     -0.013630     -0.400192      0.200000      1.400000      2.400000      3.550000      0.000000      8.487500      2.800000      1.800000      0.164359      0.254500      0.354189      6.600000      7.400000     16.600000     20.600000      4.552631      6.049474     58.335823     50.227375     -0.069984     -0.015475      5.400000      9.400000      3.255000      3.080555      2.701264      1.366647     13.800000     26.000000      5.301053     12.657000      0.581176
  2            2799          8588                                               8.013e-04     1.387e-01     5.261e-08     2.480e-07     1.739e+01     3.253e-06     7.970e+00      6.300000      6.600000      0.665897      0.731154      4.727949      5.017500      0.807692      0.758621     10.400000      0.808639     10.826123      0.236598      3.341088      3.417016      0.084000     23.759563      2.000000      2.200000      1.400000      1.200000      0.348397      0.250321      0.474874      0.164745     -0.194459     -0.299065      1.400000      1.200000      1.620000      4.400000      2.578000      1.300000      3.200000      2.600000      0.239487      0.790000      0.696852      2.600000      2.800000      1.800000      2.600000      0.624211      0.789474      0.594570      0.969969      0.382334      0.240909      1.800000      2.600000      3.400000      3.250000      2.222222      2.477500      5.400000      7.400000      0.706842      5.130000      0.862214
  1            6874           468          6086         0.322          6580     7.318e-04     2.636e-01     1.449e-06     8.956e-07     1.786e+01     1.630e-06     1.557e+00     10.900000     10.200000      0.868333      0.869487     17.560898     13.974038      0.721854      0.796875     12.900000      0.873671     15.871123      0.011636      2.127764      2.070872      0.121688      1.197813     10.400000     11.000000     15.800000     16.200001      4.364102      4.059487      9.901513     10.168520      0.274670      0.115659      3.000000      3.400000      6.129430      5.469921     25.414412     18.648397     15.600000     19.200001      4.211795      4.402500      0.043317      5.200000      3.800000      5.000000      4.400000      1.342105      1.209474      2.203481      2.341649      0.002211     -0.257783      2.400000      1.800000      2.547727      2.540000      1.457929      1.748667      6.800000      6.800000      1.275789      1.797000      0.290045
  1            8543          2503          2633         0.700          8368     8.745e-04     2.448e-01     2.350e-08     2.016e-07     9.999e+00     3.206e-06     1.585e+01     13.200000     13.800000      0.898462      0.895385     28.509022     37.519840      0.692913      0.681481     18.900000      0.920601     36.153477      0.048944      3.269739      3.167552      0.056313     14.049953      3.600000      3.400000      3.600000      2.800000      1.135897      0.916026      1.096650      0.858597      0.111146      0.086059      1.800000      1.000000      4.860714      4.920000      5.420855     13.743000      4.800000      4.600000      0.820769      0.955750      0.141230      6.200000      5.000000      5.800000      7.000000      1.515790      1.737895      1.279365      2.909758     -0.278215     -0.377573      4.600000      5.800000      3.306667      2.953333      4.576445      2.878889     10.600000     11.800000      1.626842      4.388000      0.629252
  1            7014          3549          5491         0.783          6768     3.085e-04     1.638e-01     5.314e-07     9.807e-07     1.717e+01     7.137e-06     1.287e-01      7.700000      8.600000      0.733974      0.780641      9.978333     11.861073      0.793814      0.785388     10.900000      0.793418     12.299601      0.086232      2.120349      2.539296      0.171375      5.996578      7.800000      6.600000     10.000000      8.400000      2.345128      1.917949      3.836892      4.256799      0.084733     -0.222379      5.600000      4.000000      6.202735      4.921270     24.463802     13.958214     13.000000     14.000000      2.131538      2.647500      0.194886      8.000000      7.200000     10.400000     17.600000      2.733684      4.240000      4.496547     17.525146     -0.338241     -0.783560      6.400000     13.600000      3.028491      2.233093      6.505460      4.206661     15.200000     24.600000      3.486842     10.800500      0.677159
  2            4993          4731                                               4.247e-04     1.006e-01     6.232e-08     1.726e-07     7.808e+00     9.243e-06     4.471e+00      4.500000      5.700000      0.572436      0.640385      1.497756      3.386603      0.937500      0.863636      6.800000      0.663196      3.033449      0.156943      1.973265      2.139527      0.281437      2.457625      2.000000      3.600000      1.200000      2.800000      0.172564      0.825385      0.208999      0.671704     -0.491637      0.393759      0.600000      2.200000      1.566667      6.063334      1.161111     12.079945      4.400000      3.400000      0.498974      0.834750      0.402247      8.800000      8.600000     17.000000      9.600000      6.509474      2.263158     30.665386      2.437939      1.315804     -0.547589     13.600000      6.200000      4.843172      2.762912      4.560722      5.395375     17.400000     23.799999      4.386316      9.726500      0.549035
  2            7818          8044                                               9.316e-04     1.006e-01     3.748e-08     9.335e-07     7.398e+00     1.249e-07     3.186e+00      9.300000     10.100000      0.837821      0.846923      7.443317     16.302114      0.849315      0.834711     13.900000      0.875348     14.859885      0.072423      2.873634      2.943916      0.092500     12.392953      7.400000      7.000000      8.200000      8.000000      1.454615      1.733846      3.002704      3.029482     -0.705839     -0.202953      6.400000      6.200000      3.718129      5.575000     11.592704     17.612326     13.800000     14.400000      1.594231      4.232625      0.623347      1.800000      1.200000      0.800000      0.200000      0.159211      0.047368      0.123997      0.038596     -0.628244     -0.118310      0.800000      0.200000      1.400000      0.400000      0.000000      0.000000      2.000000      1.000000      0.082632      0.270000      0.693957
  2            6656           317                                               3.202e-04     1.490e-01     6.706e-08     6.748e-07     9.923e+00     2.782e-06     1.875e+01      6.800000      6.400000      0.746795      0.733590     10.038398     11.306859      0.660194      0.592593      7.700000      0.750158     10.783007      0.025809      1.471949      1.359779      0.240125      0.969625      7.800000      8.000000      9.400000      9.000000      2.526923      2.442821      3.886787      2.947252      0.472152      0.355214      2.400000      2.000000      7.207079      6.141316     25.913017     22.129360     10.400000     11.400000      2.484872      2.501375      0.006598      2.600000      3.800000      2.000000      3.600000      0.619737      1.003947      0.637336      0.903683     -0.324267     -0.518231      1.000000      2.600000      2.250000      2.073333      3.537500      2.537111      4.600000      4.600000      0.649474      0.680000      0.044892
  1             188          1950          8954         0.284          9880     6.071e-04     2.143e-01     9.415e-07     2.985e-08     2.853e+00     8.213e-06     1.414e+01      2.700000      2.000000      0.368590      0.192436      0.448077      0.286410      0.900000      0.909091      3.900000      0.542342      1.218671      0.648298      2.840270      2.483468      0.202375      3.381500      1.200000      1.000000      0.200000      0.000000      0.296154      0.000000      0.208714      0.000000      0.074159      0.000000      0.200000      0.000000      1.400000      0.000000      0.000000      0.000000      1.200000      0.200000      0.029615      0.035000      0.153846      1.200000      1.400000      0.200000      0.400000      0.105263      0.107368      0.050125      0.078964      0.313006     -0.034441      0.200000      0.400000      2.000000      1.200000      0.000000      0.000000      2.600000      5.400000      0.106316      5.100000      0.979154
  2             665          3407                                               2.653e-04     2.081e-01     1.720e-08     8.925e-08     1.118e+01     9.095e-06     1.838e+00      2.200000      2.300000      0.313333      0.294744      0.419423      1.015192      0.814815      0.793103      3.500000      0.562943      1.152816      0.626584      2.485337      2.671549      0.184625      1.756125      1.000000      1.000000      0.000000      0.000000      0.000000      0.000000      0.000000      0.000000      0.000000      0.000000      0.000000      0.000000      0.000000      0.000000      0.000000      0.000000      1.000000      0.000000      0.000000      0.000000      0.000000      2.600000      3.400000      1.800000      3.600000      0.433684      1.321053      0.428471      3.068076     -0.276755      0.832080      1.800000      3.600000      2.960000      5.127273      0.672000      2.391736      6.000000      9.800000      0.877368      6.440000      0.863763
  1            4613           871           952         0.121          7715     2.157e-04     1.747e-01     6.343e-07     5.337e-07     1.972e+01     5.761e-06     8.895e+00      6.100000      6.100000      0.668590      0.685385      6.077116      7.094407      0.743902      0.713450      7.800000      0.695886      7.205297      0.053654      1.558435      1.611405      0.285688      2.776453      5.800000      5.600000      6.200000      5.600000      1.144359      1.410769      1.091852      1.303319     -0.550636      0.131975      3.200000      2.600000      4.755714      6.443333     18.351940     18.590611      8.200000      8.800000      1.277564      1.341750      0.047837      4.200000      6.400000      7.400000     10.200000      2.554737      3.262105     10.367636     11.048738      0.383431      0.334339      2.000000      4.800000      3.711111      3.795714      1.433558      3.702368      9.200000     12.200000      2.908421      4.100000      0.290629
  2            4175          3410                                               6.728e-04     1.545e-01     1.961e-06     6.679e-07     2.927e-01     6.517e-06     8.384e+00      8.800000      8.300000      0.838462      0.778205      8.265962      8.241907      0.796380      0.772093     11.200000      0.849335      9.495882      0.089776      2.569165      2.436841      0.110688      5.318391      4.400000      3.400000      3.400000      2.800000      0.624872      0.590769      0.410623      0.464623     -0.231691      0.019294      2.800000      2.200000      5.780000      6.966667     12.018000     15.186111      6.600000      5.600000      0.607821      0.726750      0.163646      6.600000      6.200000      8.800000     13.600000      2.958947      5.947369      5.705302     30.232470      0.467347      2.049065      6.400000     11.200000      4.368182      6.952045      5.066094      4.801627     12.400000     20.200001      4.453158      7.393000      0.397652
  2            1549          7085                                               3.415e-04     2.427e-01     3.520e-06     9.473e-07     6.346e+00     8.491e-06     1.555e+01      5.300000      5.000000      0.669744      0.644231      2.656987      2.075929      0.876033      0.909091      7.600000      0.750380      3.704312      0.218912      2.551991      2.605560      0.158562      5.402844      4.400000      4.000000      4.200000      4.200000      1.043846      0.873077      1.206159      1.344899      0.279796     -0.324407      3.600000      3.600000      7.161905      5.240000     16.694330     14.598666      8.200000      8.400000      0.958462      2.729625      0.648867      4.400000      3.800000      8.200000      3.200000      3.064210      0.689474      7.493695      0.667441      1.260146     -0.728562      7.400000      2.400000      5.920000      2.393333      4.220099      3.453111      8.200000     17.200001      1.876842     10.238000      0.816679
  1            6506          2049          6828         0.532          9510     5.109e-04     1.590e-01     5.541e-07     3.147e-07     1.732e+01     7.672e-06     5.110e+00      8.400000      7.800000      0.785513      0.743077      8.529488      5.935625      0.743363      0.847826     10.900000      0.800443      8.518714      0.085531      2.504397      2.340136      0.164312      5.441953      2.800000      3.000000      2.000000      2.200000      0.984188      1.068376      0.832208      0.685735      0.297183      0.428341      1.000000      1.200000      4.430000      5.366667     10.105500     14.405556      4.000000      3.200000      0.615769      0.706750      0.128731      7.000000      8.400000      9.800000     13.600000      2.113684      3.125263      3.215138      4.551417     -0.885491     -0.860654      6.000000      9.800000      2.232143      2.183871      1.913485      2.428758     14.600000     19.600000      2.619474      3.953000      0.337345
  2             520          6673                                               5.220e-04     1.922e-01     1.446e-06     3.038e-07     1.018e+01     9.708e-06     1.410e+01      3.900000      4.700000      0.488077      0.544231      1.187115      2.333013      0.812500      0.839286      7.000000      0.688228     18.014273      0.396750      2.891067      3.047140      0.144000     64.292122      1.400000      1.600000      0.400000      0.600000      0.071795      0.091538      0.056288      0.065033     -0.135091     -0.300739      0.400000      0.600000      1.600000      2.200000      0.000000      0.000000      2.600000      1.600000      0.081667      0.695000      0.882494      2.000000      2.000000      1.200000      1.400000      0.322105      0.568421      0.227747      0.526784      0.192602      0.825195      1.000000      1.200000      4.266667      5.200000      0.044444      0.000000      4.000000     10.400000      0.445263      9.223000      0.951723
  1            1903          7817          8274         0.096          9834     1.256e-04     1.623e-01     3.912e-06     1.080e-07     8.904e+00     6.870e-06     1.605e+01      3.100000      3.100000      0.411154      0.440769      0.552115      0.574920      1.000000      1.000000      4.300000      0.569019      1.703952      0.398377      2.008313      2.099854      0.291500      4.532891      1.200000      1.600000      0.200000      0.600000      0.032479      0.096581      0.029352      0.085943     -0.167205     -0.504731      0.200000      0.600000      0.400000      1.200000      0.000000      0.000000      2.000000      1.000000      0.038718      0.240000      0.838675      5.000000      4.400000      7.000000      3.400000      2.770526      0.949474      6.921448      0.669507      1.134765     -0.162529      6.600000      3.000000      5.900000      2.338095      6.341111      3.757030      9.400000     20.799999      1.860000     14.938000      0.875485
  1            4337          2504          7114         0.176          7706     5.445e-04     2.346e-01     1.845e-06     2.170e-07     3.444e+00     7.765e-06     3.339e-01      8.300000      9.700000      0.815000      0.781538      9.520993     21.440674      0.737778      0.743295     12.800000      0.847373     17.330618      0.108085      2.732575      2.753060      0.104750      8.080688      1.000000      1.200000      0.000000      0.200000      0.000000      0.050000      0.000000      0.047561      0.000000     -0.224821      0.000000      0.200000      0.000000      0.200000      0.000000      0.000000      1.200000      0.200000      0.005000      0.005000      0.000000      8.000000      9.400000     18.000000     17.000000      5.855790      4.773684     24.955572     11.240217      0.488131     -0.045532     11.200000     10.200000      3.601270      3.663638      3.577664      8.895205     17.200001     28.200001      5.314737      8.351000      0.363581
  1            9027          2973          3173         0.325          4947     6.251e-04     1.383e-01     4.655e-08     1.963e-07     1.451e+01     9.700e-06     9.363e+00      8.700000      8.500000      0.809231      0.762564     19.557035     18.173943      0.743590      0.787037     11.300000      0.811234     19.095337      0.058574      2.168458      2.045938      0.164062      1.851172      4.400000      3.600000      5.200000      3.800000      1.549359      1.252885      2.058853      1.925877      0.242805      0.302765      2.200000      0.800000      4.691176      5.929091     17.943727     18.627586      5.800000      6.000000      1.120897      1.272625      0.119224      6.000000      6.400000     15.400000     13.400000      5.761053      3.486316     22.931011     20.350843      1.195402     -0.210096      9.000000      7.000000      4.968578      2.060150      3.964826      1.442766     12.200000     22.400000      4.623684      8.652000      0.465594
  1            1082          1465          4831         0.077          5565     5.469e-04     2.807e-01     6.829e-06     2.218e-07     1.599e+01     7.438e-06     1.441e+00      3.600000      3.000000      0.460897      0.365385      1.969920      0.533974      0.791209      0.833333      4.800000      0.563703      1.487797      0.418404      2.124031      1.903873      0.289500      0.994203      1.600000      1.200000      0.600000      0.200000      0.193590      0.119231      0.115024      0.076681     -0.151249      0.148904      0.600000      0.200000      3.400000      1.800000      0.000000      0.000000      1.800000      0.800000      0.093846      0.130000      0.278107      2.800000      3.000000      2.200000      2.000000      0.433684      0.462105      0.406204      0.520540     -0.595618     -0.189743      2.200000      2.000000      2.320000      2.033333      0.488000      0.627778      5.400000      4.800000      0.447895      1.890000      0.763019
  1            1653          7862          8952         0.945          9823     2.991e-04     1.594e-01     1.542e-06     1.020e-07     4.116e+00     4.642e-06     1.338e+01      4.700000      4.000000      0.594872      0.566026      2.452436      0.979038      0.783333      0.975610      6.100000      0.699842      2.293940      0.288789      2.473843      2.381713      0.183750      2.369688      1.000000      1.200000      0.000000      0.200000      0.000000      0.142308      0.000000      0.122213      0.000000     -0.112704      0.000000      0.200000      0.000000      0.600000      0.000000      0.000000      1.200000      0.200000      0.014231      0.015000      0.051282      2.000000      2.800000      1.200000      1.800000      0.302105      0.448421      0.321810      0.373111     -0.101350     -0.178228      1.000000      1.600000      1.250000      2.260000      1.637500      0.962000      4.800000      8.000000      0.375263      6.167000      0.939150
  1            7938           765          7762         0.652          9059     8.457e-04     2.653e-01     7.910e-06     6.987e-07     6.977e+00     4.138e-06     5.976e+00     14.200000     13.800000      0.856410      0.843974     45.606441     38.930031      0.718987      0.666667     20.400000      0.858196     42.822674      0.018020      3.004585      2.776659      0.134000      4.303438      5.000000      6.200000      5.800000      7.800000      1.563077      1.819231      2.848331      2.847481      0.088042     -0.115261      2.200000      4.200000      6.760000      6.250000     30.080000     24.073055      8.200000     10.000000      1.691154      1.732000      0.023583      5.600000      3.600000      6.200000      2.800000      2.127368      0.511579      3.296870      0.406995      0.641244     -0.696033      5.400000      2.000000      4.756667      1.550000     10.058389      1.987500      8.000000      8.200000      1.319474      2.101000      0.371978
  1            9179          4228          6385         0.314          7308     1.428e-04     1.948e-01     6.290e-07     1.971e-07     8.652e+00     8.872e-06     1.912e+01      6.600000      5.600000      0.700769      0.615769      6.835032      4.935128      0.809816      0.783217      8.300000      0.690063      6.374691      0.087148      2.082628      1.677316      0.278937      2.228219      3.400000      4.000000      3.600000      4.000000      1.142308      1.141026      1.989877      1.847075      0.455132      0.532640      1.000000      1.400000      7.166667      7.991667     16.086111     24.377430      5.200000      5.000000      1.141667      1.268250      0.099809     11.800000     12.200000     26.600000     31.400000     10.823158     10.986316     69.311470     67.332138      1.718848      0.889656      8.600000     13.400000      5.617557      4.548923      8.725190      5.650809     24.000000     40.000000     10.904737     13.175500      0.172347
  2            3800          7936                                               3.205e-04     2.331e-01     3.666e-08     9.956e-07     1.797e+01     7.059e-07     1.778e+01      5.300000      6.800000      0.689872      0.702179      3.482821      5.656154      0.803030      0.819277      8.400000      0.794968      6.045538      0.219032      2.600820      2.793066      0.108562      6.058875      4.400000      4.000000      4.800000      4.400000      1.122820      1.131026      1.536515      1.819444      0.029520     -0.162562      4.000000      3.600000      6.212987      5.271111      5.051105     14.315456      7.600000      8.400000      1.126923      1.977000      0.429983      2.200000      1.600000      1.200000      0.600000      0.393421      0.198684      0.245106      0.144089      0.003507     -0.065140      1.200000      0.600000      3.300000      1.800000      0.850000      0.000000      3.000000      3.000000      0.236842      1.680000      0.859023
  2            3969          4061                                               9.577e-04     1.057e-01     4.275e-06     5.545e-07     1.510e+01     6.126e-07     1.318e+00      8.600000      9.000000      0.807308      0.814744     10.477564      9.416987      0.792627      0.814480     12.600000      0.844747     12.444858      0.076680      2.832760      2.942893      0.122375     10.362812      4.200000      4.800000      5.600000      6.200000      1.601795      2.002308      5.596918      5.739279      0.474474      0.523421      2.200000      2.800000      7.677500      8.248333     16.214970     34.649986      7.800000      8.400000      1.802051      2.157250      0.164653      1.400000      1.600000      0.400000      0.800000      0.152632      0.554386      0.117265      0.441938     -0.135530      0.493563      0.400000      0.800000      1.000000      3.066667      0.000000      2.844445      2.200000      1.200000      0.212105      0.370000      0.426743
  1            3266            56           685         0.970          2447     6.069e-04     1.709e-01     5.499e-06     5.492e-07     7.244e+00     6.065e-06     1.179e+01      6.500000      5.700000      0.649615      0.650769      3.980000      4.499407      0.878378      0.814286      6.800000      0.651329      4.239031      0.005249      1.147654      1.131970      0.347562      0.209328      2.000000      2.200000      1.200000      1.400000      0.520513      0.735897      0.419841      0.603581     -0.267606     -0.212335      0.200000      0.400000      1.360000      1.560000      4.352000      2.352000      2.400000      1.600000      0.251282      0.256000      0.018429      3.600000      2.800000      5.000000      5.000000      1.754737      0.986316      6.942584      4.762200      0.688961     -0.914493      0.600000      0.600000      4.419048      2.011539      1.683900      0.172411      4.200000      5.600000      1.370526      1.410000      0.027996
  1            6659          7393          7667         0.320          8650     2.349e-04     1.609e-01     1.329e-06     9.638e-07     9.046e+00     4.045e-06     1.573e+01      6.000000      5.800000      0.696667      0.611282      5.270897      4.641218      0.759494      0.734177      8.300000      0.746266      6.402452      0.218866      2.664246      2.148833      0.163750      5.961062      6.000000      7.600000      5.400000      7.000000      1.115128      1.507436      1.105615      1.387833     -0.215528     -0.265513      4.600000      6.200000      5.725000      5.258333     22.895876     18.607986     12.400000     11.600000      1.311282      1.945125      0.325862      5.600000      6.400000     10.800000     13.600000      4.070526      5.102105     18.507931     29.377728      0.885719      1.215087      7.600000     10.400000      4.038095      4.974889      8.014195      3.288254     12.000000     21.400000      4.586316      8.220000      0.442054
  2            2258          4288                                               8.006e-04     2.813e-01     7.902e-08     1.409e-07     1.773e+01     3.512e-06     5.490e+00      5.600000      7.100000      0.697051      0.751410      2.862756      4.320000      0.861538      0.835294      8.500000      0.766930      4.147231      0.104893      1.847199      2.156683      0.191437      2.375187      1.000000      1.200000      0.000000      0.200000      0.000000      0.357692      0.000000      0.230043      0.000000      0.148904      0.000000      0.200000      0.000000      1.800000      0.000000      0.000000      1.200000      0.200000      0.035769      0.045000      0.205128      2.400000      2.800000      1.800000      2.200000      0.670526      0.731579      0.628321      0.611813      0.664152      0.420437      1.600000      2.000000      4.366667      5.680000      3.961111     11.028000      4.600000      3.800000      0.701053      1.253500      0.440724
  2            9510          2905                                               5.402e-04     1.258e-01     5.816e-07     9.499e-08     7.670e+00     3.342e-06     5.528e+00      7.800000      7.800000      0.713205      0.701923      7.590000      7.269359      0.772277      0.852459     10.400000      0.741519      8.243670      0.086740      2.131275      2.052137      0.225375      3.586750      2.000000      2.200000      1.200000      1.200000      0.423932      0.396581      0.557492      0.373939     -0.088558     -0.278656      0.800000      0.800000      1.950000      2.250000      2.887500      4.937500      2.800000      2.000000      0.246154      0.275500      0.106520      7.000000      7.600000     11.600000     14.000000      2.281053      4.929474     12.104878     14.519181     -1.172987      0.810013      6.000000      8.400000      1.947174      4.559625      0.506590      5.447161     14.400000     20.000000      3.605263      5.046000      0.285521
  1            4050          3065          5613         0.889          7405     1.011e-04     1.063e-01     3.142e-08     7.945e-07     1.752e+01     6.258e-06     1.610e+01      3.800000      3.600000      0.524872      0.476154      1.730320      3.351154      0.826087      0.800000      4.900000      0.584810      2.767358      0.249882      1.566071      1.487083      0.333000      1.022187      4.600000      4.800000      5.400000      5.400000      1.360256      1.718462      2.901220      3.265291      0.106067      0.697551      2.200000      2.200000      6.025974      7.654286      7.543056     13.350027      7.200000      7.600000      1.539359      1.711000      0.100316      5.200000      5.000000      5.000000      5.800000      1.255790      1.520000      1.135934      2.107747     -0.352793     -0.140694      4.800000      5.600000      3.195238      3.341270      5.701474      3.791597      9.600000     11.800000      1.387895      3.959000      0.649433
  2            5896          6896                                               6.809e-04     2.097e-01     1.164e-08     7.501e-08     1.593e+01     3.153e-06     3.863e+00      9.400000      9.900000      0.787051      0.796667     12.256025     15.678910      0.758065      0.744361     13.300000      0.862627     16.955395      0.149548      3.137490      3.054980      0.068375     12.500688      1.800000      1.400000      1.000000      0.600000      0.372756      0.263141      0.340601      0.262210      0.286231      0.202751      0.600000      0.200000      5.133333      3.600000      4.444445      0.000000      2.000000      1.200000      0.254359      0.313500      0.188648      6.200000      5.600000      8.000000      8.000000      1.530526      2.754737      1.831779      6.098942     -0.902499      0.809786      7.600000      7.600000      2.478291      5.382540      4.217812     10.370584     11.600000     16.400000      2.142632      5.227000      0.590084
  1            9861          4339          4693         0.216          5044     2.039e-04     2.245e-01     3.331e-06     9.134e-08     1.584e+01     4.150e-06     8.093e-01      8.000000      7.800000      0.754231      0.761410      8.917645     12.341908      0.765550      0.652720     11.000000      0.812089     10.770158      0.123289      2.595504      2.397639      0.135000      1.086000      2.200000      3.200000      1.200000      2.200000      0.301603      0.552885      0.270695      0.467217     -0.206365     -0.275015      0.400000      1.400000      2.700000      2.750000      8.583333     13.754167      3.600000      2.600000      0.341795      0.449500      0.239611      6.200000      5.200000     17.200001     18.000000      7.811579      7.709474     51.108654     56.161392      2.104275      1.853567      5.000000      5.800000      6.064762      5.916757      3.094530      3.495901     11.200000     23.000000      7.760526      8.627000      0.100437
  2             116          4506                                               7.727e-04     2.785e-01     4.561e-07     3.700e-07     3.978e+00     9.497e-06     5.692e+00      2.000000      1.800000      0.226282      0.192308      0.198910      0.361667      0.952381      0.720000      3.400000      0.557057      5.583149      0.766392      3.083259      3.171746      0.103875     20.960312      1.200000      1.200000      0.200000      0.200000      0.025000      0.255769      0.023780      0.125094     -0.224821      0.335766      0.200000      0.200000      0.200000      3.800000      0.000000      0.000000      1.800000      1.200000      0.056154      0.900000      0.937607      1.000000      2.000000      0.000000      1.000000      0.000000      0.192105      0.000000      0.183194      0.000000     -0.459761      0.000000      1.000000      0.000000      0.633333      0.000000      0.094444      2.800000      8.400000      0.076842      7.480000      0.989727
  1             548           484           621         0.268          3011     9.406e-04     2.307e-01     7.075e-08     9.571e-08     5.251e+00     6.534e-06     1.416e+01      4.200000      4.200000      0.579231      0.535769      1.842949      2.499487      0.857143      0.656250      5.700000      0.643671      2.266962      0.234326      1.796479      1.676274      0.272312      0.486750      1.000000      1.000000      0.000000      0.000000      0.000000      0.000000      0.000000      0.000000      0.000000      0.000000      0.000000      0.000000      0.000000      0.000000      0.000000      0.000000      1.000000      0.000000      0.000000      0.000000      0.000000      1.400000      1.400000      0.400000      0.400000      0.207018      0.207018      0.110610      0.113784      0.047675      0.073388      0.400000      0.400000      1.000000      2.000000      3.200000      0.000000      2.000000      1.000000      0.124211      0.440000      0.717703
  2            3875           964                                               1.042e-04     2.200e-01     2.368e-06     9.527e-07     3.488e+00     3.255e-06     9.400e+00      4.400000      4.000000      0.500513      0.474359      4.318189      3.343590      0.598639      0.800000      5.600000      0.513259      3.878050      0.093747      1.128333      1.071406      0.461563      0.377828      3.800000      5.000000      5.400000      6.400000      1.763590      1.824615      5.115790      4.854218      0.742552      0.283080      1.800000      2.800000      8.625714      6.115556     19.849550     16.251013      7.000000      8.200000      1.794103      1.848625      0.029494      5.200000      5.200000      7.200000      8.800000      1.082105      2.975790      2.274508      6.605675     -1.464785      0.722965      2.600000      4.200000      1.643030      4.530808      1.881132      5.557222      9.200000     11.400000      2.028947      2.651000      0.234648
  2            8669          1711                                               1.667e-04     2.167e-01     3.399e-07     4.282e-07     1.781e+01     9.485e-06     4.572e+00      7.100000      8.000000      0.687436      0.754872     24.279583     12.797372      0.622807      0.689655     10.600000      0.754367     19.857777      0.083756      2.067952      1.972195      0.213250      6.138156      4.400000      5.200000      5.600000      6.800000      1.886923      1.653333      4.780600      5.127496      1.315451      0.390268      1.000000      2.200000     11.883333      9.683333     21.559723     35.731945      6.800000      7.800000      1.770128      1.834750      0.035221      9.200000      9.600000     22.400000     19.600000      7.482105      4.772632     27.673395     20.392303      0.605384     -0.527908     11.800000      9.000000      4.317791      2.660769      8.294453      2.461091     18.799999     31.400000      6.127368      8.158500      0.248959
  2            6006          8174                                               4.428e-04     2.079e-01     2.478e-08     2.226e-07     1.821e+01     2.945e-06     1.884e+01      8.300000      8.900000      0.765897      0.792564      9.224103     16.439728      0.775701      0.689922     13.700000      0.851582     18.577370      0.154698      3.497185      3.569666      0.077875     23.336140      2.000000      2.200000      1.000000      1.400000      0.184359      0.466923      0.116487      0.413896     -0.134697      0.635537      0.600000      1.000000      2.266667      9.700000     10.111111      0.450000      3.000000      2.000000      0.325641      0.401000      0.187928      3.600000      5.000000      3.600000      4.800000      1.025263      1.251579      1.000702      1.395082     -0.105869     -0.121187      3.400000      4.600000      2.605000      3.562338      3.452375      3.717150      8.000000      8.800000      1.138421      2.424000      0.530354
  1            1912          1316          2874         0.528          4583     8.401e-04     2.261e-01     1.840e-08     9.556e-07     4.118e+00     8.107e-06     5.585e+00      5.500000      5.700000      0.588590      0.630385      6.197885      4.289808      0.687500      0.730769      7.500000      0.665854      5.375886      0.153459      1.906821      1.899858      0.279188      0.783750      4.000000      2.800000      3.400000      1.800000      0.646474      0.312500      0.553162      0.255780     -0.713069     -0.538665      3.200000      1.600000      2.880000      3.200000     10.373000      1.500000      5.600000      5.000000      0.383590      0.660750      0.419463      3.400000      3.600000      3.400000      3.600000      0.978947      1.081053      1.194620      1.336792      0.143445      0.052068      3.000000      3.200000      3.873333      2.885714      1.507778      4.420408      6.200000      6.600000      1.030000      1.385000      0.256318
  2             291          6587                                               4.306e-04     2.317e-01     1.134e-07     3.215e-07     1.522e+01     9.770e-06     1.147e+01      1.700000      2.000000      0.144872      0.181795      0.520513      0.315385      0.708333      0.689655      3.000000      0.436456      5.617911      0.767455      2.201384      2.249060      0.297250     20.560749      1.000000      1.400000      0.000000      0.400000      0.000000      0.448077      0.000000      0.243589      0.000000      0.517371      0.000000      0.400000      0.000000      5.800000      0.000000      0.000000      1.600000      0.600000      0.089615      0.345000      0.740245      1.400000      1.000000      0.600000      0.000000      0.154737      0.000000      0.197744      0.000000     -0.141423      0.000000      0.600000      0.000000      1.000000      0.000000      0.000000      0.000000      2.400000      9.600000      0.077368      9.210000      0.991600
  2            6169          6428                                               1.031e-04     2.248e-01     2.730e-07     5.351e-07     5.619e+00     5.631e-06     9.925e+00      5.200000      4.600000      0.602179      0.635385      2.277500      2.663077      0.866667      0.901961      6.900000      0.702184      3.290997      0.209603      2.258119      2.069257      0.216500      3.365313      6.200000      5.600000     10.800000      9.400000      3.086923      2.724872     16.937946     13.929885      0.516306      0.356369      4.800000      3.400000      7.596894      5.954545     17.239559     21.241074     11.000000     14.200000      2.905897      3.912500      0.257279      6.600000      5.600000     15.000000      8.000000      5.702105      2.963158     28.056213      6.971478      1.164757      0.940835     13.000000      6.000000      5.563940      4.540000     12.924920      6.260750     12.000000     23.200001      4.332632     10.425000      0.584400
  2            3885          5209                                               9.337e-04     2.185e-01     2.781e-07     1.619e-07     1.077e+01     4.279e-07     1.145e+01      8.100000      8.600000      0.770513      0.815897      8.074920     28.012756      0.810000      0.679842     11.800000      0.847310     23.342180      0.118336      2.679237      3.016360      0.099937     21.830641      1.600000      1.000000      0.600000      0.000000      0.380769      0.000000      0.238990      0.000000      0.133595      0.000000      0.600000      0.000000      3.300000      0.000000      1.250000      0.000000      1.600000      0.600000      0.076154      0.100000      0.238462      1.400000      2.400000      0.400000      1.200000      0.098947      0.367368      0.066132      0.237299     -0.088355      0.033506      0.400000      1.200000      1.200000      2.000000      0.000000      0.100000      3.000000      2.000000      0.233158      0.730000      0.680606
  2            4242          9122                                               6.017e-04     1.057e-01     1.573e-06     1.670e-07     1.192e+01     9.491e-06     1.361e+01      5.900000      4.700000      0.669231      0.628333      2.854743      1.906218      0.880597      0.870370      7.300000      0.738987      3.470554      0.215479      2.352243      2.377810      0.173063      4.424812      2.000000      1.200000      1.000000      0.200000      0.237500      0.065385      0.164477      0.048346     -0.227900      0.032115      1.000000      0.200000      2.333333      1.200000      0.311111      0.000000      2.200000      1.200000      0.121154      0.135000      0.102564      5.600000      6.600000      7.000000     11.400000      2.263158      4.265263      4.559711     16.002428      0.135846      0.686206      4.000000      8.400000      3.381818      4.563151      3.321984      8.723539     12.000000     18.799999      3.264210      9.774500      0.666048
  1            9071           469          4991         0.652          5194     8.683e-04     1.116e-01     4.186e-08     3.379e-07     1.387e+01     9.816e-06     9.193e-01     10.200000     11.000000      0.841795      0.874231     11.913462     12.814487      0.790698      0.769231     12.900000      0.863291     12.435822      0.012064      1.906469      2.103698      0.131563      0.902000      4.600000      4.000000      4.200000      3.600000      1.365064      1.166987      2.027281      1.678501      0.274072      0.097403      1.000000      0.400000      6.200794      5.493333     12.699203     17.336445      5.200000      4.600000      1.012820      1.005000     -0.007782      9.400000      7.600000     20.600000     16.000000      7.872632      6.625263     40.387161     41.893833      1.361480      1.561179      6.800000      2.200000      5.933331      5.414248     13.615254      5.786798     15.400000     22.799999      7.248947      7.679500      0.056065
  2            8918          7754                                               8.020e-04     2.472e-01     7.554e-07     8.049e-07     1.218e+01     4.500e-07     1.383e+01     12.900000     11.300000      0.898718      0.872949     54.100368     22.563654      0.564551      0.655072     18.600000      0.920728     41.388000      0.072436      3.828197      3.707266      0.045250     13.987765      7.600000      6.400000     12.800000      9.200000      3.193077      2.527179     14.160246      6.716292      0.191940      0.263630      8.200000      4.600000      6.162069      7.135854     20.723404     36.703320     13.000000     17.400000      2.860128      3.623375      0.210645      2.000000      2.000000      1.200000      1.000000      0.630263      0.501316      0.458124      0.421742      0.714313      0.661776      1.200000      1.000000      3.933333      3.400000      2.511111      0.000000      3.600000      2.800000      0.452632      1.520000      0.702216
  1            9554          3177          5009         0.895          6472     4.011e-04     2.993e-01     1.261e-07     3.668e-07     2.584e+00     3.326e-06     1.147e+00     10.800000     10.100000      0.834744      0.861282     26.694519     23.506666      0.656535      0.613982     15.100000      0.878956     29.396765      0.066917      2.917798      2.951416      0.090875     18.224907      6.000000      5.800000      6.800000      7.600000      1.681026      1.939231      2.597718      3.290876      0.340661      0.415421      2.800000      3.600000      7.342393      7.950649     23.696398     23.006004      9.400000     10.400000      1.810128      1.995125      0.092724      5.000000      4.400000      6.000000      5.200000      2.077895      1.494737      3.363063      1.621175      0.641382     -0.048751      5.200000      4.400000      5.000000      2.650000      9.710657      2.576389      8.800000     10.400000      1.786316      2.577500      0.306958
  1            2010          2186          5086         0.263          5090     3.928e-04     1.552e-01     2.919e-08     4.468e-07     8.835e+00     2.116e-06     1.695e+01      4.200000      3.300000      0.491026      0.462692      1.110449      4.023910      0.857143      0.611111      5.100000      0.568703      3.236392      0.275691      1.873842      1.466509      0.341750      2.771750      1.400000      2.000000      0.400000      1.000000      0.160256      0.222650      0.107279      0.171493      0.008492     -0.313536      0.400000      1.000000      1.300000      2.466667      6.050000      0.044444      2.400000      1.400000      0.114872      0.140000      0.179487      2.000000      1.800000      1.200000      0.800000      0.676316      0.310526      0.456892      0.171206      1.106096      0.095349      1.200000      0.800000      6.666667      2.000000      2.844445      6.400000      3.000000      2.000000      0.394737      0.720000      0.451754
  1             291          4927          6098         0.411          6815     4.178e-04     1.102e-01     2.281e-07     2.768e-07     7.663e+00     3.354e-06     9.265e+00      2.000000      2.500000      0.226667      0.327179      0.324487      0.372821      0.909091      0.961538      3.600000      0.514051      0.936741      0.627642      2.400269      2.576150      0.254750      2.340375      1.000000      1.000000      0.000000      0.000000      0.000000      0.000000      0.000000      0.000000      0.000000      0.000000      0.000000      0.000000      0.000000      0.000000      0.000000      0.000000      1.000000      0.000000      0.000000      0.000000      0.000000      1.600000      1.800000      0.600000      0.800000      0.176316      0.310526      0.103829      0.188123     -0.198338      0.177733      0.600000      0.800000      1.100000      2.600000      2.450000      0.800000      3.200000      5.400000      0.194737      4.580000      0.957481
  2             923          3075                                               3.597e-04     1.301e-01     9.859e-08     3.839e-07     5.011e+00     9.830e-06     3.233e+00      3.400000      3.200000      0.514231      0.423974      0.758333      0.970833      0.894737      0.914286      4.900000      0.616646      2.589288      0.384235      2.524187      2.301020      0.239500      6.855813      1.800000      1.600000      0.800000      0.600000      0.156731      0.176603      0.131521      0.124823     -0.104579      0.001355      0.600000      0.400000      2.333333      3.400000      0.177778      0.000000      2.200000      1.200000      0.133333      0.135000      0.012346      2.800000      2.800000      1.800000      2.400000      0.565789      1.027632      0.424770      0.842363     -0.258880      0.443573      1.800000      2.400000      1.680000      2.840000      3.008000      1.552000      5.400000      8.600000      0.637368      5.310000      0.879968
  2            2663          7757                                               8.190e-04     1.223e-01     3.771e-06     9.185e-07     2.479e+00     6.753e-07     8.942e+00      6.400000      6.200000      0.738974      0.715769      3.799423      3.875353      0.836601      0.898551      9.900000      0.813671      8.560404      0.189697      3.026677      3.129103      0.102187     18.847782      3.200000      2.600000      2.200000      1.600000      0.560000      0.371282      0.583690      0.293468      0.006001     -0.019577      2.200000      1.600000      3.333333      5.600000     11.751111     29.100000      5.600000      4.800000      0.465641      1.990000      0.766010      2.400000      1.400000      1.600000      0.400000      0.584211      0.192982      0.391841      0.113784     -0.339678      0.019474      1.600000      0.400000      0.771429      1.600000      0.824490      0.000000      3.000000      2.200000      0.233158      0.630000      0.629908
  2            6289          6656                                               9.483e-04     1.238e-01     6.026e-06     4.196e-07     3.378e-01     3.689e-06     1.441e-01     12.300000     12.000000      0.860256      0.888462     28.572563     33.940338      0.702857      0.664820     19.100000      0.915854     46.592236      0.085715      3.923193      3.888502      0.043688     62.139172      4.000000      3.400000      4.200000      3.000000      0.822564      0.548205      1.179465      0.556160     -0.402108     -0.304540      3.800000      2.600000      3.545455      2.545455     13.212397      4.003306      6.800000      6.800000      0.685385      0.995000      0.311171      5.400000      6.400000      7.400000     13.600000      2.742105      3.982105      6.658530     24.871450      0.672595      0.087030      6.000000     12.200000      4.495555      3.485878      7.789346      3.120433     11.800000     20.600000      3.362105      7.680000      0.562226
  1            5403           534          2821         0.681          4569     3.828e-04     2.387e-01     1.879e-07     8.967e-07     1.099e+00     5.639e-06     1.134e+01      5.500000      5.400000      0.678590      0.661154      2.604984      2.718205      0.887097      0.870968      6.500000      0.679177      2.689869      0.025561      1.189475      1.204312      0.311750      0.244766      5.400000      5.000000      5.200000      4.600000      1.277436      1.178462      1.207602      1.260519      0.060856      0.398588      1.800000      1.200000      6.260000      7.288889     23.554127     19.238272      6.800000      6.400000      1.227949      1.243000      0.012109      6.400000      5.600000     12.000000     11.000000      3.746316      2.808421     19.065403     17.190966      0.303078     -0.424918      3.600000      2.600000      3.763846      2.730769      2.749926      2.326368      9.400000     14.600000      3.277368      6.166000      0.468477
  1            1100          4612          8759         0.608          9849     9.771e-04     2.728e-01     1.223e-06     8.258e-07     1.676e+00     6.459e-06     5.535e+00      6.300000      6.800000      0.705000      0.712436     11.950064     25.673765      0.572727      0.596491     11.000000      0.823101     35.064125      0.242238      3.745785      3.804514      0.065375     65.136826      2.000000      2.200000      1.000000      1.200000      0.243590      0.345192      0.195384      0.261357     -0.072135     -0.046402      0.800000      1.000000      3.200000      3.300000      0.533333      4.183333      3.200000      2.000000      0.235513      0.427000      0.448448      2.000000      2.200000      1.200000      1.400000      0.471579      0.375789      0.351679      0.331924      0.661803     -0.149001      1.200000      1.400000      4.200000      3.133333      2.533333      0.711111      4.000000      6.400000      0.423684      4.830000      0.912281
  1            4035           342          2457         0.676          4335     8.773e-04     1.324e-01     6.447e-07     9.391e-07     1.911e+01     6.652e-06     7.629e+00      9.200000     10.000000      0.823077      0.814487     14.157757     18.841539      0.800000      0.751880     11.400000      0.829778     16.601692      0.025251      1.867289      1.906650      0.159500      1.228063      3.200000      4.200000      3.800000      4.600000      0.925897      1.155641      1.867431      2.151906     -0.114803     -0.240999      0.200000      1.000000      3.874286      4.506667      7.292408      3.323111      4.600000      4.800000      1.040769      1.086250      0.041870      5.800000      4.800000      7.400000      6.000000      1.765263      1.428421      2.231930      2.386127     -0.421297     -0.554101      4.000000      2.600000      2.933810      2.580000      2.529681      2.977339      8.000000     10.000000      1.596842      1.735000      0.079630
  2            4045          4919                                               3.028e-04     2.942e-01     1.008e-07     8.349e-07     1.709e+01     8.580e-06     1.092e+01      7.100000      6.100000      0.705000      0.676538      8.529552      6.130513      0.676190      0.701149      9.100000      0.755949      8.323940      0.157220      2.277200      2.390958      0.180500      4.292438      5.200000      5.800000      6.400000      6.800000      1.290256      1.962821      2.025520      5.827227     -0.229358     -0.150671      4.600000      5.000000      5.656667      4.855556     23.799723     19.121605      9.800000     11.400000      1.626539      2.359000      0.310497      6.200000      4.600000     13.600000      5.600000      3.987368      1.069474     14.771094      1.488622      0.076282     -0.729260     12.600000      4.600000      3.542169      1.708485      5.231109      0.461761     10.800000     24.200001      2.528421     12.712000      0.801100
  1            8342          2767          6580         0.175          9917     5.697e-04     2.549e-01     9.213e-08     5.645e-07     9.525e+00     8.970e-06     4.088e+00      8.700000      9.000000      0.833205      0.812820     22.278574     13.625320      0.654135      0.728745     12.000000      0.847880     18.462622      0.056298      2.409407      2.386775      0.127875      2.914766      6.000000      6.800000      7.400000      6.800000      1.976410      1.413846      5.232646      1.665290      0.340250     -0.412643      4.400000      3.800000      6.988528      5.107857     21.196095     22.648048     10.600000     11.200000      1.695128      2.011000      0.157072      9.000000      7.000000     18.000000      9.800000      6.181053      2.492632     30.059048      5.177577      0.532915     -0.896834     14.000000      5.800000      3.933409      2.138961      6.652529      3.570008     15.600000     25.200001      4.336842     10.126000      0.571712
  2            7510          2500                                               9.953e-04     1.791e-01     6.806e-08     3.880e-07     1.240e+01     5.190e-06     6.055e+00     11.600000     11.700000      0.888462      0.875513     16.334743     19.849279      0.682353      0.759740     15.700000      0.904335     18.699253      0.047389      2.851451      2.796916      0.073875      3.303203      4.800000      4.600000      6.600000      5.800000      1.765705      2.497756      6.865611      9.513172     -0.197155      0.869888      2.000000      1.200000      4.447619      7.718182     18.483900     23.230165      7.200000      7.800000      1.705385      1.842250      0.074293      5.200000      4.400000      5.200000      4.000000      1.855263      1.488158      1.876608      1.699631     -0.009459      0.242819      4.600000      3.400000      3.133333      4.382143      8.929293      6.714477      9.200000      8.600000      1.337368      2.006000      0.333316
  2            4392          2230                                               1.407e-04     1.098e-01     1.004e-06     5.884e-07     1.629e+01     7.925e-06     1.131e+01      3.500000      3.500000      0.500385      0.466667      1.255449      1.514487      0.813953      0.813953      4.700000      0.538671      1.484098      0.183791      1.376584      1.232682      0.407562      0.460813      2.400000      2.200000      1.600000      1.200000      0.317436      0.177436      0.254011      0.137025     -0.520111     -0.474142      1.200000      0.800000      2.500000      1.800000      3.850000      4.933333      3.400000      2.400000      0.247436      0.378250      0.345840      5.400000      5.200000      5.200000      5.000000      1.163158      1.246316      1.157510      1.342601     -0.811081     -0.274719      5.000000      4.800000      2.112857      3.364286      2.417745      4.532194     10.200000     10.400000      1.204737      2.128000      0.433864
  1             485          2884          3980         0.229          5182     4.674e-04     2.779e-01     5.132e-06     2.560e-07     1.388e+01     4.273e-06     1.470e+00      2.400000      3.000000      0.328590      0.414487      2.474744      1.179231      0.539326      0.566038      4.400000      0.558418      5.627342      0.497668      2.458509      2.622789      0.259375     15.102750      1.200000      1.000000      0.200000      0.000000      0.050000      0.000000      0.047561      0.000000     -0.224821      0.000000      0.200000      0.000000      0.200000      0.000000      0.000000      0.000000      1.200000      0.200000      0.005000      0.005000      0.000000      1.800000      1.400000      1.000000      0.400000      0.367105      0.186842      0.304490      0.103008      0.000335      0.152747      1.000000      0.400000      1.400000      1.000000      1.200000      0.800000      2.800000      2.600000      0.221579      1.650000      0.865710
  2            7383          6152                                               2.167e-04     1.390e-01     3.731e-06     6.551e-07     1.892e+01     9.400e-07     1.479e+00      6.500000      6.400000      0.733718      0.686282      3.688894      3.730817      0.890411      0.941176      8.400000      0.782089      3.892405      0.167882      2.348045      2.225476      0.147625      0.906563      5.000000      3.400000      5.800000      4.000000      1.713846      1.108974      3.092907      2.838290      0.194076      0.102584      3.400000      1.600000      5.328846      4.538889     22.718275     10.318364      7.400000      7.400000      1.411410      1.916000      0.263356      2.400000      3.200000      1.800000      3.200000      0.722368      0.601316      0.758807      0.812023      0.306368     -0.899788      1.800000      3.200000      3.660000      1.555000      1.522000      2.024875      5.200000      5.200000      0.529474      1.700000      0.688545
  2             148          5172                                               8.017e-04     2.918e-01     6.648e-08     7.205e-07     3.317e+00     6.330e-06     8.908e+00      2.200000      2.300000      0.302179      0.347949      0.339151      1.809423      0.862745      0.638889      4.100000      0.647848     17.233904      0.662633      3.458991      3.556951      0.037437     63.884205      1.000000      1.000000      0.000000      0.000000      0.000000      0.000000      0.000000      0.000000      0.000000      0.000000      0.000000      0.000000      0.000000      0.000000      0.000000      0.000000      1.400000      0.400000      0.000000      0.400000      1.000000      1.000000      1.200000      0.000000      0.200000      0.000000      0.101053      0.000000      0.050259      0.000000      0.286048      0.000000      0.200000      0.000000      1.600000      0.000000      0.000000      2.200000      3.800000      0.050526      3.720000      0.986418
  2            7110          7861                                               5.112e-04     2.072e-01     5.495e-08     5.274e-07     1.364e+01     1.650e-07     1.175e+01      6.900000      7.700000      0.704103      0.727051      7.441218      6.355705      0.754098      0.810526     10.200000      0.809114      8.256361      0.204443      2.837189      2.741039      0.099688      5.708625      4.400000      5.400000      4.400000      5.800000      1.336154      1.612564      1.184138      2.048058      0.883463      0.718959      2.600000      4.000000     10.216666      8.541667     20.737499     21.239931      8.800000      8.400000      1.474359      2.214000      0.334075      2.200000      2.200000      1.400000      1.400000      0.534211      0.681579      0.470997      0.569939      0.152716      0.544959      0.800000      0.800000      2.300000      4.100000      0.983333      1.450000      3.200000      2.200000      0.486316      0.575000      0.154233
  2            9396          9885                                               6.695e-04     1.835e-01     3.487e-07     5.336e-07     9.991e+00     5.651e-07     1.025e+01     10.200000     10.500000      0.828846      0.838333     34.172245     19.892805      0.643533      0.763636     15.700000      0.878703     30.293747      0.096461      3.105689      3.262453      0.077312     14.233453      4.000000      4.800000      3.800000      4.000000      0.747692      1.075128      0.869647      1.183555     -0.242435      0.241747      2.800000      3.000000      4.977778      4.945000      6.727160     20.306541      8.000000      6.800000      0.911410      1.428000      0.361758      2.800000      2.400000      2.200000      1.600000      0.860526      0.818421      0.718894      0.742426      0.188279      0.814272      2.200000      1.600000      3.766667      5.433333      9.694445      5.894444      4.600000      3.800000      0.671579      1.200000      0.440351
  2            4622            60                                               3.016e-04     2.365e-01     1.846e-08     2.851e-07     1.598e+01     4.186e-06     1.263e+01      6.000000      6.400000      0.747949      0.733718      5.005192      4.732051      0.779221      0.780488      6.900000      0.740443      4.846693     -0.000805      1.265417      1.250965      0.259937      0.156813      3.400000      2.800000      2.400000      1.800000      0.372308      0.369744      0.263891      0.244760     -0.414051     -0.044914      0.600000      0.000000      5.916667      7.233333      5.081944      3.694444      3.400000      2.400000      0.371026      0.367750     -0.008907      4.600000      5.800000      8.200000      8.600000      3.005263      3.015790     11.379165      8.436932      1.000442      0.563438      1.800000      2.200000      5.104762      4.703567      3.727098      5.458689      8.000000     10.400000      3.010526      3.065000      0.017773
  2            8766          7524                                               9.813e-04     1.413e-01     4.963e-06     1.566e-07     1.855e+01     6.442e-06     1.164e+01     13.400000     13.300000      0.899359      0.902949     24.885626     23.906042      0.722372      0.808511     20.900000      0.930538     32.437492      0.060128      3.800322      3.964897      0.040812     32.984344      3.200000      4.200000      2.400000      4.200000      0.615641      0.624615      0.544830      0.683423      0.115064     -0.724784      2.000000      3.800000      6.400000      3.065714      5.700000     14.269836      6.400000      6.200000      0.620128      0.861250      0.279967      9.000000      9.800000     19.799999     24.000000      7.830526      7.470526     38.423397     37.915028      1.496917      0.214000     11.400000     15.600000      6.468791      3.451149     13.364888      4.147753     18.799999     40.200001      7.650527     20.375999      0.624532
  2             165          7819                                               8.438e-04     1.184e-01     2.206e-07     8.426e-07     1.206e+01     6.344e-06     1.695e+01      1.900000      2.300000      0.187308      0.234872      0.192436      0.213333      0.863636      0.884615      3.700000      0.596899      2.874937      0.783037      3.312977      3.508097      0.026937     10.564750      1.000000      1.200000      0.000000      0.200000      0.000000      0.012500      0.000000      0.011890      0.000000     -0.224821      0.000000      0.200000      0.000000      0.200000      0.000000      0.000000      2.000000      3.600000      0.005000      3.405000      0.998532      2.200000      1.200000      1.400000      0.200000      0.369474      0.037895      0.384222      0.030877     -0.044168     -0.118310      1.400000      0.200000      2.566667      0.400000      0.227778      0.000000      3.400000     13.800000      0.203684     13.310000      0.984697
  1            8760          2422          4576         0.573          9195     8.746e-04     1.734e-01     6.866e-07     2.744e-07     1.919e+01     3.377e-06     1.037e+01     12.400000     11.900000      0.855385      0.842821     26.894793     21.620752      0.692737      0.710448     17.200001      0.870253     25.654091      0.047433      3.026308      2.895014      0.109125      6.728344      1.800000      1.600000      0.800000      0.600000      0.113248      0.123932      0.089417      0.097253     -0.304979     -0.344010      0.800000      0.600000      0.350000      0.900000      0.137500      0.450000      2.400000      1.400000      0.071154      0.075000      0.051282      7.200000      5.000000     14.800000      5.000000      5.186316      1.384210     16.807970      1.378385      0.891076     -0.008839     13.600000      3.800000      4.431255      3.323810      5.857973      5.218594     11.800000     18.600000      3.285263      7.221000      0.545040
  2            8056          6856                                               8.338e-04     2.640e-01     2.716e-08     1.933e-08     6.309e+00     3.736e-06     3.759e+00     10.500000     10.500000      0.829231      0.792692     22.310577     21.832293      0.697674      0.704698     14.100000      0.845158     25.537971      0.076551      2.786234      2.817489      0.121500     14.796391      1.400000      1.800000      0.400000      0.800000      0.188034      0.388889      0.106031      0.284462      0.075421      0.232503      0.200000      0.600000      1.600000      4.500000      7.200000      4.050000      2.000000      1.000000      0.173077      0.188000      0.079378      5.000000      6.200000      6.800000      9.800000      1.953684      2.661053      4.828059      7.434308     -0.137044     -0.002975      5.200000      8.200000      2.943956      3.586434      2.511768      4.603415     11.000000     18.200001      2.307369      7.997000      0.711471
  1            9200          1541          8109         0.618          8769     4.293e-04     1.703e-01     2.499e-08     6.518e-07     9.790e+00     6.863e-06     8.308e+00     10.700000      9.900000      0.860000      0.837821     26.134151     30.391586      0.710963      0.680412     14.000000      0.873544     28.925713      0.054677      2.643118      2.630771      0.102438      4.031375      9.800000     11.200000     14.000000     15.200000      4.050513      3.954872      8.451703      9.890816      0.844703      0.540973      4.600000      5.800000      8.292821      7.676667     26.977390     24.944601     17.799999     19.799999      4.002692      4.352625      0.080396     10.000000     10.200000     18.000000     16.000000      5.081053      3.924211     10.541816      8.099526      0.264152     -0.532360     10.400000      8.400000      4.331111      2.963976      3.171721      5.788162     19.400000     26.400000      4.502632      5.427000      0.170328
  1            9017           266          2475         0.324          8736     8.991e-04     2.558e-01     3.238e-06     8.868e-07     1.972e+01     4.447e-06     1.896e+01     12.900000     12.000000      0.890385      0.855897     18.796379     23.554359      0.761062      0.718563     16.100000      0.882373     21.840719      0.020216      2.550093      2.263589      0.108625      3.686906     12.200000     11.200000     21.200001     19.400000      5.167692      5.342052     16.195850     18.488491      0.385065      0.595919      3.400000      1.600000      7.425387      6.960290     23.209225     16.095449     16.200001     22.799999      5.254872      5.331750      0.014419      6.200000      6.000000     11.200000     10.400000      4.000000      3.780000     13.064249     12.518624      0.779259      0.938793      2.400000      1.600000      5.536667      5.563000     16.621056     11.667511      8.800000     12.800000      3.890000      3.878500     -0.002965
  2            6110          5968                                               9.436e-04     2.722e-01     1.057e-07     5.643e-08     1.975e+01     8.827e-06     4.532e+00     11.100000     10.500000      0.881282      0.842051     17.958014     20.476650      0.716129      0.697674     16.200001      0.893797     24.178524      0.068974      3.304915      3.208059      0.074875     20.557579      2.200000      1.800000      1.400000      1.000000      0.290769      0.340513      0.355173      0.473881     -0.424672      0.208985      0.800000      0.400000      2.650000      4.133333      5.137500      0.044444      2.600000      1.800000      0.315641      0.321500      0.018224      8.200000      7.800000     11.400000     14.000000      3.772632      5.093684      7.330103     23.521709      0.589286      0.599853      8.200000     10.800000      4.103467      4.754624      7.354745     10.418146     15.800000     25.400000      4.433158     12.438500      0.643594
  1            8822          1278          6059         0.400          6813     6.208e-04     2.920e-01     2.521e-08     7.088e-07     1.589e+01     8.097e-06     1.239e+01     10.400000     10.100000      0.837821      0.836923     20.211090     18.357805      0.677524      0.613982     14.100000      0.859146     19.627052      0.049224      2.532153      2.543000      0.119625      2.317516     10.200000     11.800000     14.400000     16.799999      4.035128      4.001026     12.347050     11.163198      0.476913     -0.132760      4.600000      7.000000      7.186429      5.684848     33.662014     28.767860     17.400000     21.400000      4.018077      4.162625      0.034725     12.000000     10.000000     25.000000     23.600000      8.306315      8.554737     47.648495     44.971291      0.739538      1.130519      8.400000      7.000000      4.277767      4.658720      8.273197      6.104775     20.799999     32.000000      8.430527      8.512000      0.009572
  2            6883           793                                               4.271e-04     2.409e-01     1.420e-07     3.253e-07     1.687e+01     8.957e-06     1.407e+01      9.400000      9.800000      0.779231      0.746026     15.104808     16.811731      0.657343      0.765625     12.200000      0.775981     16.206234      0.032836      2.028980      1.994990      0.211000      1.777375      3.200000      2.600000      2.200000      1.600000      0.340513      0.271282      0.238519      0.189987     -0.397747     -0.421153      1.400000      0.800000      4.880000      3.200000     11.648000      7.900000      4.000000      3.000000      0.305897      0.333000      0.081389      9.400000      8.200000     13.000000     10.600000      2.906316      1.867368      6.011222      3.491952     -0.940770     -1.288864      9.000000      6.600000      1.993166      1.890000      1.012410      2.495437     16.600000     19.600000      2.386842      2.680500      0.109553
  1            9183           560          1865         0.576          3152     5.364e-04     1.626e-01     7.363e-07     3.876e-08     9.261e-01     4.438e-06     1.173e+01      9.900000     10.100000      0.858846      0.863974      8.082115      9.483253      0.904110      0.897778     11.800000      0.867880      8.745613      0.014348      1.942858      1.969027      0.125813      0.292703      2.000000      1.200000      1.000000      0.200000      0.185470      0.032479      0.151791      0.029352     -0.486337     -0.167205      0.800000      0.000000      1.800000      0.400000      0.100000      0.000000      2.000000      1.000000      0.065385      0.067000      0.024110      4.800000      4.400000      7.800000      6.600000      2.469737      2.621053      8.621408      9.079101     -0.287271     -0.023732      2.800000      1.600000      2.313846      2.477647      1.835580      2.440913      7.000000      9.400000      2.036316      2.073000      0.017696
  1            1028          2936          5868         0.615          8422     9.515e-04     1.555e-01     4.534e-08     6.420e-07     2.639e+00     3.640e-06     1.217e+01      5.400000      5.400000      0.641282      0.660641      3.426603      2.665577      0.843750      0.857143      7.700000      0.712943      4.026108      0.158082      2.113520      2.194947      0.226625      4.023375      2.000000      1.800000      1.000000      0.800000      0.161538      0.208974      0.122870      0.144209     -0.361534     -0.160284      1.000000      0.800000      1.133333      2.600000      1.111111      3.200000      3.000000      2.000000      0.148205      0.370000      0.599446      2.000000      1.600000      1.000000      0.600000      0.265789      0.219737      0.229379      0.214042     -0.338576     -0.053863      1.000000      0.600000      1.333333      1.200000      0.577778      0.200000      3.200000      2.800000      0.194211      1.510000      0.871384
  2            8196           813                                               7.012e-04     2.899e-01     1.422e-07     1.755e-07     1.886e+01     5.827e-06     7.731e+00      9.800000     11.100000      0.794487      0.835897     18.367035     21.740320      0.653333      0.740000     13.600000      0.829652     20.724094      0.033840      2.094025      2.296976      0.156250      3.650828      3.600000      3.600000      3.000000      3.400000      0.862051      0.892051      0.853219      0.988333      0.373892      0.052673      0.800000      1.200000      6.600000      6.725000     23.088888     35.977432      4.600000      4.200000      0.877051      0.891000      0.015655      5.800000      4.200000     12.000000      9.600000      2.997895      3.713684     11.231167     16.264917     -0.438044      1.263635      4.600000      2.200000      2.878144      5.094416      1.906495      3.563264      8.200000     14.200000      3.355789      3.536500      0.051099
  2             178          9773                                               4.944e-04     2.357e-01     5.969e-07     2.235e-07     4.112e+00     5.740e-07     8.170e+00      2.100000      1.800000      0.279615      0.179103      0.308654      0.537372      1.000000      0.720000      3.700000      0.614494      4.110728      0.769072      3.746350      3.491184      0.010000     14.587625      1.000000      1.200000      0.000000      0.200000      0.000000      0.012500      0.000000      0.011890      0.000000     -0.224821      0.000000      0.200000      0.000000      0.200000      0.000000      0.000000      2.000000      1.200000      0.005000      1.005000      0.995025      1.200000      1.000000      0.200000      0.000000      0.239474      0.000000      0.125439      0.000000      0.252352      0.000000      0.200000      0.000000      1.400000      0.000000      0.000000      0.000000      1.400000      0.400000      0.047895      0.270000      0.822612
  1            4570          5234          6481         0.278          7426     6.328e-04     1.695e-01     2.255e-07     3.007e-07     6.410e+00     5.745e-06     2.634e+00      8.300000      9.500000      0.701923      0.828462     10.268205     21.959488      0.734513      0.650685     12.500000      0.841582     21.369619      0.164545      2.799820      3.143978      0.083938     21.566000      2.400000      3.400000      1.800000      2.800000      0.513141      0.614423      0.588269      0.542425     -0.187886     -0.496125      1.200000      2.200000      1.600000      2.920000      7.150000      9.908000      4.800000      4.000000      0.451026      0.585375      0.229510      5.600000      6.000000      8.200000     10.800000      2.791579      3.030526      7.258134      8.431251      0.257875     -0.115340      6.400000      9.000000      3.953333      3.219144      6.481492      3.320509     11.400000     17.799999      2.911053      6.823500      0.573378
  2             942          8733                                               3.264e-04     1.248e-01     1.432e-08     4.409e-07     1.444e+01     9.671e-06     1.330e+01      3.600000      3.200000      0.464103      0.474231      1.130962      0.883013      0.900000      0.888889      5.300000      0.645063      4.023386      0.425303      2.542161      2.688716      0.183437     11.965125      1.800000      1.200000      0.800000      0.200000      0.270256      0.044872      0.148850      0.034849      0.366007     -0.013044      0.800000      0.200000      5.900000      1.000000      0.050000      0.000000      2.400000      1.400000      0.157564      0.625000      0.747897      3.200000      2.200000      2.400000      1.400000      0.527368      0.510526      0.426516      0.380167     -0.353104      0.521273      2.400000      1.400000      3.400000      3.933333      1.700000      5.155556      5.400000     14.600000      0.518947     11.800000      0.956021
  1            2193           136           207         0.244          5303     2.240e-04     2.145e-01     1.505e-07     4.492e-07     1.927e+01     1.364e-06     1.583e+01      4.000000      4.400000      0.565641      0.587949      1.801282      1.866667      0.833333      0.800000      4.900000      0.580000      1.832816      0.012693      0.845412      0.882505      0.416875      0.087125      1.600000      1.600000      0.600000      0.600000      0.226923      0.267949      0.167419      0.177147     -0.278111     -0.104709      0.200000      0.200000      1.100000      0.800000      0.450000      0.933333      1.800000      0.800000      0.098974      0.097250     -0.017731      3.600000      2.800000      6.400000      5.400000      1.925000      3.161842      7.669068     12.426476     -0.252176      1.294742      1.400000      0.400000      2.613853      4.847071      3.763976      1.465083      4.600000      6.800000      2.034737      2.349000      0.133786
  1            8009           248          4156         0.300          8468     9.093e-04     1.154e-01     1.507e-06     9.063e-07     5.646e+00     6.896e-06     2.138e+00     11.600000     12.500000      0.862308      0.890769     26.584791     32.483383      0.664756      0.651042     15.700000      0.885633     29.647650      0.019593      2.362912      2.540242      0.105500      1.925281      8.000000      7.400000     12.000000     11.200000      3.906923      3.539487     19.760004     20.092377      0.712174      0.608577      2.000000      1.200000      8.257204      7.466667     36.481529     22.940001     10.000000     13.200000      3.723205      3.753250      0.008005      8.600000      9.200000     10.400000     11.200000      2.797895      2.610526      2.829284      3.157917     -0.049028     -0.695303      3.600000      4.400000      3.398077      2.444575      2.961383      5.078736     15.200000     14.800000      2.704211      2.883500      0.062178
  1            5592           257          1321         0.279          6675     9.775e-04     1.546e-01     4.568e-07     3.189e-07     4.730e+00     7.220e-07     1.330e+01     12.100000     12.200000      0.849615      0.861282     30.083574     27.034679      0.691429      0.697143     15.000000      0.861899     28.651041      0.014508      2.188488      2.269863      0.131812      1.791016      3.400000      3.400000      2.600000      2.600000      0.564872      0.550769      0.532234      0.456117     -0.180191     -0.303829      0.800000      0.800000      5.366667      4.416667     13.005555     23.165277      4.200000      3.400000      0.557820      0.558500      0.001217      1.800000      2.200000      1.600000      2.000000      1.300000      1.487719      2.056669      2.239525      0.774805      0.775637      0.000000      0.400000      3.342857      3.942857      0.612245      4.212245      2.200000      2.000000      0.836316      0.818000     -0.022391
  2            8290          3065                                               3.963e-04     2.345e-01     4.194e-07     2.221e-07     5.609e+00     9.338e-06     1.174e+01      7.900000      7.600000      0.793077      0.793718      7.953205      5.961410      0.831579      0.873563      9.400000      0.829684      7.310475      0.082893      2.134804      2.045594      0.134937      1.742875      2.200000      2.600000      1.200000      1.600000      0.369487      0.397436      0.239049      0.244170      0.350855      0.196650      0.800000      1.200000      5.500000      6.033333     20.049999     16.161112      3.400000      2.400000      0.383462      0.531000      0.277850      9.800000      9.200000     17.600000     19.000000      5.555789      5.258947     13.173078     18.285269      0.503720     -0.316783      9.800000     11.200000      3.874590      2.892760      5.436482      4.019834     18.799999     28.799999      5.407368      8.332500      0.351051
  2            5264          9291                                               4.467e-04     2.132e-01     3.726e-08     2.866e-07     4.346e+00     4.823e-06     9.148e-01      8.000000      7.600000      0.780000      0.733590     22.385576      9.636731      0.601504      0.706977     12.100000      0.836329     19.278830      0.171112      3.291285      3.193151      0.086125     13.707875      2.400000      2.000000      1.400000      1.200000      0.349145      0.571368      0.249544      0.494731     -0.444162      0.231605      1.400000      1.200000      2.066667      4.566667      5.244444      1.161111      3.400000      2.600000      0.276154      0.440000      0.372378      5.000000      5.600000      5.200000      5.800000      1.615790      1.298947      2.195595      1.481727      0.523156     -0.502059      4.600000      5.200000      5.100000      2.774286      9.901556      1.464630     10.600000     16.799999      1.457368     10.122500      0.856027
  1            2513          1896          6801         0.131          7678     8.020e-04     2.912e-01     1.925e-08     7.723e-07     1.351e+01     8.433e-06     8.201e+00      6.500000      5.800000      0.651538      0.610897      4.182500      2.451539      0.812500      0.920635      8.200000      0.677468      3.851820      0.126373      2.156470      1.818715      0.277438      2.278312      2.600000      2.600000      2.400000      2.800000      1.091026      1.507692      1.862722      4.261687      0.229452      0.232767      1.200000      1.600000      4.450000      4.177778      9.212500     10.901235      3.800000      4.000000      0.779615      0.832500      0.063525      3.600000      5.000000      3.400000      4.200000      0.867368      1.358947      0.848187      1.475706     -0.016399      0.274506      3.000000      3.800000      3.220000      4.188095      4.626889      6.878339      8.600000     15.000000      1.113158     10.343500      0.892381
  2            3128          7654                                               3.471e-04     2.956e-01     9.275e-08     2.095e-07     9.707e+00     2.542e-06     8.863e+00      7.000000      6.800000      0.726410      0.786410     11.159808      7.461474      0.736842      0.731183     10.100000      0.822120     16.909208      0.147071      2.579309      2.867098      0.113812     30.479876      2.200000      1.800000      1.400000      0.800000      0.591667      0.162821      0.467106      0.096614      0.640576     -0.384519      1.400000      0.800000      7.600000      2.200000      3.400000     12.800000      3.600000      2.600000      0.301795      0.870000      0.653109      3.200000      2.600000      3.000000      2.200000      0.728947      0.738158      1.183208      0.783911     -0.749180     -0.114316      3.000000      2.200000      1.600000      2.453333      0.688889      1.159111      5.600000      8.000000      0.586842      4.330000      0.864471
  1            6811           694          1259         0.896          4453     6.785e-04     1.400e-01     2.120e-06     8.896e-07     1.339e+01     7.443e-06     4.732e+00      8.800000      8.800000      0.759872      0.738974      7.311138      6.864567      0.893401      0.926316     10.800000      0.756361      7.116685      0.017716      1.824161      1.844725      0.236875      0.468281      6.600000      6.400000      7.600000      7.000000      1.743333      1.406923      2.382108      2.062671     -0.087368     -0.270079      3.000000      2.400000      5.555385      5.482857     27.323431     20.688530      9.200000     10.000000      1.575128      1.643000      0.041310     10.200000      8.000000     18.400000     17.400000      6.503158      2.410526     29.197527     16.654146      0.969723     -1.945996      6.600000      5.600000      4.134502      1.306788      4.624060      0.924217     17.200001     24.000000      4.456842      5.689000      0.216586
  1            4689           347           866         0.252          8774     7.890e-04     1.655e-01     2.535e-07     4.045e-07     1.882e+01     7.321e-06     7.556e+00      9.900000     10.000000      0.834744      0.814872     23.550898     26.600193      0.634615      0.657895     12.700000      0.838608     25.193022      0.030912      2.186052      2.237656      0.147938      1.717813      4.000000      5.200000      3.200000      4.600000      0.892051      1.152051      0.754873      0.948042      0.448151      0.087347      0.200000      1.600000      7.300000      5.900000     16.338888     20.163889      5.600000      4.800000      1.022051      1.027625      0.005424     10.400000      9.200000     24.400000     11.600000      6.367368      3.329474     56.148365      3.873690     -0.316619      0.101839     18.799999      6.000000      2.730074      3.565128      1.506326      5.752826     18.400000     30.400000      4.848421      5.250000      0.076491
  2            7994          9946                                               9.322e-04     1.289e-01     6.663e-08     5.096e-07     1.414e+00     4.379e-06     9.414e+00     11.600000     11.100000      0.854615      0.851795     14.127228     14.168077      0.800000      0.816176     15.700000      0.887437     18.123272      0.073830      3.175813      3.015258      0.079187     16.411077      6.400000      6.400000     12.600000     10.800000      3.554103      3.444359     13.925199     12.163471      0.478909      0.822298      8.200000      6.400000      6.818610      8.393917     21.758116     34.634617     11.800000     19.000000      3.499231      5.383250      0.349978      8.400000      7.000000     14.000000     10.600000      4.298947      3.189474     14.840424     15.183826      0.187020     -0.181350     10.200000      6.800000      4.385516      3.072356     13.140287      4.226936     15.400000     23.400000      3.744210      9.653000      0.612119
  2            7866          7651                                               6.214e-04     1.440e-01     1.654e-06     7.493e-07     1.558e+01     7.183e-06     1.319e+01      9.800000     10.100000      0.847308      0.857821     12.406523     13.074086      0.809917      0.653722     13.600000      0.882690     16.467192      0.065738      2.838058      2.683759      0.087937     15.358219      7.400000      7.200000      8.400000      8.800000      1.892820      1.687436      2.564389      3.972581     -0.153452     -0.507757      6.800000      7.200000      5.956325      4.503846     24.660946     10.107224     14.200000     15.600000      1.790128      2.795625      0.359668      7.400000      8.400000     11.400000     14.000000      3.561053      2.765263      6.287948      5.847502      0.347439     -1.113389      9.000000     11.600000      4.101026      2.077919      6.992388      1.532581     15.800000     27.200001      3.163158     10.718000      0.704874
  2            8314          2347                                               9.625e-04     1.751e-01     1.100e-08     8.497e-07     1.502e+01     7.243e-07     1.901e+01     10.700000     11.500000      0.854615      0.851282     18.568302     31.595385      0.683706      0.680473     14.900000      0.869082     27.916670      0.036519      2.486289      2.592145      0.115188     12.451656      8.200000      9.800000      9.400000     11.000000      1.981282      2.273077      2.559429      2.995417     -0.336779     -0.312971      4.000000      5.600000      5.568578      5.128179     30.129423     14.975165     14.400000     15.000000      2.127179      2.517625      0.155085      3.800000      3.600000      6.200000      5.800000      2.383158      1.323158      5.471467      2.719170      1.208996     -0.646463      2.200000      1.800000      5.666667      2.907143      3.590023      7.617205      5.600000      8.000000      1.853158      2.448000      0.242991
  1            4682          1455          1772         0.194          4195     7.214e-04     2.425e-01     7.120e-07     3.565e-07     1.333e+01     4.169e-07     7.570e+00      9.200000      8.600000      0.816795      0.780769      6.478173      6.960433      0.929293      0.860000     10.900000      0.821234      7.072702      0.052241      2.141499      2.096816      0.156875      1.731891      2.400000      2.400000      1.600000      1.800000      0.657051      0.531090      0.810739      0.568302      0.500889     -0.192847      0.400000      0.600000      6.650000      3.920000      5.787500     11.168000      3.000000      2.200000      0.475256      0.508000      0.064456      1.200000      1.800000      0.200000      0.800000      0.078947      0.208421      0.048037      0.149273      0.144523     -0.109318      0.200000      0.800000      1.000000      2.400000      0.000000      0.000000      2.000000      1.000000      0.143684      0.170000      0.154799
  1            9210           514          7675         0.621          9682     9.506e-04     1.971e-01     6.801e-08     4.892e-07     1.918e+01     7.367e-06     1.003e+01     14.000000     13.000000      0.899744      0.895897     53.262852     42.369328      0.599572      0.603248     18.299999      0.906646     48.337807      0.019034      2.773593      2.669825      0.084750      4.451594      5.400000      4.800000      6.000000      5.200000      1.629487      1.515385      2.207216      1.949275      0.442168      0.753250      1.400000      0.600000      7.302222      8.887619     23.151457     22.620663      6.200000      6.600000      1.572436      1.581500      0.005731      8.200000      6.800000     12.200000     11.600000      3.566316      3.262105      6.197393      6.687201      0.253673     -0.005309      5.600000      5.000000      4.123835      3.429412      8.735779      6.491738     13.200000     17.200001      3.414211      3.602000      0.052135
  1            1637          1620          1804         0.059          9317     9.054e-04     2.733e-01     3.805e-07     1.065e-07     3.513e-01     4.617e-06     1.149e+01      6.500000      6.600000      0.766282      0.697308      2.994872      3.674936      0.822785      0.846154      8.800000      0.803006      4.563434      0.161152      2.454411      2.378378      0.127562      5.019437      1.400000      1.000000      0.400000      0.000000      0.050000      0.000000      0.047561      0.000000     -0.449643      0.000000      0.400000      0.000000      0.400000      0.000000      0.000000      0.000000      1.400000      0.400000      0.010000      0.010000      0.000000      2.400000      3.600000      2.200000      3.000000      0.809211      1.172368      1.312385      1.120544      0.054076      0.212675      2.200000      3.000000      2.693333      2.636667      1.089778      4.119945      5.800000      7.800000      0.792632      4.100000      0.806675
  2            8569          1719                                               8.821e-04     1.327e-01     5.000e-06     5.045e-07     1.763e+01     4.350e-06     9.917e+00     12.200000     12.100000      0.886538      0.888077     18.343575     17.332741      0.757764      0.758621     16.299999      0.898006     18.336605      0.023265      2.672235      2.667887      0.091563      2.860781      4.000000      6.200000      6.600000      9.000000      2.423590      2.910769     10.143579     11.132513      0.846079      0.322857      0.800000      3.200000      6.709524      6.755088     23.318117     25.739748      7.600000      9.800000      2.667180      2.825250      0.055949      8.800000      6.000000     12.600000     14.200000      2.711579      6.071579      3.976642     35.358307     -0.804682      1.769791      8.400000     10.000000      2.416467      6.225753      2.728755      3.444954     14.400000     22.600000      4.391579      6.105000      0.280659
  2            6255           441                                               6.864e-04     2.362e-01     4.956e-06     7.092e-07     1.982e+01     9.447e-06     4.521e+00     12.200000     11.400000      0.874615      0.856410     35.669086     35.647820      0.734940      0.723810     15.500000      0.878259     36.009663      0.027880      2.509912      2.384475      0.109312      3.170203      5.200000      4.800000      5.600000      5.000000      1.154359      1.135897      1.581148      1.266324     -0.430324     -0.221557      1.800000      1.200000      4.676190      4.109524     20.824944     11.917801      6.800000      6.800000      1.145128      1.187750      0.035884      8.200000     10.000000     22.600000     22.000000      6.897895      7.813684     36.384869     27.278635      0.214871      0.753064      6.200000      5.600000      3.672107      4.316792      8.629814      9.771066     16.200001     28.200001      7.355790      7.436000      0.010787
  1             340           633          3384         0.823          9446     7.820e-04     1.981e-01     9.424e-08     3.303e-07     4.603e+00     1.054e-06     1.298e+01      2.400000      3.400000      0.289872      0.460641      0.392436      0.674936      0.857143      0.971429      4.400000      0.524525      1.038244      0.438387      1.706178      2.124682      0.329937      2.019687      1.000000      1.400000      0.000000      0.400000      0.000000      0.096154      0.000000      0.084887      0.000000     -0.337525      0.000000      0.400000      0.000000      0.800000      0.000000      0.000000      1.400000      0.400000      0.019231      0.020000      0.038462      1.200000      1.400000      0.200000      0.400000      0.094737      0.421053      0.077193      0.236146     -0.118310      0.231552      0.200000      0.400000      0.400000      1.200000      0.000000      0.800000      1.800000      0.800000      0.103158      0.380000      0.728532
  2            5211          7977                                               1.150e-04     1.448e-01     1.784e-06     9.262e-07     5.813e+00     4.994e-06     1.919e+01      4.300000      4.500000      0.599615      0.563590      1.391635      1.577404      0.977273      0.957447      6.200000      0.678892      1.944454      0.247598      2.118710      2.052531      0.226250      1.890969      6.200000      5.600000      6.600000      7.200000      1.256410      1.790769      1.307018      3.675458     -0.459370     -0.127708      5.000000      5.600000      4.614950      5.364102     10.278276     24.532873     10.800000     12.400000      1.523590      2.808750      0.457556      5.600000      4.000000      8.400000      4.600000      2.627368      1.033684      8.686394      1.187123      0.348905     -0.571476      7.200000      3.400000      4.086667      1.793333      4.107778      1.739778      9.400000     16.400000      1.830526      8.945000      0.795358
  2             531            37                                               7.242e-04     1.317e-01     6.536e-07     1.363e-07     1.140e+01     1.271e-07     9.974e+00      3.800000      4.000000      0.560385      0.516410      1.108333      0.990449      0.950000      0.975610      4.400000      0.548924      1.133180      0.037960      0.910454      0.900448      0.440812      0.383438      1.400000      1.400000      0.400000      0.400000      0.050000      0.227564      0.047561      0.159049     -0.449643     -0.018302      0.000000      0.000000      0.400000      2.200000      0.000000      0.000000      1.400000      0.400000      0.055513      0.062250      0.108228      1.000000      1.000000      0.000000      0.000000      0.000000      0.000000      0.000000      0.000000      0.000000      0.000000      0.000000      0.000000      0.000000      0.000000      0.000000      0.000000      1.000000      0.000000      0.000000      0.000000      0.000000
  2            8756          5801                                               5.422e-04     2.468e-01     2.476e-07     8.549e-07     1.537e+01     5.551e-06     3.146e+00     10.900000     10.600000      0.872308      0.840513     29.064711     23.351315      0.582888      0.673016     15.900000      0.891234     28.006939      0.074725      3.258978      3.124932      0.074813      8.416156      6.800000      6.800000     10.400000     10.800000      3.221026      2.773077      8.569908      9.714256      0.929085      0.092634      5.400000      5.800000      9.018128      5.949328     22.102139     19.870998     12.200000     16.200001      2.997051      4.348750      0.310825      8.200000      6.000000     15.200000      5.400000      5.293684      1.149474     13.254219      1.163364      0.848065     -0.827185     13.800000      4.000000      4.558409      2.306349      6.353483      2.340275     14.200000     25.400000      3.221579     13.523000      0.761770
  2            8599           150                                               9.799e-04     2.568e-01     2.144e-08     7.722e-07     5.704e+00     2.464e-06     1.030e+01     11.500000     11.700000      0.835769      0.845128     18.691858     18.316730      0.777027      0.782609     14.400000      0.843481     18.361994      0.008072      1.977772      2.026496      0.153563      0.363125      6.000000      5.200000      6.200000      5.200000      1.368461      0.973077      1.910954      1.523001     -0.108872     -0.308844      1.400000      0.400000      5.861795      5.335454     31.050993     13.402906      6.800000      6.600000      1.170769      1.189000      0.015333      5.600000      6.000000      4.800000      5.400000      1.369474      1.422105      1.119705      1.104879      0.023940     -0.182313      1.600000      2.200000      3.153333      3.407619      4.229111      7.055900      8.200000      7.000000      1.395790      1.380000     -0.011442
  1            3014           958          6783         0.908          6866     6.179e-04     2.582e-01     3.793e-07     8.037e-07     1.892e+01     3.977e-06     1.105e+00      8.800000      9.400000      0.754103      0.785385     10.495449     11.851603      0.765217      0.764228     12.100000      0.798987     11.676107      0.070043      2.378786      2.384887      0.172500      2.543875      5.600000      5.600000      6.000000      6.800000      1.304359      1.522564      1.452624      3.407321     -0.126471     -0.257041      2.600000      3.400000      6.012525      5.169091     23.068846     18.253405      8.800000      9.400000      1.413462      1.658875      0.147940      4.200000      5.400000      3.600000      6.800000      1.053684      2.510526      1.033913      5.320540      0.240071      0.683489      2.800000      6.000000      5.000000      4.535000      6.188889      6.593319      8.800000      9.600000      1.782105      2.578000      0.308726
  1            6242           106          5594         0.558          6229     2.019e-04     1.921e-01     7.369e-07     4.232e-07     2.675e+00     6.338e-06     9.870e+00      5.100000      4.900000      0.643205      0.646154      3.177885      2.529551      0.850000      0.859649      5.400000      0.646108      2.938829      0.004979      1.039464      0.998525      0.352500      0.478875      6.000000      6.400000      7.000000      7.000000      1.900769      1.813077      2.617064      2.409749      0.393005      0.117397      1.200000      1.200000      7.905769      6.575000     26.654064     34.219311      7.800000      8.200000      1.856923      1.843875     -0.007076      7.200000     10.000000     23.600000     27.600000     10.605263     11.230526     83.751236     76.821770      2.238700      1.664658      1.200000      5.200000      6.488722      6.036527      6.018241     15.180849     13.400000     28.799999     10.917894     10.567000     -0.033207
  2            7026          8254                                               7.666e-04     2.056e-01     1.026e-08     5.637e-07     5.245e+00     4.293e-06     1.784e+01     10.600000     10.700000      0.853462      0.870256     19.620176     11.606859      0.664577      0.795539     15.200000      0.904652     21.107512      0.090157      3.223055      3.428454      0.053625     22.481953      6.400000      3.400000      7.800000      4.800000      1.834872      1.876154      7.256664      7.377329     -0.156640      0.719531      5.200000      2.200000      4.608496      5.997500     21.270391     31.085802      9.200000     10.000000      1.855513      2.548500      0.271920      5.800000      6.400000     10.000000     10.000000      2.462105      2.218947      5.014753      7.728299     -0.628271     -0.928401      7.600000      7.600000      2.892857      2.283709      7.962443      1.678401     12.200000     21.200001      2.340526      9.664500      0.757822
  1            6979          4249          5569         0.640          8308     3.510e-04     1.256e-01     7.646e-06     7.068e-07     1.446e+01     1.648e-06     5.973e+00      9.800000     10.800000      0.851154      0.858462      7.912324     12.728253      0.994924      0.892562     13.900000      0.895475     10.928418      0.085684      2.997052      3.086823      0.064875      2.918125      8.800000      6.200000     11.400000      7.800000      2.519744      1.391795      5.802358      2.566352     -0.588862     -0.676508      8.000000      4.400000      4.107861      4.151515     16.428165     13.980533     13.800000     15.800000      1.955769      2.784250      0.297560      3.000000      2.000000      2.000000      1.000000      0.696053      0.357895      0.534120      0.212183     -0.081728      0.002753      2.000000      1.000000      2.733333      3.400000      3.111111      3.200000      4.000000      3.000000      0.421579      0.670000      0.370778
  2            8227          8998                                               1.896e-04     2.041e-01     4.938e-07     3.112e-07     9.077e+00     5.312e-06     1.015e+01      6.200000      5.000000      0.671795      0.648333      4.328077      3.226715      0.855172      0.800000      7.500000      0.762120      5.100739      0.234387      2.437363      2.320477      0.138375      5.416078      2.600000      3.400000      2.200000      3.200000      0.798077      0.993910      0.899807      1.001449      0.410947      0.113349      0.800000      1.800000      6.700000      5.400000     23.072222     18.063999      4.600000      4.000000      0.716795      0.936500      0.234602      9.000000      6.000000     12.400000      6.600000      3.367368      1.567368      4.795060      2.470671     -0.232591     -0.611594     11.600000      5.800000      3.158324      2.577222      5.915151      3.966850     15.000000     21.000000      2.467368      7.210000      0.657785
  2            9918           470                                               5.320e-04     2.013e-01     2.101e-06     9.349e-07     1.181e+01     4.270e-06     8.108e+00     13.700000     12.400000      0.881923      0.872180     48.583046     44.418655      0.690176      0.672087     17.000000      0.880633     47.993076      0.007344      2.498627      2.343264      0.115875      8.219344      8.400000      9.200000     14.400000     13.800000      3.581795      3.539231     16.145269     14.843635     -0.173800     -0.211726      3.000000      2.400000      4.086111      5.003334     17.389776     20.353157     13.200000     16.799999      3.560513      3.587750      0.007592      7.800000      7.000000     15.400000     12.800000      4.281053      2.442105     14.339822      5.736953      0.005613     -1.002223      6.600000      4.000000      3.401272      2.319875      3.688474      3.686771     12.200000     19.400000      3.361579      3.641500      0.076870
  1            8909           430          3351         0.327          9507     7.673e-04     2.047e-01     3.723e-06     8.528e-07     1.170e+00     3.124e-06     1.815e+01     11.800000     12.100000      0.867692      0.886538     29.462980     27.701443      0.735202      0.749226     15.100000      0.880886     28.856464      0.007910      2.184080      2.278026      0.115438      2.512406      6.400000      7.400000     10.000000     10.400000      2.265385      2.931795      6.672344     10.215397      0.201116      0.402538      1.200000      1.600000      6.723679      6.057843     20.323027     16.545835      8.600000     11.600000      2.598590      2.738375      0.051047      6.600000      5.800000     13.200000     13.200000      4.367368      4.631579     15.152230     18.017097      0.649135      0.855538      2.400000      2.400000      4.319000      4.779347      4.582903      6.119371      9.200000     15.600000      4.499474      4.439500     -0.013509
  1            6618          6005          6626         0.637          9320     8.593e-04     1.717e-01     3.285e-08     2.117e-08     4.392e+00     9.694e-06     1.994e+01      9.400000      8.900000      0.810641      0.804487      7.562628     14.539279      0.903846      0.666667     13.200000      0.865981     13.433334      0.125504      3.164317      3.061839      0.077063      9.962954      1.600000      1.600000      0.600000      0.600000      0.348291      0.224786      0.225691      0.142057      0.216090     -0.101005      0.400000      0.400000      3.300000      1.700000      0.050000      0.050000      2.000000      1.000000      0.171923      0.205000      0.161351      9.600000      8.600000     20.200001     13.200000      7.148421      3.100000     38.618385      4.677878      0.963129     -0.596319     14.400000      7.400000      4.314167      3.024976      4.040607      7.757396     18.200001     40.599998      5.124210     27.011999      0.810299
  1            6477          1024          3618         0.924          5448     8.705e-04     1.803e-01     4.668e-06     1.570e-07     9.865e+00     9.463e-06     5.415e-01     12.400000     13.100000      0.852051      0.884487     12.904182     14.291698      0.846416      0.870432     16.600000      0.882627     14.222899      0.031749      2.505354      2.621875      0.103375      3.148484      2.600000      3.200000      2.000000      2.600000      0.453846      0.666026      0.603903      0.846545     -0.451728     -0.499073      0.200000      0.800000      1.757143      2.847619      1.747959      8.455329      3.400000      2.800000      0.447949      0.462250      0.030938     10.000000      9.600000     25.200001     24.799999      8.983158     10.402105     76.212891     76.767303      0.908465      1.797540      8.000000      7.600000      3.886415      6.478494      3.116692     14.460872     18.799999     32.799999      9.692632     10.666000      0.091259
  2            9021          9984                                               6.101e-04     2.553e-01     3.156e-06     3.400e-07     8.980e+00     2.680e-06     2.715e+00      9.900000     10.100000      0.827949      0.837821     13.602468      9.772693      0.792000      0.776923     14.400000      0.857089     15.627350      0.054342      2.692179      2.558066      0.119313     16.146469      3.000000      3.600000      2.000000      3.000000      0.337949      0.619487      0.215811      0.661533     -0.493635     -0.101230      1.600000      2.600000      4.166667      5.280952      3.494444     10.810091      5.400000      4.600000      0.478718      0.838500      0.429078      2.600000      2.400000      2.600000      2.400000      1.235526      0.344737      2.021561      0.767878      0.446801     -1.149758      2.000000      1.800000      2.933333      0.850000      2.697778      0.037500      4.400000      4.400000      0.632105      1.081500      0.415529
  1            5390          1768          3520         0.867          4175     8.111e-04     1.172e-01     6.569e-08     5.943e-07     1.298e+01     7.239e-06     3.292e+00      9.300000      8.500000      0.834872      0.747564      9.909472      8.844487      0.819383      0.837438     11.500000      0.824462     10.240771      0.076203      2.381995      2.087768      0.143125      3.880828      6.600000      4.600000      6.600000      4.400000      1.288974      1.190769      1.541539      1.507640     -0.529983      0.239915      4.200000      2.000000      4.262821      6.461905     18.819584     16.178457      8.800000      8.600000      1.239872      1.585250      0.217870      7.400000      6.600000     11.200000     15.000000      2.788421      3.758947      7.424823     19.188154     -0.402494     -0.409323      7.000000     10.800000      3.026576      2.864902      4.356789      2.880782     14.000000     22.000000      3.273684      7.390500      0.557042
  1            2156          4791          8237         0.552          8802     5.339e-04     1.570e-01     5.125e-08     6.649e-07     1.664e+01     3.001e-06     1.966e+01      5.600000      5.800000      0.677564      0.703846      2.110192      3.116731      0.888889      0.950820      7.800000      0.751392      4.075665      0.148252      2.131869      2.049888      0.189437      5.906375      3.600000      3.000000      2.400000      2.000000      0.909615      0.474359      0.658445      0.326820      0.371665     -0.144625      2.200000      1.800000      4.613333      4.866667     19.539110      8.244445      5.800000      4.400000      0.553590      1.219875      0.546191      3.800000      2.600000      4.400000      2.600000      1.433684      0.526316      3.260251      0.828872      0.267268     -0.703471      4.000000      2.200000      3.330000      2.000000      4.937722      0.000000      5.800000      6.800000      0.980000      2.951000      0.667909
  1            3238          1482          1783         0.286          3870     3.721e-04     2.675e-01     5.137e-07     6.337e-07     1.808e+01     4.386e-06     1.631e+01      7.000000      6.900000      0.673205      0.698718      7.870000      6.716731      0.714286      0.775281      9.500000      0.758291      7.619351      0.172881      2.545651      2.331502      0.171188      1.652313      4.000000      4.200000      4.800000      5.000000      1.233077      1.490513      2.093142      2.975631      0.212159      0.729309      2.400000      2.600000      6.294445      6.796429     12.610957     12.866008      6.600000      7.400000      1.361795      2.017000      0.324841      2.600000      3.200000      2.800000      2.400000      0.953684      0.788421      1.301888      0.554525      0.685183      0.613264      1.800000      1.400000      5.580952      4.933333      3.045805      2.977778      4.400000      4.200000      0.871053      1.144000      0.238590
  1            1876          5570          8478         0.221          8604     1.388e-04     1.536e-01     1.393e-06     4.028e-07     1.210e+01     5.775e-06     1.242e+01      2.800000      2.600000      0.363974      0.375000      0.446859      0.468846      0.965517      0.945455      3.700000      0.425032      0.539573      0.230468      1.184360      1.158882      0.520813      0.345688      2.200000      3.000000      1.600000      2.000000      0.403846      0.275385      0.357054      0.180458      0.140167     -0.685437      1.600000      2.000000      4.550000      2.340000     19.337500      3.762000      4.400000      4.800000      0.339615      2.095000      0.837892      2.000000      1.800000      1.200000      0.800000      0.480000      0.232632      0.399844      0.149424      0.468782      0.013814      1.200000      0.800000      3.466667      1.533333      3.644444      2.977778      3.800000      3.800000      0.356316      2.370000      0.849656
  1            9939          2617          5986         0.855          6306     3.451e-04     1.962e-01     6.175e-06     6.165e-07     1.600e+01     4.088e-06     1.677e+00     10.700000     10.300000      0.804487      0.840769     33.570496     41.065399      0.668750      0.600583     15.100000      0.851487     38.933052      0.064419      2.572172      2.689871      0.120375      8.245563      7.400000      7.600000      9.000000     10.000000      2.499744      2.921026      6.748643      9.042624      0.269588      0.599319      3.400000      4.400000      6.727778      6.835238     31.097729     25.281649     13.000000     13.400000      2.710385      2.993000      0.094425      4.000000      6.800000      3.000000     11.000000      0.735789      3.977895      0.456491      8.120584     -0.564130      0.940677      3.000000     11.000000      2.250000      4.878223      2.920833     10.308027     10.200000     14.000000      2.356842      4.970000      0.525786
  1             111          4904          7312         0.653          9211     2.812e-04     2.144e-01     4.039e-07     2.398e-07     1.271e+01     4.663e-06     1.854e+01      1.200000      1.100000      0.085897      0.038462      0.243462      0.019231      0.857143      1.000000      2.000000      0.444620      1.619272      0.923869      2.644668      2.674177      0.182500      5.883875      1.000000      1.000000      0.000000      0.000000      0.000000      0.000000      0.000000      0.000000      0.000000      0.000000      0.000000      0.000000      0.000000      0.000000      0.000000      0.000000      1.200000      0.200000      0.000000      0.200000      1.000000      1.200000      1.400000      0.200000      0.400000      0.037895      0.154737      0.030877      0.089741     -0.118310      0.268828      0.200000      0.400000      0.400000      2.200000      0.000000      0.000000      2.600000      6.600000      0.096316      6.130000      0.984288
  2              69          8924                                               7.307e-04     1.906e-01     2.467e-06     8.794e-07     4.459e-01     1.651e-06     1.748e+01      1.600000      1.800000      0.201154      0.179359      0.091923      0.231603      1.032258      0.900000      3.300000      0.598987      5.205301      0.809458      3.619902      3.664666      0.002500     19.930063      1.000000      1.200000      0.000000      0.200000      0.000000      0.170513      0.000000      0.083396      0.000000      0.335766      0.000000      0.200000      0.000000      3.800000      0.000000      0.000000      1.800000      1.600000      0.051154      1.495000      0.965783      1.000000      1.000000      0.000000      0.000000      0.000000      0.000000      0.000000      0.000000      0.000000      0.000000      0.000000      0.000000      0.000000      0.000000      0.000000      0.000000      1.800000      3.800000      0.000000      3.800000      1.000000
  2            7576          7647                                               2.764e-04     1.991e-01     3.141e-08     9.080e-07     4.938e-01     4.025e-06     1.686e+01      6.600000      6.600000      0.692949      0.688333      7.818782      8.459487      0.725275      0.750000      9.800000      0.777057     10.959352      0.197751      2.837672      2.779048      0.138688     11.546812      4.200000      5.200000      4.800000      4.800000      1.341538      1.156154      2.121948      1.169946      0.307338      0.130003      4.000000      4.000000      6.840476      7.173333     22.268000     33.669777      8.800000      8.800000      1.248846      2.041875      0.388383      4.800000      7.400000      4.800000      9.400000      1.053684      2.872632      1.098619      5.196797     -0.697121      0.273226      4.000000      8.600000      2.554545      3.675882      4.951891      4.346621     12.000000     14.800000      1.963158      4.499000      0.563646
  2            6808          6069                                               5.429e-04     1.943e-01     8.355e-07     1.386e-07     1.908e+01     6.662e-07     1.272e+01     10.200000     10.600000      0.857179      0.844487      9.481073     11.597436      0.778626      0.848000     15.100000      0.899051     15.187955      0.100079      3.342750      3.507658      0.053937     18.889328      2.200000      2.600000      1.200000      1.600000      0.446154      0.420940      0.381310      0.329986     -0.105592     -0.514156      1.000000      1.400000      2.900000      1.720000      0.583333      6.768000      3.600000      2.600000      0.260128      0.343000      0.241609      2.600000      1.800000      2.000000      0.800000      0.724211      0.251579      0.776998      0.168739      0.598476      0.166994      2.000000      0.800000      5.100000      3.000000      2.770000      0.000000      3.400000      2.800000      0.487895      0.850000      0.426006
  2            3004          8896                                               7.657e-04     1.270e-01     2.337e-08     4.358e-08     4.305e+00     3.167e-07     3.366e+00      6.600000      6.200000      0.721923      0.737564      5.895449      4.744744      0.795181      0.826667     10.200000      0.836962     10.052041      0.225899      3.638989      3.394853      0.058500     18.957188      1.200000      1.000000      0.200000      0.000000      0.296154      0.000000      0.208714      0.000000      0.074159      0.000000      0.200000      0.000000      1.400000      0.000000      0.000000      0.000000      1.200000      0.200000      0.029615      0.035000      0.153846      1.200000      1.200000      0.200000      0.400000      0.033333      0.336842      0.030159      0.335060     -0.232878      0.371648      0.200000      0.400000      0.200000      1.600000      0.000000      0.000000      2.000000      1.200000      0.111053      0.810000      0.862898
  1            3808          3361          3764         0.500          5927     1.607e-04     2.118e-01     5.504e-08     8.906e-07     1.740e+01     2.567e-06     1.180e+01      4.100000      3.900000      0.589103      0.523205      2.171474      2.640769      0.773585      0.764706      5.200000      0.627975      2.728750      0.204306      1.747192      1.750519      0.302000      1.394688      5.800000      6.600000      6.400000      7.400000      1.082051      1.615897      1.646458      2.421417     -0.639472     -0.096350      4.200000      5.200000      4.553174      6.246559     13.045121     26.761282     10.600000     11.600000      1.348974      1.649000      0.181944      3.600000      2.400000      3.000000      2.800000      0.833684      0.889474      0.666923      1.333484     -0.003385      0.240470      2.800000      2.600000      3.104762      2.393333      7.087982      1.717556      6.000000      8.400000      0.861579      4.506000      0.808793
  1            5929          1328          4683         0.640          8217     1.071e-04     2.313e-01     9.488e-08     1.525e-07     3.454e+00     4.307e-06     1.050e+01      3.700000      4.400000      0.560897      0.606923      1.830192      2.301410      0.804348      0.814815      5.200000      0.591582      2.092294      0.026000      0.890212      1.069889      0.400937      0.207937      3.000000      2.800000      2.600000      2.000000      0.935577      0.555769      1.089280      0.521759      0.434989     -0.139957      1.200000      0.600000      6.700000      4.400000     23.325001     16.000000      3.800000      3.200000      0.596538      0.726500      0.178887      6.800000      6.200000      8.000000      7.600000      2.794737      1.926316      3.484973      2.516915      0.637421     -0.224958      4.400000      4.000000      4.132936      3.782784      7.012093      9.837468     11.800000     12.000000      2.360526      3.176000      0.256761
  1            2706           855          5236         0.312          7126     7.540e-04     2.417e-01     4.078e-06     9.546e-08     1.397e-01     1.692e-06     1.540e+01      7.100000      6.300000      0.694872      0.689872      7.456009      3.700513      0.692683      0.828947      8.800000      0.758734      6.172544      0.160052      2.035966      2.109468      0.176563      2.626328      1.000000      1.400000      0.000000      0.400000      0.000000      0.408974      0.000000      0.293373      0.000000     -0.049170      0.000000      0.400000      0.000000      0.900000      0.000000      0.050000      1.400000      0.400000      0.040897      0.045000      0.091168      2.400000      2.400000      2.800000      1.400000      0.986842      0.423684      2.386647      0.324130     -0.000826     -0.162704      2.800000      1.400000      1.970000      2.466667      0.625500      1.511111      3.800000      4.200000      0.564211      0.760000      0.257618
  1            8256          1230          1722         0.974          3425     9.543e-04     2.746e-01     8.848e-08     8.287e-07     1.062e+01     1.051e-06     1.039e+01     14.500000     13.500000      0.912821      0.903205     43.202354     38.806187      0.662100      0.668317     19.000000      0.917405     42.118668      0.019579      2.961627      2.788119      0.073437      6.452078      6.800000      6.600000      9.800000     11.200000      2.496154      3.232051     11.817113     12.914937      0.289668      0.273286      2.600000      4.000000      5.590794      6.581408     20.777672     28.971977     10.800000     13.800000      2.864103      3.200500      0.105108      3.000000      2.800000      4.000000      4.000000      1.706316      1.736842      5.074993      5.932220      1.019963      0.888677      1.200000      1.200000      6.133333      4.375758      1.450505      3.900092      4.200000      5.200000      1.721579      1.734000      0.007163
  1            1796           986          5015         0.462          7602     3.514e-04     2.120e-01     1.043e-07     9.157e-07     1.999e+01     3.814e-06     1.080e+01      3.900000      3.400000      0.501923      0.469872      0.979423      1.089038      0.928571      0.871795      4.500000      0.510759      1.291076      0.090261      1.153858      0.934015      0.465000      1.066250      2.400000      2.400000      2.000000      1.800000      0.661966      0.545726      0.705539      0.781953      0.116449     -0.296908      1.200000      1.000000      3.711111      2.333333      5.960494      2.391111      3.400000      3.000000      0.362308      0.699250      0.481862      2.200000      2.200000      1.200000      1.400000      0.426316      0.207368      0.254353      0.224467      0.491021     -0.790936      1.200000      1.400000      3.933333      1.333333      2.177778      0.177778      3.400000      2.600000      0.316842      0.620000      0.488964
  1            6899          2173          7391         0.543          7561     9.992e-04     2.333e-01     1.438e-07     4.951e-07     1.733e+01     9.085e-06     5.624e+00     14.900000     13.100000      0.869103      0.842821     51.179134     51.157547      0.643629      0.558635     20.600000      0.883608     53.354267      0.059719      3.154112      3.028038      0.089437     11.192828      4.200000      3.800000      4.400000      4.000000      1.349231      1.043333      2.013129      1.800114      0.549253      0.223321      1.400000      1.000000      8.129524      5.356667     30.264688     14.128612      5.400000      5.400000      1.196282      1.541000      0.223698     10.200000      8.600000     15.000000     12.200000      4.426316      2.857895      5.567814      3.210588      0.247587     -0.536820     11.000000      8.200000      3.793636      2.593053      7.923535      1.910307     18.400000     23.200001      3.642105      4.645000      0.215908
  2            9577          6108                                               7.999e-04     1.229e-01     1.398e-08     2.835e-07     1.304e+01     4.634e-06     3.004e+00     10.100000      9.100000      0.842564      0.843974     15.864022     15.212805      0.753731      0.676580     13.100000      0.881677     18.494564      0.082222      2.904247      2.837842      0.080875     12.453719      6.400000      7.200000      8.600000     10.000000      2.509231      3.041026      7.542602      6.562451      0.722689      0.748854      4.400000      5.800000      9.040476      8.185599     22.455301     25.718040     11.800000     14.400000      2.775128      3.577875      0.224364      6.000000      6.600000      5.800000     14.000000      1.187368      5.877895      1.119543     28.364288     -0.784661      1.653818      3.600000     11.800000      2.170769      6.540762      2.349061      8.376005     12.600000     18.400000      3.532632      7.191000      0.508743
  1            2443          5070          5636         0.399          6528     7.179e-04     1.578e-01     5.541e-06     2.146e-07     1.640e+01     8.748e-07     8.079e+00      6.000000      6.700000      0.700769      0.725000      5.089038      3.187820      0.805369      0.924138      9.200000      0.809462      4.990617      0.210708      2.842851      2.905832      0.096375      3.573062      1.400000      2.000000      0.400000      1.200000      0.189103      0.461538      0.128004      0.665868     -0.073883     -0.289857      0.400000      1.200000      0.900000      1.350000      2.450000      0.687500      2.400000      1.600000      0.130128      0.145000      0.102564      1.600000      1.000000      0.600000      0.000000      0.169737      0.000000      0.102402      0.000000     -0.220228      0.000000      0.600000      0.000000      1.000000      0.000000      1.800000      0.000000      2.200000      2.000000      0.067895      1.550000      0.956197
  1            8004          5626          7498         0.711          9677     2.267e-04     1.899e-01     1.559e-07     1.822e-07     1.847e+00     5.730e-06     1.557e+01      7.000000      6.900000      0.769231      0.775256      8.791731      9.411603      0.693069      0.696970     10.000000      0.837342     10.880348      0.142806      2.903796      2.977571      0.099188      7.480875      2.800000      3.800000      2.200000      3.200000      0.501795      0.713846      0.534567      0.734478     -0.150041     -0.150585      1.400000      2.400000      4.900000      4.311111      5.650000     17.190123      5.200000      4.600000      0.607821      0.675250      0.099859      8.200000      7.400000     13.400000      8.000000      3.629474      2.085263      7.103570      2.281286     -0.397561     -0.176316     11.000000      5.600000      2.532209      3.091429      3.731610      3.105009     15.600000     21.400000      2.857368      8.235000      0.653021
  1            2600          1586          5396         0.986          7767     1.509e-04     1.874e-01     5.388e-08     1.873e-07     4.606e+00     2.460e-06     1.301e+01      3.400000      3.700000      0.455641      0.465385      0.905064      1.834487      0.850000      0.822222      4.500000      0.530601      1.578782      0.232632      1.176837      1.338504      0.401062      0.894063      2.200000      1.800000      1.200000      0.800000      0.330342      0.436752      0.248765      0.335866     -0.180936      0.187798      1.200000      0.800000      3.633333      1.900000      0.361111      6.850000      3.000000      2.000000      0.230128      0.375000      0.386325      2.000000      1.800000      1.000000      1.000000      0.352632      0.194737      0.184812      0.211713      0.427329     -0.363207      1.000000      1.000000      4.800000      0.700000      3.200000      0.450000      2.800000      2.000000      0.273684      0.400000      0.315789
  2            5014          1057                                               6.667e-04     2.767e-01     5.212e-07     7.555e-07     8.492e+00     7.072e-06     1.964e+01      9.200000      8.700000      0.781026      0.769359     15.244487     19.132372      0.718750      0.669231     11.500000      0.799430     17.863464      0.057755      2.190078      2.190888      0.176938      3.525812      6.800000      5.400000      7.800000      6.600000      1.600256      1.955128      4.776429      6.247458     -0.606999      0.194875      3.000000      1.800000      4.314762      6.704314     20.370476     25.323240      9.000000      9.600000      1.777692      1.917500      0.072911      7.400000      8.600000     23.200001     13.200000      3.893684      3.676842     27.769707      6.455979     -1.542466     -0.006618     18.400000      8.400000      1.962586      3.573199      4.431172      6.193001     15.600000     31.600000      3.785263      5.018500      0.245738
  2            6565          5158                                               1.763e-04     2.274e-01     3.057e-08     1.198e-07     1.619e+01     6.965e-06     3.956e+00      5.100000      5.300000      0.621538      0.684744      5.029038      3.544231      0.708333      0.841270      7.200000      0.725316      4.905902      0.178797      2.067661      2.493060      0.204313      2.660438      1.200000      1.400000      0.200000      0.400000      0.071154      0.302564      0.061106      0.169158     -0.112704      0.163889      0.200000      0.400000      0.600000      4.000000      0.000000      0.000000      1.600000      0.600000      0.074744      0.115000      0.350056      8.600000      9.000000     14.800000     16.799999      4.881052      5.449474     13.756664     23.970610      0.497792      0.494806      9.600000     11.600000      3.758533      3.567935      9.497511      5.892631     17.400000     27.400000      5.165263      9.643000      0.464351
  2            6885          8087                                               6.674e-04     2.290e-01     2.098e-06     5.193e-07     1.166e+01     4.335e-06     1.680e+01     12.000000     11.300000      0.852564      0.849231     35.294537     18.346972      0.655738      0.745875     18.200001      0.890222     42.510571      0.083686      3.670883      3.399712      0.071438     63.315811      4.200000      5.200000      3.200000      4.600000      0.877949      0.990769      0.724351      0.758731      0.841312      0.398563      2.200000      3.600000     11.516666     10.110769      7.176389     19.093523      8.000000      6.800000      0.934359      1.190750      0.215319      5.600000      7.600000      5.600000     13.000000      1.248421      3.936842      1.610237     12.309696     -0.676293      0.216451      4.400000     11.800000      2.660000      3.823717      4.352222      4.974061     13.000000     18.200001      2.592632      5.710000      0.545949
  2            5542          8900                                               9.045e-04     2.605e-01     3.585e-06     7.678e-07     1.992e+01     4.465e-06     1.282e+01     10.600000     11.800000      0.857051      0.863205     22.778959     57.641956      0.654321      0.557920     17.500000      0.906835     45.016445      0.097063      3.703587      3.821007      0.047625     20.994171      5.800000      7.800000      6.400000     10.200000      1.216154      2.645385      1.779699      9.737263     -0.540303     -0.064906      4.800000      8.600000      4.925714      5.365397     26.917715     17.994812     12.800000     15.200000      1.930769      3.397000      0.431625      6.800000      6.600000      7.600000      8.800000      2.318947      1.717895      3.435405      4.278552      0.295164     -1.046458      6.600000      7.800000      4.524725      2.130769     10.360915      1.069882     13.400000     19.200001      2.018421      8.576500      0.764657
  2             901          1975                                               3.443e-04     1.555e-01     4.382e-06     3.238e-07     3.972e+00     9.852e-07     1.841e+00      3.400000      3.900000      0.391923      0.560513      1.336330      2.468958      0.871795      0.780000      5.800000      0.642563      2.701052      0.408937      2.597357      2.780787      0.195250      3.248844      1.400000      1.000000      0.400000      0.000000      0.348077      0.000000      0.200457      0.000000      0.274450      0.000000      0.400000      0.000000      4.600000      0.000000      0.000000      0.000000      1.400000      0.400000      0.069615      0.115000      0.394649      2.800000      1.600000      1.800000      0.600000      0.606579      0.282895      0.374373      0.176504      0.021067      0.262540      1.800000      0.600000      2.850000      2.100000      0.887500      2.450000      3.800000      2.800000      0.355789      0.860000      0.586291
  1            2730          5187          7033         0.901          7388     8.608e-04     2.986e-01     6.863e-07     5.644e-07     9.635e+00     2.046e-07     3.018e-01      7.000000      6.000000      0.708718      0.699103      6.320641      3.685881      0.843373      0.800000      9.500000      0.800348      8.112370      0.213285      3.077895      2.973682      0.105625     12.531140      4.200000      4.400000      3.800000      3.600000      1.148974      0.858718      1.051080      0.827205      0.902042      0.112296      2.800000      2.600000      9.875000      6.216667     14.565208     11.409722      7.400000      6.400000      1.003846      1.502750      0.331994      1.000000      1.000000      0.000000      0.000000      0.000000      0.000000      0.000000      0.000000      0.000000      0.000000      0.000000      0.000000      0.000000      0.000000      0.000000      0.000000      1.000000      0.000000      0.000000      0.000000      0.000000
  2             547          9036                                               8.699e-04     2.063e-01     1.480e-06     6.870e-07     1.421e+01     1.770e-06     8.154e+00      5.000000      5.100000      0.637051      0.568974      4.502692      3.124359      0.781250      0.784615      8.500000      0.759525     12.552374      0.338661      3.639109      3.551050      0.087875     34.709126      2.000000      1.600000      1.800000      0.400000      0.376603      0.155128      0.514713      0.104516     -0.230666      0.120727      1.800000      0.400000      3.133333      0.600000      1.244444      0.800000      3.200000      2.800000      0.212692      1.330000      0.840081      1.200000      1.200000      0.200000      0.200000      0.088421      0.104211      0.049591      0.050175      0.205177      0.306266      0.200000      0.200000      1.200000      1.800000      0.000000      0.000000      2.400000      1.800000      0.096316      1.650000      0.941627
  2            5876          3618                                               3.523e-04     1.312e-01     9.519e-08     8.629e-07     1.084e+01     2.991e-06     3.350e+00      6.300000      7.200000      0.697179      0.766282      5.224872      5.949359      0.807692      0.847059      8.900000      0.785823      6.556108      0.128129      2.263976      2.535021      0.161437      4.106875      7.400000      6.600000      8.800000     10.000000      1.912564      2.307949      3.405461      6.195792     -0.111470     -0.012941      4.200000      5.400000      5.624442      5.986688     14.147928     19.730066     11.800000     14.200000      2.110256      2.441875      0.135805      4.600000      4.400000      4.800000      4.800000      1.309474      1.337895      1.946199      2.571757     -0.063498     -0.203885      4.400000      4.400000      2.700000      3.198095      2.234000      3.007601      8.400000      9.200000      1.323684      2.134500      0.379862
  1            1161          6129          7492         0.361          8519     5.081e-04     1.556e-01     1.258e-06     6.465e-07     1.086e+01     8.348e-06     5.306e+00      4.200000      3.600000      0.579487      0.416923      1.170321      3.480256      0.954545      0.705882      6.100000      0.624272      3.331503      0.332937      2.547120      2.150841      0.252813      4.090813      2.400000      2.200000      1.400000      2.000000      0.228462      0.257949      0.150120      0.378457     -0.552951     -0.604488      1.400000      2.000000      2.350000      2.816667      5.937500      0.748611      4.200000      3.600000      0.243205      1.025000      0.762727      4.800000      4.600000      6.400000      3.800000      0.923158      0.978947      2.075773      0.705118     -1.568816     -0.124693      5.800000      3.200000      1.445556      3.450000      0.722057      4.176389      9.400000     20.200001      0.951053     12.979000      0.926724
  1            9244          1595          4052         0.515          8669     7.035e-04     1.112e-01     1.004e-06     4.642e-07     9.505e+00     2.416e-06     1.098e+01     10.200000      9.500000      0.833846      0.825769     19.045816     13.463974      0.803150      0.756972     13.100000      0.853892     17.185471      0.054746      2.281474      2.318885      0.122625      4.488516      5.400000      4.800000      4.600000      4.600000      0.922564      1.175641      0.680853      1.047926     -0.305409      0.408301      1.400000      1.400000      5.233333      7.626984     18.089682     21.993713      6.800000      6.000000      1.049103      1.137250      0.077509      4.400000      5.600000      5.800000      9.000000      1.966316      2.274737      3.905363      5.139243      0.560535     -0.400635      2.000000      5.200000      4.436666      2.906905      5.931944      2.502095      8.200000     11.000000      2.120526      2.265000      0.063785
  2            3352          8676                                               7.292e-04     2.910e-01     1.974e-07     9.856e-07     1.868e+01     2.246e-06     5.331e+00      8.700000      8.800000      0.828590      0.821410     13.016539     14.241410      0.710204      0.698413     13.300000      0.881266     24.421202      0.118145      3.411101      3.403511      0.063875     43.310749      5.600000      4.400000      5.800000      4.600000      1.328718      1.141795      1.377976      1.515220     -0.155302      0.191555      4.600000      3.400000      5.589178      6.300000     17.965216     11.280000      9.200000      9.200000      1.235256      2.037250      0.393665      2.600000      2.600000      1.800000      1.800000      0.502105      0.572632      0.480785      0.647519     -0.147905     -0.022253      1.800000      1.800000      1.940000      2.053333      3.122000      3.079111      5.000000      5.000000      0.537368      2.290000      0.765341
  1            8198          1614          2160         0.239          5554     4.980e-04     1.661e-01     1.285e-07     4.503e-07     1.522e+01     4.640e-06     1.243e+01      9.800000     10.400000      0.848846      0.843333     12.270641     13.647868      0.774704      0.848980     13.500000      0.865823     14.164506      0.043704      2.584430      2.602493      0.114937      5.408703      5.200000      4.600000      5.000000      4.400000      1.080256      0.792821      1.058562      0.770528      0.031319     -0.378934      2.400000      1.800000      6.579365      5.850000     16.078823     11.304167      7.400000      6.800000      0.936538      0.995750      0.059464      6.600000      4.600000      7.600000      6.000000      2.374737      1.032632      5.597015      1.784077      0.059198     -1.115402      4.000000      2.400000      3.340000      1.284524      4.968857      0.924993      9.400000     10.000000      1.703684      2.871500      0.406692
  2            9383          8539                                               1.103e-04     2.259e-01     2.429e-08     1.371e-07     1.646e+00     2.381e-06     8.867e+00      4.800000      4.500000      0.577564      0.601667      1.690192      1.454487      0.813559      0.900000      6.300000      0.650760      1.996313      0.171490      1.757271      1.790322      0.289625      1.753312      3.200000      2.000000      3.000000      2.000000      1.419658      1.200855      2.662145      3.317572      0.248445      0.335652      1.800000      0.800000      4.330000      3.155555      7.995500      4.434568      4.000000      3.800000      0.786154      0.818000      0.038932      7.000000      7.600000      9.600000      9.400000      2.870526      3.165263      5.392966      6.368616      0.219965      0.405462      7.600000      7.400000      4.213158      3.225455      9.830003      4.378579     14.400000     17.200001      3.017895      4.854500      0.378330
  1            5076           313          7216         0.979          9556     6.875e-04     1.008e-01     3.772e-08     6.977e-07     1.714e+01     3.208e-06     4.996e-01      6.700000      7.300000      0.773077      0.793077      4.293397      6.693846      0.761364      0.784946      8.400000      0.791329      5.633750      0.020616      1.467732      1.564200      0.200625      0.828188      3.200000      3.000000      3.000000      2.800000      1.057372      0.911538      1.278943      1.119465      0.424948      0.329098      0.800000      0.600000      6.683333      7.130000      6.498611     18.315500      3.800000      3.600000      0.787564      0.793250      0.007168      4.800000      3.200000      5.600000      3.000000      1.760000      1.066316      2.696619      1.175723      0.257969      0.656460      4.200000      1.600000      4.698718      4.500000     11.479735      1.850000      6.200000      7.200000      1.413158      1.785000      0.208315
  1            5241           822          2133         0.050          9199     9.021e-04     2.729e-01     1.337e-07     5.110e-07     9.367e+00     8.407e-06     1.508e+01      7.400000      7.800000      0.752692      0.766923      6.801779      7.951651      0.826816      0.847826      8.900000      0.781044      7.427896      0.051992      1.708964      1.825447      0.198250      0.571000      3.800000      4.600000      6.000000      6.800000      1.872051      1.930769      6.938937      8.816512      0.235562      0.035090      1.800000      2.600000      7.220000      4.875000      9.460857     12.661160      6.400000      8.600000      1.901410      1.902250      0.000441      8.000000      9.000000     16.000000     17.600000      6.688421      5.806316     27.123476     29.971651      1.786694      0.426083      4.600000      6.200000      5.950476      3.544355      7.233243      4.422433     15.800000     22.200001      6.247368      7.391500      0.154790
  1            4911           568          6991         0.024          7104     7.526e-04     2.987e-01     2.371e-08     2.244e-07     8.848e+00     5.234e-07     1.884e+01      9.000000      8.900000      0.781282      0.809359     14.001010     15.771026      0.689655      0.611684     11.900000      0.818070     14.916641      0.053696      2.081577      2.075264      0.159750      0.865266      2.600000      3.200000      2.600000      3.000000      0.564872      0.561795      1.563495      0.704903     -0.024278     -0.196954      0.200000      0.600000      3.888889      5.622222      1.471605      1.279012      3.400000      3.200000      0.563333      0.588375      0.042561      1.800000      1.200000      0.800000      0.200000      0.403509      0.033333      0.263047      0.030159      0.087711     -0.232878      0.800000      0.200000      2.100000      0.200000      0.050000      0.000000      2.000000      1.000000      0.131053      0.150000      0.126316
  2            5283           362                                               1.612e-04     2.197e-01     1.232e-06     2.017e-07     3.877e+00     4.402e-06     5.855e+00      5.200000      5.200000      0.563462      0.550128      2.737035      2.846907      0.866667      0.742857      6.400000      0.565348      2.822595      0.028675      1.141496      1.067723      0.426313      0.260563      4.200000      4.400000      4.400000      4.400000      1.408974      1.282308      1.809375      1.389362      0.993388      0.794641      1.000000      1.000000     10.730952     10.594444     16.726843     23.977623      5.400000      5.400000      1.345641      1.386500      0.029469      6.800000      6.800000     12.800000     12.600000      4.583158      3.534737     17.552782     17.684589      0.678872     -0.110596      4.400000      4.200000      5.260561      3.221444     15.683479      2.463850     11.400000     17.000000      4.058948      4.414000      0.080438
  2             900          8449                                               1.821e-04     2.668e-01     4.778e-07     4.352e-07     1.599e+01     5.310e-06     1.244e+01      2.400000      2.700000      0.268718      0.346026      0.956731      0.802372      0.615385      0.794118      4.000000      0.510475      1.341456      0.566170      2.224906      2.461584      0.291500      1.868500      2.600000      2.200000      1.800000      1.400000      0.723718      0.341667      0.508918      0.282663      0.617321     -0.200581      1.800000      1.400000      7.300000      2.900000     14.583333      7.383333      4.400000      4.000000      0.426154      1.830000      0.767129      2.400000      3.400000      2.000000      2.400000      0.537895      0.455789      0.561008      0.360696      0.019244     -0.907803      2.000000      2.400000      2.720000      1.750000      0.488000      0.687500      5.800000     11.800000      0.496842      9.400000      0.947144
  1            7234          3758          7354         0.573          7766     4.095e-04     2.750e-01     2.070e-07     4.644e-07     1.387e+01     7.525e-06     4.679e+00      7.300000      8.200000      0.721026      0.722051      7.273910      7.064295      0.722772      0.755760     10.100000      0.745823      7.305285      0.062532      1.838996      1.917784      0.230500      0.896375      5.600000      6.600000      7.400000      8.400000      1.955641      1.704103      3.323732      2.588445      0.354165     -0.409136      2.600000      3.600000      7.722222      5.355714     38.433643     23.557814     10.000000     11.000000      1.829872      2.000500      0.085293     11.200000      8.800000     24.200001     22.200001      7.037895      7.280000     35.067402     54.062389      0.160345      0.713360     12.000000     10.000000      3.519525      3.876792      4.535964      3.578704     20.000000     34.200001      7.158947     12.216000      0.413970
  1            6655          1722          7415         0.894          8299     9.267e-04     1.182e-01     9.240e-07     3.695e-07     5.726e+00     4.413e-06     1.891e+01      9.700000     10.000000      0.830128      0.840769     17.179487     11.532100      0.769841      0.778210     12.400000      0.861835     15.085202      0.058554      2.331540      2.502777      0.112438      3.598953      3.600000      4.000000      2.800000      3.000000      0.736538      0.513782      0.628081      0.371056     -0.078090     -0.839963      2.000000      2.200000      3.740000      2.133333     12.962000      3.924444      5.800000      5.000000      0.500128      0.608750      0.178434      7.400000      6.800000     12.600000     16.200001      4.022105      5.964211     12.210209     39.637806      0.388222      1.138525      8.800000     12.400000      4.571908      4.658242     11.068351      2.979713     13.800000     25.000000      4.993158      7.231500      0.309527
  2            8420          7662                                               1.241e-04     1.680e-01     5.295e-07     5.567e-07     1.201e+01     6.487e-06     1.523e+01      5.700000      5.700000      0.688590      0.632820      2.989151      4.053782      0.820144      0.904762      7.600000      0.722120      3.935487      0.155505      2.108174      1.996629      0.218000      1.811453      6.200000      5.000000      5.800000      6.200000      1.095641      1.854359      0.902379      8.384283     -0.330286      0.376039      5.200000      5.600000      5.403182      7.600256     17.913132     24.308973     10.600000     11.600000      1.475000      2.406875      0.387172      9.600000     11.600000     17.000000     17.600000      4.025263      5.249474      9.302824      8.491067     -0.706531      0.178809     12.000000     12.600000      2.930303      3.815096      9.607437      8.341843     21.200001     39.200001      4.637368     22.368500      0.792683
  2            1827          8959                                               1.399e-04     2.548e-01     2.476e-06     1.243e-07     8.766e+00     2.745e-07     1.485e+01      3.500000      3.200000      0.462308      0.461923      1.893189      2.146138      0.760870      0.695652      5.300000      0.649114      5.525878      0.444842      2.581380      2.705230      0.168563     13.950531      1.400000      1.800000      0.400000      0.800000      0.214530      0.214530      0.124177      0.171953      0.210605     -0.247215      0.400000      0.800000      4.000000      2.400000      0.000000      0.000000      2.200000      1.200000      0.128718      0.170000      0.242836      1.200000      1.000000      0.400000      0.000000      0.673684      0.000000      0.898246      0.000000      0.091455      0.000000      0.400000      0.000000      0.800000      0.000000      0.000000      0.000000      1.200000      0.400000      0.067368      0.320000      0.789474
  2            6294          6667                                               7.916e-04     2.908e-01     1.543e-06     3.115e-07     1.764e+00     2.231e-07     7.300e+00      9.700000      9.600000      0.801795      0.834487     23.427565     17.784760      0.673611      0.735632     14.200000      0.882152     26.602598      0.133266      3.475318      3.368266      0.055438     24.716234      4.800000      5.400000      6.000000      7.400000      2.078462      2.147949      3.974647      4.912024      1.095113      0.678948      2.200000      3.600000      9.008442      8.903077     29.780813     44.917030      9.000000      9.600000      2.113205      2.525125      0.163129      1.400000      1.400000      1.200000      0.400000      0.805263      0.218421      1.974102      0.144820     -0.049998     -0.105556      1.200000      0.400000      1.200000      0.500000      0.000000      0.450000      2.000000      1.800000      0.204737      0.430000      0.523868
  1            4791          2652          6473         0.520          7968     6.284e-04     2.505e-01     1.796e-08     8.722e-07     1.081e+01     8.896e-06     1.391e+01      9.600000      8.600000      0.823974      0.773974     16.433270      7.419423      0.724528      0.796296     12.500000      0.833956     13.606614      0.079923      2.571281      2.414223      0.131938      7.233375      6.200000      7.200000      7.400000      7.600000      2.082820      1.652308      4.272205      2.014633      0.384991     -0.147766      4.800000      5.000000      6.932784      6.216190     21.702806     32.199959     11.800000     12.400000      1.867564      2.707250      0.310162      8.400000      9.200000     10.800000     12.600000      2.375789      2.690526      3.245909      2.797249     -0.451801     -0.879566      8.600000     10.400000      3.516147      2.634517      6.905666      5.486004     17.400000     23.200001      2.533158      6.540500      0.612697
  2            1472          8634                                               8.960e-04     1.512e-01     2.881e-07     5.084e-07     2.014e+00     8.225e-06     2.398e+00      5.800000      5.400000      0.630513      0.650385     13.053574      4.193013      0.610526      0.683544      8.700000      0.756329     11.664775      0.262954      2.912214      3.088726      0.130688     12.445016      2.200000      2.200000      1.200000      1.200000      0.379487      0.324679      0.215934      0.164570      0.066362     -0.193118      1.200000      1.200000      2.666667      1.480000      9.777778      4.048000      4.200000      4.400000      0.281667      2.555000      0.889759      5.400000      4.400000      5.400000      3.800000      1.250526      1.008421      1.273840      0.697132     -0.387850     -0.300985      4.800000      3.200000      3.360000      3.266667      7.752000      6.586111      9.800000     24.799999      1.129474     18.577499      0.939202
  1            4594          2957          4352         0.833          8539     8.987e-04     1.428e-01     3.903e-06     8.285e-07     1.477e+01     5.553e-06     1.975e+01     10.500000     10.400000      0.850385      0.840513     13.903542     21.331282      0.823529      0.764706     15.100000      0.887437     19.437441      0.089737      3.216741      3.014606      0.071625      8.069984      3.800000      3.200000      4.000000      2.400000      0.767949      0.456154      1.047360      0.402953     -0.174129     -0.423910      2.800000      1.200000      6.254286      2.871428     12.810980      3.588775      5.400000      5.200000      0.612051      0.769125      0.204224      5.400000      5.000000      5.800000      5.600000      1.663158      1.066316      2.186767      1.792219     -0.087987     -0.811934      4.800000      4.600000      2.714805      1.685000      4.702930      1.136375     10.400000     19.400000      1.364737     12.572500      0.891451
  2            9731          3983                                               1.046e-04     1.904e-01     3.180e-06     9.472e-08     1.621e+01     1.297e-06     1.095e+01      6.800000      6.500000      0.712949      0.719359      5.986506      5.986859      0.795322      0.764706      9.000000      0.787468      6.707476      0.164696      2.193306      2.300594      0.143000      3.146469      1.600000      2.000000      0.600000      1.000000      0.329060      0.384615      0.297438      0.276405      0.169755     -0.049614      0.200000      0.600000      3.000000      2.066667      0.800000      2.977778      2.200000      1.200000      0.214103      0.239250      0.105109      2.800000      2.600000      3.000000      1.600000      1.257895      0.565263      2.031395      0.374698      0.954823      0.472699      3.000000      1.600000      4.720000      3.700000      4.488000      4.283333      4.600000      4.800000      0.911579      1.640000      0.444159
  2            3435          2299                                               1.502e-04     1.207e-01     3.365e-06     5.424e-07     5.431e+00     5.002e-06     1.358e+01      3.800000      3.800000      0.553718      0.491410      1.498461      0.840064      0.863636      0.926829      4.800000      0.570981      1.334256      0.154468      1.410527      1.144110      0.381813      0.710187      3.200000      3.600000      2.800000      3.200000      0.552564      0.510577      0.589888      0.422105     -0.565955     -0.746562      1.800000      2.200000      3.266667      3.054286     10.386111     14.393837      5.400000      5.000000      0.425256      1.065000      0.600698      5.600000      4.000000      7.200000      6.800000      2.132632      2.575789      3.802896     10.339977      0.077092      0.777359      5.000000      4.600000      3.087500      5.052228      8.095052      2.855701      8.800000     12.200000      2.354211      3.979000      0.408341
  2             163          7965                                               3.010e-04     2.919e-01     1.739e-07     5.392e-07     5.501e+00     1.774e-06     1.049e+01      1.900000      1.500000      0.292308      0.112436      3.177564      0.139295      0.567164      0.833333      2.700000      0.435506      6.833497      0.694781      2.176337      2.052577      0.337187     20.524437      1.200000      1.000000      0.200000      0.000000      0.155556      0.000000      0.083069      0.000000      0.281265      0.000000      0.200000      0.000000      2.800000      0.000000      0.000000      0.000000      1.600000      0.600000      0.046667      0.470000      0.900709      1.000000      1.000000      0.000000      0.000000      0.000000      0.000000      0.000000      0.000000      0.000000      0.000000      0.000000      0.000000      0.000000      0.000000      0.000000      0.000000      1.800000      2.000000      0.000000      2.000000      1.000000
  2            6341          4255                                               1.519e-04     1.828e-01     1.098e-08     7.245e-07     1.992e+00     9.180e-06     1.625e+01      5.200000      5.200000      0.580000      0.646667      1.993333      5.124487      0.764706      0.712329      7.500000      0.720475      4.226456      0.256961      2.403663      2.473249      0.175063      2.814750      4.600000      8.000000      5.800000      9.800000      1.724103      2.640769      3.935142      4.741224      0.352797      0.151883      1.600000      5.600000      6.356667      6.718696     13.776167     38.671577     10.400000     11.400000      2.182436      2.758250      0.208761      6.600000      4.800000     12.000000     10.600000      3.384211      2.568421     11.856324     10.205714     -0.079154     -0.383965      8.400000      7.000000      3.342857      2.694619      4.249128      1.559831     11.200000     19.200001      2.976316      6.248000      0.523637
  1            4402          2517          9488         0.418          9631     5.630e-04     2.575e-01     1.583e-07     6.952e-07     8.547e+00     4.944e-07     9.546e-01      7.100000      7.300000      0.778974      0.665513      6.998013      9.704039      0.763441      0.776596     10.000000      0.786234     10.933829      0.147925      2.460707      2.294279      0.151375     10.619625      4.400000      5.400000      6.600000      7.400000      1.524359      1.786667      4.522350      6.176059     -0.068822     -0.158885      2.200000      3.000000      6.404103      4.330730     19.607096      7.641626      8.200000      9.600000      1.655513      2.380500      0.304552      1.200000      1.200000      0.200000      0.200000      0.050000      0.168421      0.045238      0.112281     -0.232878      0.070391      0.200000      0.200000      0.200000      0.800000      0.000000      0.000000      1.600000      0.600000      0.043684      0.250000      0.825263
  1            8824          2543          3706         0.491          4037     5.281e-04     2.502e-01     4.334e-06     1.584e-07     9.801e+00     6.266e-06     1.056e+01      8.800000     10.900000      0.843077      0.881667      7.256570     15.200721      0.778761      0.738983     12.900000      0.880285     11.957346      0.039338      2.145399      2.698642      0.102250      3.439797      2.600000      3.000000      1.400000      2.400000      0.288782      0.754167      0.190599      1.005452     -0.149806     -0.087133      0.800000      1.800000      4.066667      4.085714      0.844444      7.877551      4.200000      3.200000      0.417179      0.553250      0.245948      9.200000      8.800000     18.600000     32.599998      6.753684     12.935789     30.888298    118.878143      0.967271      1.586431      6.400000     20.400000      5.084469      4.997658     12.578176      3.050204     18.000000     39.000000      9.844737     12.626000      0.220281
  2            1345          6314                                               3.599e-04     2.521e-01     1.819e-06     4.226e-07     1.209e+00     8.720e-06     5.461e+00      5.100000      4.900000      0.628846      0.618846      5.055769      5.205641      0.698630      0.700000      8.100000      0.713766     10.038449      0.221629      2.598888      2.556165      0.198563     19.642124      2.600000      2.000000      2.000000      1.000000      0.292308      0.105641      0.306387      0.091574     -0.327799     -0.596028      2.000000      1.000000      3.933333      1.300000      0.844444      2.450000      3.800000      3.200000      0.198974      0.520000      0.617357      2.400000      2.800000      2.200000      1.800000      0.736842      0.348421      0.943626      0.260134     -0.160802     -0.627507      2.000000      1.600000      2.328571      1.600000      2.303061      0.422222      5.000000     11.000000      0.542632      8.036500      0.932479
  2            8358          1624                                               8.982e-04     2.992e-01     9.632e-06     6.812e-07     1.982e+01     2.752e-06     1.698e+01     13.500000     11.700000      0.885385      0.851154     18.174791     17.250801      0.791789      0.809689     17.000000      0.901646     18.689964      0.070893      3.026132      2.939445      0.065812      4.745453      6.400000      6.800000      8.600000      9.200000      1.909231      2.299744      3.604183      6.036764     -0.105542      0.227835      4.200000      4.800000      5.791667      7.098170     21.279654     18.078375     10.600000     13.400000      2.104487      2.427500      0.133064      4.800000      5.800000      9.000000      9.400000      3.480000      3.205263     11.903893      8.762122      1.294213      0.823189      3.000000      3.400000      5.953141      4.128421      8.893406      4.802487      9.000000     12.400000      3.342632      3.484500      0.040714
  1            3295          2619          2821         0.581          6545     7.118e-04     2.959e-01     4.607e-08     7.249e-07     1.178e+01     7.185e-06     1.286e+01     10.100000      9.700000      0.854231      0.821282     37.578255     15.399471      0.613982      0.653199     13.900000      0.877563     30.649256      0.085211      3.141089      3.021361      0.083625     17.757999      4.400000      4.200000      3.600000      4.600000      0.732821      1.361282      0.560732      2.451237     -0.447847      0.312327      2.400000      3.400000      4.804762      6.176190     26.604649     19.187641      7.600000      7.000000      1.047051      1.556250      0.327196      2.400000      4.200000      1.400000      7.200000      0.223158      2.449474      0.170370      7.945035     -0.801817      0.467196      1.200000      7.000000      1.866667      4.120833      0.044444      4.027830      6.400000      9.200000      1.336316      2.650000      0.495730
  2            3999          2295                                               9.476e-04     2.103e-01     1.446e-07     6.464e-07     1.779e+01     2.284e-06     9.649e+00      9.500000      8.900000      0.831667      0.823590     14.246667      9.925000      0.730769      0.780702     12.400000      0.864937     14.047722      0.081238      2.902397      2.867007      0.098687      8.353750      3.400000      3.400000      2.600000      2.200000      0.666987      0.665705      0.479453      0.454415     -0.141113      0.127422      1.600000      1.200000      4.830000      5.720000     23.625500     18.388000      5.200000      3.800000      0.533077      0.697000      0.235184      3.000000      4.600000      2.400000      4.000000      0.722105      1.042105      0.764534      0.686160      0.144517     -0.163220      2.200000      3.800000      3.800000      3.608333      1.288889      3.849653      6.800000      6.200000      0.882105      1.632500      0.459660
  1            4758           827          5038         0.336          5578     9.461e-04     1.752e-01     3.854e-08     4.156e-07     3.274e+00     1.914e-06     5.058e+00     10.700000     10.800000      0.868333      0.823205     34.767117     28.923830      0.635015      0.694534     14.100000      0.874019     31.835646      0.061571      2.673317      2.616325      0.098438      1.553453      4.600000      4.400000      4.600000      4.000000      1.174359      0.855897      1.371932      0.950870     -0.041908     -0.136170      2.200000      1.600000      5.206666      3.894444     13.019778     12.820216      6.600000      6.200000      1.015128      1.069750      0.051060      3.600000      4.400000      2.600000      4.000000      0.810526      1.078947      0.521894      0.955160      0.388524     -0.120456      1.600000      3.000000      4.286667      3.716667      3.169111      8.865278      6.200000      5.600000      0.944737      1.124000      0.159487
  1            2334          4310          4477         0.770          6208     4.242e-04     1.254e-01     3.922e-07     4.419e-07     8.708e+00     4.931e-06     1.063e+01      4.600000      4.500000      0.508846      0.550128      5.294984      2.363077      0.766667      0.789474      6.900000      0.626899      4.739253      0.267441      2.268306      2.644457      0.278125      3.786828      1.600000      2.600000      0.600000      2.000000      0.110000      0.534872      0.066252      0.523974     -0.200885      0.079556      0.600000      2.000000      1.600000      5.900000      7.200000      7.650000      3.600000      2.800000      0.322436      0.735000      0.561312      3.000000      4.000000      2.000000      4.800000      0.473684      1.002105      0.320056      1.293868     -0.156582     -0.542598      2.000000      4.800000      2.933333      1.458874      1.022222      2.213838      6.800000      8.400000      0.737895      3.260000      0.773652
  1            3598           907          9108         0.596          9587     7.920e-04     1.522e-01     2.054e-06     4.429e-07     5.451e+00     6.743e-07     1.353e+01      6.400000      6.900000      0.738718      0.701154      4.555833      3.110577      0.847682      0.846626      8.200000      0.746741      4.272595      0.067732      1.863856      1.668548      0.227125      1.927250      4.600000      3.800000      4.600000      3.000000      1.505128      1.234936      2.483226      1.312658      0.137494      0.592852      2.400000      0.800000      5.116667      7.640000     24.485277     13.532000      6.400000      5.400000      1.096026      1.153125      0.049517      1.200000      1.800000      0.200000      0.800000      0.159649      0.700000      0.083626      0.446087      0.252352      0.981080      0.200000      0.800000      1.400000      3.900000      0.000000      1.250000      2.000000      1.000000      0.257895      0.490000      0.473684
  1            1186          4289          5896         0.101          6144     8.111e-04     2.903e-01     5.423e-06     3.476e-07     9.516e-01     1.722e-06     1.998e+01      6.100000      6.000000      0.685513      0.676923      3.697035      5.215961      0.835616      0.821918      9.500000      0.796234      9.163873      0.250469      3.214764      3.189448      0.091625     18.816954      1.400000      1.600000      0.400000      0.600000      0.197863      0.151282      0.130917      0.121053      0.149875     -0.305411      0.400000      0.600000      3.000000      2.000000      0.000000      0.000000      2.200000      1.200000      0.104744      0.465000      0.774745      1.200000      1.000000      0.200000      0.000000      0.033333      0.000000      0.030159      0.000000     -0.232878      0.000000      0.200000      0.000000      0.200000      0.000000      0.000000      0.000000      1.600000      0.800000      0.010000      0.610000      0.983607
  2            2658          8808                                               7.705e-04     1.515e-01     1.693e-06     4.219e-07     4.644e+00     1.327e-06     4.783e+00      6.800000      6.400000      0.726026      0.682436      4.822612      2.795833      0.800000      0.800000      9.900000      0.824715      9.517749      0.252649      3.452673      3.286630      0.057813     22.739141      3.000000      2.000000      2.400000      1.000000      0.567436      0.327692      0.579732      0.204019      0.150762      0.562328      2.400000      1.000000      5.000000      9.200000     19.799999      0.000000      4.000000      3.400000      0.447564      0.825000      0.457498      1.400000      1.000000      0.400000      0.000000      0.222807      0.000000      0.135088      0.000000      0.134042      0.000000      0.400000      0.000000      1.800000      0.000000      0.000000      0.000000      1.800000      1.200000      0.066842      0.950000      0.929640
  2            5948          1314                                               5.308e-04     2.050e-01     1.418e-07     2.550e-07     1.488e+01     5.188e-06     3.521e+00      9.100000      8.100000      0.825256      0.806667     20.583014     15.745433      0.730924      0.695279     11.300000      0.837690     24.715723      0.050471      2.276990      2.060265      0.141125     26.786640      1.800000      2.200000      0.800000      1.400000      0.155769      0.250641      0.119863      0.190097     -0.233095     -0.250993      0.400000      1.000000      2.600000      3.733333      0.000000      0.577778      2.600000      1.800000      0.162564      0.174500      0.068401      5.600000      4.400000      9.200000      6.400000      2.237895      1.281053      8.043008      2.864834     -0.733342     -0.617815      5.000000      2.200000      2.133333      1.257143      1.381587      1.827829      8.800000     11.400000      1.759474      1.894000      0.071028
  1             859          1429          6331         0.648          7503     7.634e-04     2.883e-01     4.357e-07     6.334e-07     8.741e+00     8.582e-06     3.529e+00      5.600000      5.000000      0.618462      0.531410      3.019167      2.363654      0.767123      0.833333      7.300000      0.685348      3.177279      0.274822      2.330028      2.160278      0.207000      2.053750      2.000000      1.600000      1.200000      0.600000      0.479167      0.181731      0.481519      0.112137      0.338971      0.026270      1.000000      0.400000      4.466667      4.200000      3.644444      0.000000      2.600000      1.600000      0.264359      0.340000      0.222474      3.400000      1.800000      2.400000      1.000000      0.842105      0.349474      0.623826      0.283765      0.480823      0.199579      2.400000      1.000000      4.583333      2.900000      4.731945      2.450000      5.000000      6.800000      0.595789      4.320000      0.862086
  1            1514           528          2653         0.240          9991     2.307e-04     2.296e-01     1.749e-06     6.528e-07     1.735e+01     2.751e-07     1.385e+01      2.900000      3.100000      0.375897      0.394872      0.907885      1.051090      0.852941      0.861111      3.800000      0.409177      1.010443      0.109113      0.770132      0.776121      0.567625      0.171250      2.000000      2.800000      1.200000      2.200000      0.297949      0.608974      0.293055      0.637271     -0.112896      0.195293      0.600000      1.600000      3.466667      7.026667      8.911111      3.649778      3.400000      2.800000      0.453462      0.510250      0.111295      1.400000      1.400000      0.600000      0.600000      0.478947      0.821053      0.674158      0.782623     -0.231621     -0.015512      0.000000      0.000000      0.333333      0.666667      0.044444      0.711111      1.400000      0.600000      0.130000      0.136000      0.044118
  1            1003           297           778         0.574          4870     4.837e-04     1.796e-01     1.859e-08     8.966e-07     3.058e-01     5.963e-06     1.306e+01      4.400000      4.200000      0.613333      0.557308      3.053077      3.035064      0.676923      0.700000      5.300000      0.648576      3.209225      0.176439      1.501792      1.387928      0.289750      0.804563      1.800000      2.200000      0.800000      1.400000      0.336538      0.618590      0.185526      0.534675      0.361889      0.608908      0.400000      1.000000      5.900000      7.200000      0.450000      2.600000      2.600000      1.800000      0.382051      0.429500      0.110474      2.400000      1.800000      1.800000      0.800000      0.805263      0.287719      0.992342      0.189956     -0.191134     -0.219868      1.800000      0.800000      1.920000      1.000000      3.528000      1.000000      3.400000      2.600000      0.327895      0.550000      0.403828
  2            5565          7451                                               5.901e-04     1.938e-01     3.105e-07     8.523e-07     1.985e+01     7.122e-06     1.400e+01      7.800000      8.700000      0.792051      0.742051      8.820705     27.092436      0.787879      0.679688     12.400000      0.824937     18.793528      0.129425      3.080297      2.818794      0.118625      4.203813      5.200000      5.600000      5.800000      7.600000      1.498461      2.208462      2.911393      6.154245      0.058131      0.497489      2.800000      4.600000      5.793889      7.923214     12.091850     31.816502      9.400000     10.400000      1.853462      2.799375      0.337902      7.400000      9.800000     14.200000     18.000000      5.638947      6.574737     24.891155     28.743069      1.461298      1.098078      8.400000     12.200000      6.350173      4.953381     10.489004      9.694608     17.200001     32.799999      6.106842     18.441500      0.668853
  1            9814          5585          5734         0.790          5821     8.157e-04     2.860e-01     6.381e-06     4.665e-07     1.179e+01     1.968e-06     1.737e+01     12.400000     12.900000      0.867308      0.874872     37.113701     24.040417      0.644156      0.712707     18.900000      0.902722     32.653748      0.067170      3.286171      3.324209      0.066437      9.731766      9.400000      9.200000     13.600000     12.600000      3.357949      3.166410      6.724881      7.893854      0.063631      0.031862      9.000000      8.000000      6.030101      6.200000     20.018127     25.168064     17.200001     21.600000      3.262179      4.187000      0.220879      4.800000      3.600000      5.400000      4.200000      1.394737      1.645263      1.624021      2.577861     -0.167320      1.105299      4.000000      2.800000      2.723809      5.771429      5.825737      2.638776      7.200000      8.200000      1.520000      2.055500      0.260521
  2            9462           293                                               7.929e-04     2.969e-01     1.963e-07     2.676e-07     1.330e+01     4.425e-06     1.609e+01     14.500000     13.900000      0.902179      0.877692     44.660191     41.308800      0.721393      0.669879     19.000000      0.895316     43.249939      0.011875      2.683743      2.523269      0.099437      3.197734      4.600000      4.800000      4.200000      4.400000      0.926923      1.140769      0.964702      1.149231     -0.235341      0.262998      0.600000      0.800000      5.436666      5.814286     22.862612     23.641836      5.600000      5.000000      1.033846      1.143750      0.096091      5.600000      5.600000     10.600000     10.600000      1.602105      4.044210      7.078708     19.565992     -1.330782      1.158861      2.400000      2.400000      1.989744      5.372976      1.985799      5.061978      8.600000     13.000000      2.823158      5.200000      0.457085
  2             221          4730                                               8.131e-04     1.543e-01     1.446e-07     8.115e-07     1.178e+01     5.232e-07     1.400e+01      3.000000      2.300000      0.380385      0.204872      0.417628      0.652628      0.937500      0.696970      3.900000      0.514525      1.632373      0.599525      2.439011      2.066727      0.269125      4.360875      1.400000      1.000000      0.600000      0.000000      0.237500      0.000000      0.259708      0.000000      0.120376      0.000000      0.600000      0.000000      2.800000      0.000000      0.000000      0.000000      2.200000      1.800000      0.095000      1.335000      0.928839      1.000000      1.000000      0.000000      0.000000      0.000000      0.000000      0.000000      0.000000      0.000000      0.000000      0.000000      0.000000      0.000000      0.000000      0.000000      0.000000      1.800000      1.200000      0.000000      1.200000      1.000000
  1             613          1395          2811         0.738          3693     8.545e-04     2.427e-01     1.292e-07     2.806e-08     1.707e+00     2.768e-06     1.319e+01      4.600000      4.600000      0.608974      0.589872      4.248782      1.717115      0.707692      0.938776      6.700000      0.699399      3.696456      0.248462      2.224770      2.396733      0.203125      2.967500      1.000000      1.000000      0.000000      0.000000      0.000000      0.000000      0.000000      0.000000      0.000000      0.000000      0.000000      0.000000      0.000000      0.000000      0.000000      0.000000      1.000000      0.000000      0.000000      0.000000      0.000000      1.000000      1.200000      0.000000      0.200000      0.000000      0.033333      0.000000      0.030159      0.000000     -0.232878      0.000000      0.200000      0.000000      0.200000      0.000000      0.000000      1.600000      1.400000      0.010000      1.210000      0.991736
  2            9782          3119                                               5.065e-04     1.143e-01     2.286e-07     8.309e-07     1.034e+01     3.566e-06     8.443e+00      8.200000      9.000000      0.814744      0.811410      6.527500     10.077676      0.881720      0.750000     10.800000      0.832753      8.742543      0.046214      2.049053      2.221873      0.148062      2.152953      8.000000      8.200000     11.800000     12.000000      2.425385      3.228974      8.561731      9.294652     -0.163254      0.478317      3.800000      4.000000      5.934921      8.045440     24.423834     33.592346     13.000000     15.800000      2.827179      3.930250      0.280662      5.200000      7.000000     10.600000     11.000000      3.622105      3.010526     11.525252      7.956357      0.468754      0.029660      5.000000      5.400000      4.052778      3.467227      3.748665      3.641629     11.200000     16.000000      3.316316      4.619000      0.282027
  2             957          3416                                               3.282e-04     1.022e-01     1.487e-06     5.849e-07     1.482e+01     4.881e-07     5.458e+00      3.500000      4.400000      0.541667      0.627692      0.891603      1.716474      1.000000      0.936170      5.200000      0.644873      1.713386      0.170107      1.615143      1.790732      0.296438      1.682125      1.400000      1.800000      0.400000      0.800000      0.183761      0.517094      0.110804      0.286239      0.065124      0.668009      0.400000      0.800000      1.400000      7.500000      3.200000     11.250000      2.200000      1.200000      0.210256      0.420000      0.499389      1.400000      1.800000      0.400000      0.800000      0.257895      0.475439      0.149568      0.269646      0.268828      0.392358      0.400000      0.800000      2.200000      3.100000      0.000000      1.250000      2.400000      1.400000      0.220000      0.620000      0.645161
  1            9687           360           513         0.577          3782     8.298e-04     1.657e-01     2.510e-08     3.490e-07     1.593e+01     3.576e-07     9.365e+00     13.300000     13.100000      0.910256      0.908590     24.648718     26.898445      0.738889      0.698667     16.000000      0.913544     25.617449      0.008959      2.379533      2.369686      0.082438      0.671953      6.600000      8.000000      8.000000      8.600000      2.015641      2.205641      3.788461      3.902453      0.211796      0.227319      1.000000      1.600000      6.373333      6.758572     16.165445     31.935228      9.000000      9.600000      2.110641      2.117875      0.003416      2.000000      2.600000      1.200000      1.600000      0.261053      0.263158      0.207708      0.165380     -0.314223     -0.563811      0.600000      1.000000      2.400000      1.160000      0.200000      0.112000      3.000000      2.200000      0.262105      0.267000      0.018332
  2            2346          1245                                               1.667e-04     2.746e-01     6.120e-06     3.794e-07     3.015e+00     1.647e-06     1.486e+00      3.700000      4.000000      0.425000      0.462436      0.928590      1.180817      0.804348      0.888889      5.000000      0.478291      1.130012      0.132401      0.918408      1.070495      0.488000      0.350203      2.000000      1.200000      1.000000      0.200000      0.197009      0.155556      0.156088      0.083069     -0.406967      0.281265      0.800000      0.000000      2.066667      2.800000      0.044444      0.000000      2.000000      1.000000      0.105769      0.128000      0.173678      2.600000      2.800000      2.000000      2.200000      0.545263      0.484211      0.616642      0.527508     -0.143225     -0.467333      1.200000      1.400000      2.700000      1.316667      2.650000      1.915278      4.400000      3.400000      0.514737      0.606000      0.150599
  2            9158          9245                                               5.875e-04     2.493e-01     1.547e-08     1.522e-07     1.233e+01     9.126e-06     8.521e+00     11.000000     11.800000      0.862051      0.866923     13.627115     19.884295      0.733333      0.728395     15.500000      0.904430     18.492975      0.083846      3.219817      3.106824      0.056625      7.700000      4.000000      3.800000      3.800000      3.200000      0.998205      0.906923      1.129553      0.883969      0.259368      0.312892      2.800000      2.200000      7.144444      6.916667     27.962345     21.048611      6.400000      6.000000      0.952564      1.150500      0.172043     10.800000     10.200000     29.400000     25.200001      9.917894      8.766315     40.360756     36.942101      0.736939      0.891344     19.200001     15.000000      4.036225      4.019002      5.837195      9.657327     21.000000     48.400002      9.342105     20.833000      0.551572
  2            1308          8414                                               5.064e-04     1.825e-01     1.023e-07     1.344e-07     1.150e+01     5.600e-06     4.238e-01      4.100000      4.000000      0.498718      0.495769      2.305577      1.775833      0.863158      0.930233      6.500000      0.697373      4.273323      0.441471      3.279656      3.122112      0.107500      8.920875      1.000000      1.000000      0.000000      0.000000      0.000000      0.000000      0.000000      0.000000      0.000000      0.000000      0.000000      0.000000      0.000000      0.000000      0.000000      0.000000      1.000000      0.000000      0.000000      0.000000      0.000000      3.400000      1.400000      2.600000      0.400000      0.600000      0.040000      0.391969      0.036190     -0.201512     -0.465756      2.600000      0.400000      3.533333      0.400000      1.644444      0.000000      4.800000      9.600000      0.320000      7.390000      0.956698
  2            6074          9486                                               7.944e-04     2.053e-01     6.749e-08     9.255e-07     1.665e+01     9.133e-06     9.507e+00      9.800000      8.300000      0.845769      0.797436     10.921474      7.225513      0.784000      0.821782     12.800000      0.850475     11.202357      0.065076      2.809583      2.558892      0.121375      8.862687     11.400000     10.200000     12.400000     14.200000      2.653333      3.411538      3.927158      7.322536     -0.261347      0.567466      9.400000     11.200000      5.409524      9.388498     19.347721     19.838142     21.400000     23.600000      3.032436      5.182500      0.414870      9.200000      8.000000     20.000000     13.800000      6.831579      4.013684     25.410271      5.620245      0.669541      0.365057     15.200000      9.000000      4.348750      4.820040      7.389495      4.539692     17.200001     34.599998      5.422632     17.312500      0.686779
  2            3775          5844                                               2.819e-04     2.528e-01     8.838e-08     6.399e-07     4.642e+00     2.745e-06     7.606e+00      6.500000      6.200000      0.696026      0.634103     12.093846     10.405064      0.670103      0.681319      8.600000      0.751646     12.604795      0.204841      2.465788      2.254042      0.163937      5.916062      6.000000      5.200000      9.400000      4.600000      3.412500      1.323397     23.091660      1.217704      0.333301     -0.050597      7.800000      3.000000      5.752941      5.023334     23.048731     25.556168     10.600000     12.600000      1.894359      4.701500      0.597073      1.600000      2.600000      0.800000      1.600000      0.278947      0.364211      0.237332      0.283921      0.160103     -0.510080      0.800000      1.600000      1.800000      1.733333      2.533333      0.977778      4.000000      3.200000      0.321579      1.310000      0.754520
  1            6199          4026          5293         0.305          7154     3.508e-04     2.830e-01     8.843e-07     4.527e-07     1.897e+01     8.407e-06     1.228e+01      7.400000      6.400000      0.758846      0.709231      4.998590      4.407821      0.778947      0.810127      9.400000      0.794304      5.232721      0.140481      2.445234      2.312456      0.146938      2.326750      4.000000      7.400000      3.800000      7.200000      0.699744      1.473077      0.764863      1.788643     -0.321049     -0.381737      2.200000      5.600000      4.214286      5.171429     14.521836     18.430386     10.000000      9.400000      1.086410      1.449750      0.250622      7.000000      8.400000      8.600000     24.200001      2.671579      7.212632      3.988894     54.458046      0.036419      0.276948      4.600000     20.200001      3.554167      3.667122      5.217274      3.767651     15.400000     30.400000      4.942105     16.849001      0.706683
  1            6619           268          1797         0.382          4053     3.369e-04     1.210e-01     6.546e-06     6.284e-07     9.313e+00     8.882e-06     1.312e+01      8.900000     10.400000      0.805256      0.838205     14.514215     10.899792      0.784141      0.842105     12.200000      0.831962     12.795024      0.024259      1.928948      1.994999      0.158063      0.983031      6.000000      5.200000      7.000000      6.200000      1.844359      1.681795      2.554868      2.543562      0.196397      0.068989      1.800000      1.000000      5.302778      6.296753     23.746721     33.157089      7.600000      8.000000      1.763077      1.803000      0.022143      7.400000     10.600000     18.200001     23.200001      5.360000      6.591579     33.125515     28.056307      0.212109      0.005700      1.800000      6.800000      3.630218      3.220797      4.273475      3.634386     14.200000     25.000000      5.975790      6.095500      0.019639
  1            9304          1377          5157         0.895          6611     9.334e-04     2.179e-01     6.195e-06     4.653e-08     4.981e+00     6.369e-06     1.565e+01     13.900000     14.500000      0.901795      0.905385     53.586250     70.690094      0.645012      0.560928     19.200001      0.914114     64.311630      0.022170      2.957061      2.807562      0.075625     11.692062      1.400000      1.200000      0.400000      0.200000      0.189103      0.240385      0.134165      0.124975     -0.111733      0.298394      0.200000      0.000000      1.800000      3.000000      0.000000      0.000000      1.400000      0.400000      0.085897      0.120000      0.284188      7.000000      5.800000     13.400000     11.200000      3.513684      3.041053      9.270510     16.558781     -0.435780     -0.149686      6.000000      3.800000      3.193953      3.114469      7.903044      1.002006     11.600000     17.200001      3.277368      6.148000      0.466921
  2            5914           597                                               2.276e-04     2.582e-01     9.381e-06     2.008e-07     1.694e+01     3.730e-07     3.545e+00      7.100000      8.300000      0.761538      0.800128      4.447067      5.260737      0.940397      0.907104      9.800000      0.801392      5.063738      0.049404      1.858190      1.943302      0.178563      1.071547      1.800000      1.600000      0.800000      0.600000      0.132051      0.106410      0.101422      0.073597     -0.340255     -0.077621      0.600000      0.400000      3.000000      2.300000      0.000000      0.050000      2.200000      1.200000      0.119231      0.120000      0.006410      2.200000      2.000000      1.200000      1.000000      0.652632      0.280702      0.379077      0.196937      0.231242     -0.399958      1.000000      0.800000      2.566667      1.600000      1.427778      0.000000      3.000000      2.000000      0.280000      0.348000      0.195402
  1            8120          6580          7046         0.573          8345     7.256e-04     1.857e-01     1.407e-08     4.330e-07     1.652e+01     5.142e-06     1.882e+01     10.700000     10.500000      0.843974      0.847308     19.486858     11.699231      0.798507      0.853659     14.400000      0.875633     17.508751      0.065370      2.875575      2.848330      0.095125      8.346687      6.200000      4.400000      5.400000      4.000000      1.167436      0.908718      0.960202      1.013246     -0.089622      0.036912      5.200000      3.800000      6.440000      6.703333     32.297554     19.049944      9.600000      9.400000      1.038077      1.995000      0.479661      5.200000      4.000000     11.200000      4.800000      3.723158      1.609474     13.994703      2.804695      0.556537      0.212672     10.200000      3.800000      4.147619      3.467532      3.524376      1.746028      9.000000     16.400000      2.666316      6.938000      0.615694
  2            3419           203                                               5.256e-04     1.776e-01     3.810e-06     2.841e-07     8.189e+00     7.854e-07     1.870e+01      7.100000      7.400000      0.770000      0.741795     10.099728      8.773317      0.710000      0.725490      8.600000      0.768038      9.512413      0.031053      1.522424      1.479197      0.220125      0.771594      3.200000      3.200000      3.000000      3.000000      1.059936      1.129808      1.940916      1.878745     -0.035917     -0.097045      0.400000      0.400000      4.511111      4.116667     15.819753     12.859722      3.600000      3.400000      0.875897      0.888750      0.014461      1.600000      1.800000      0.600000      0.800000      0.349123      0.349123      0.209942      0.226576      0.258347     -0.149543      0.400000      0.600000      3.000000      1.700000      0.000000      1.250000      2.200000      1.200000      0.209474      0.266000      0.212505
  1            1218           916          1966         0.900          3939     5.964e-04     2.536e-01     6.102e-06     9.063e-07     1.533e+01     8.266e-06     9.078e+00      4.600000      4.400000      0.589615      0.578333      4.875064      3.206859      0.718750      0.745763      6.300000      0.688418      4.782437      0.261643      2.334571      2.217883      0.209750      3.130875      4.600000      3.600000      5.200000      4.000000      0.971538      1.366923      2.768252      2.478107     -0.379456      0.880657      3.000000      1.800000      4.864102      9.361818     12.624412     20.303619      6.600000      7.000000      1.169231      1.443750      0.190143      2.400000      3.800000      1.400000      3.200000      0.406316      0.895789      0.262111      0.874882      0.134067     -0.147722      1.200000      3.000000      3.466667      3.100000      2.511111      2.300000      5.400000      4.600000      0.651053      1.308500      0.502444
  1            3736          1029          5135         0.208          9355     8.144e-04     1.530e-01     8.086e-06     9.459e-07     3.329e+00     2.294e-06     7.712e+00      8.500000      7.800000      0.746667      0.702308      5.347981      5.016683      1.017964      0.945455     11.100000      0.740981      5.209363      0.041743      1.968513      1.865329      0.242938      0.365891      4.800000      6.000000      6.000000      6.400000      2.037500      2.008974      3.461950      2.895954      0.525690      0.201417      2.400000      2.800000      6.729365      5.868095     11.947276     25.369196      8.200000      8.800000      1.618590      1.639375      0.012679      4.200000      5.400000      3.800000      6.200000      1.129474      1.675789      0.945547      2.666388      0.075309     -0.253095      3.000000      5.400000      2.588571      2.890000      1.271728      3.534500      9.000000      9.200000      1.402632      2.217000      0.367329
  2            2279          7017                                               6.522e-04     1.262e-01     2.777e-06     4.552e-07     2.258e+00     6.922e-06     1.792e+01      5.600000      7.100000      0.651026      0.695641      3.213718      7.769743      0.823529      0.784530      8.900000      0.723829      7.155032      0.128041      2.315068      2.575717      0.226938      6.844625      1.600000      1.800000      0.600000      0.800000      0.260256      0.375000      0.169879      0.226032     -0.114218      0.044911      0.600000      0.800000      0.800000      3.933333      1.733333      0.177778      2.600000      1.800000      0.127051      0.715000      0.822306      4.800000      3.800000      4.800000      5.200000      1.169474      2.070526      1.160808      4.028421     -0.136349      1.145732      3.800000      4.200000      3.950000      6.142222      4.876389      3.747753      8.600000     17.200001      1.620000     11.798000      0.862689
  1            3047          6812          7373         0.055          7446     4.433e-04     2.421e-01     2.173e-08     8.513e-07     1.391e+01     9.231e-07     3.006e+00      4.700000      4.500000      0.580897      0.548846      3.439039      1.700064      0.734375      0.818182      7.300000      0.692595      7.203829      0.309034      3.008496      2.747555      0.182875     18.433874      3.800000      3.200000      4.200000      2.600000      1.329744      0.352051      3.052783      0.377347      0.227504     -0.514687      3.800000      2.200000      6.333333      4.680000     16.251112      0.248000      6.200000      6.400000      0.840897      1.458625      0.423500      1.400000      1.600000      0.400000      0.600000      0.072368      0.347368      0.061216      0.186800     -0.351188      0.696402      0.400000      0.600000      0.600000      4.000000      0.000000      0.000000      2.800000      1.800000      0.167895      1.030000      0.836995
  1            1685          2969          6040         0.379          8897     2.390e-04     1.892e-01     5.487e-08     7.162e-07     1.667e+01     2.167e-06     3.321e+00      3.900000      3.400000      0.530256      0.480000      1.316667      0.709551      0.847826      0.944444      5.100000      0.613228      1.164953      0.296537      1.950213      1.765807      0.281375      0.650437      5.400000      3.200000      5.200000      3.000000      1.425385      0.856410      2.950881      1.222588      0.169659      0.252099      4.200000      2.000000      6.421795      7.136667     35.106598     30.123278      7.600000      7.400000      1.140897      1.767625      0.354559      2.000000      1.400000      1.400000      0.400000      0.325263      0.124211      0.316341      0.068271     -0.002429      0.073388      1.400000      0.400000      3.400000      2.000000      0.200000      0.000000      2.800000      2.200000      0.224737      1.250000      0.820211
  1            2229          3495          5776         0.933          9725     1.983e-04     2.526e-01     2.005e-07     2.262e-08     4.396e+00     3.762e-06     4.928e+00      3.900000      4.100000      0.591282      0.567180      2.993974      2.119295      0.750000      0.803922      5.900000      0.675095      3.443275      0.246543      2.427045      2.427996      0.231438      3.630063      1.000000      1.000000      0.000000      0.000000      0.000000      0.000000      0.000000      0.000000      0.000000      0.000000      0.000000      0.000000      0.000000      0.000000      0.000000      0.000000      1.000000      0.000000      0.000000      0.000000      0.000000      3.200000      4.000000      3.800000      4.400000      0.516842      1.332632      1.049719      2.359889     -1.100710      0.063090      3.400000      4.000000      1.230000      2.684849      0.265500      1.730670      7.000000     10.600000      0.924737      5.165000      0.820961
  1            4640          2103          4857         0.138          4940     7.576e-04     2.190e-01     6.447e-07     2.285e-07     2.555e+00     6.361e-06     5.080e+00      8.100000      7.400000      0.791538      0.757308     20.782629      6.912820      0.642857      0.704762     10.500000      0.820728     16.255175      0.105408      2.542545      2.152455      0.134125     10.201813      2.000000      1.200000      1.000000      0.200000      0.144017      0.016667      0.121180      0.015854     -0.673254     -0.224821      1.000000      0.200000      1.000000      0.200000      0.200000      0.000000      2.200000      1.200000      0.048205      0.050000      0.035897      5.600000      5.400000     19.200001     16.400000      7.727368      4.994737     59.605209     42.493919      1.615170      0.299668      7.200000      4.400000      6.100635      3.523947      7.591729      1.106326     10.800000     23.600000      6.361053      9.583000      0.336215
  2            3665           793                                               3.878e-04     1.656e-01     1.152e-07     8.554e-07     5.267e+00     5.354e-06     3.311e+00      6.800000      5.900000      0.727179      0.660256      6.912116      5.669680      0.790698      0.786667      7.800000      0.730570      6.457563      0.094397      1.776272      1.646799      0.233500      0.972875      5.000000      4.800000      4.800000      4.400000      1.292308      0.990769      1.392819      1.061395      0.312925     -0.009912      1.600000      1.200000      7.657143      5.973333     28.778685     17.280001      6.400000      6.000000      1.141539      1.238000      0.077917      6.000000      6.600000      7.000000      7.800000      2.412632      2.314737      4.113617      3.036586      0.560574      0.304838      4.200000      5.000000      4.033333      3.786593      7.759877      7.167233     11.400000     12.000000      2.363684      2.965000      0.202805
  2            4348          4984                                               3.794e-04     1.505e-01     1.319e-06     5.243e-07     9.625e+00     6.231e-06     3.782e+00      5.200000      5.900000      0.660128      0.636923      3.004391      4.916987      0.793893      0.855072      8.000000      0.742184      5.353172      0.222050      2.288257      2.705081      0.166500      5.698344      3.200000      3.200000      2.200000      2.400000      0.449487      0.334359      0.366531      0.269777     -0.320597     -0.596497      2.000000      2.200000      4.483333      3.316667     13.731944     11.031944      5.200000      4.400000      0.391923      0.448000      0.125172      6.400000      3.800000      7.400000      9.000000      2.189474      3.428421      3.628939      9.890343      0.083044      1.227759      6.000000      7.600000      4.108333      6.409487      8.750168     14.438524     10.200000     15.600000      2.808947      5.381500      0.478036
  2            9476           358                                               9.765e-04     1.998e-01     5.361e-07     9.077e-07     1.919e+01     9.472e-06     1.839e+01     12.000000     12.700000      0.865256      0.880641     22.087051     20.237597      0.764331      0.798742     15.800000      0.879082     21.125008      0.014045      2.283808      2.252611      0.114937      0.910719      8.600000      7.000000     12.200000     10.200000      2.425385      2.470769      4.555406      5.424264     -0.441129      0.041953      3.000000      1.000000      5.249748      6.526291     21.684843     21.403399     10.200000     13.200000      2.448077      2.484750      0.014759     10.800000      9.600000     33.000000     31.000000     11.315789      5.098948    121.522697     45.957336      0.800891     -1.608408      5.000000      3.000000      4.214900      1.832270      4.941374      2.945620     17.400000     36.000000      8.207369      9.057500      0.093859
  2            6835          1975                                               3.804e-04     1.602e-01     1.162e-07     1.912e-08     1.536e+01     2.628e-06     7.331e+00      8.400000      9.200000      0.803974      0.795256      9.992949     13.834039      0.750000      0.760331     11.600000      0.837880     13.436946      0.086436      2.440446      2.465643      0.124812      6.613313      1.000000      1.200000      0.000000      0.200000      0.000000      0.261538      0.000000      0.193384      0.000000      0.032115      0.000000      0.200000      0.000000      1.200000      0.000000      0.000000      1.200000      0.200000      0.026154      0.030000      0.128205      2.800000      4.200000      2.600000      4.200000      0.547368      1.343158      0.793651      1.437872     -0.606773      0.546005      1.400000      3.000000      2.290000      4.633333      0.449500      3.850000      5.800000      5.600000      0.945263      1.205000      0.215549
  1            1034          2133          2233         0.677          5496     9.202e-04     2.646e-01     9.930e-08     4.261e-07     6.029e-01     1.719e-06     1.193e+00      6.000000      6.200000      0.687308      0.721538     10.302756      4.938461      0.705882      0.696629      9.900000      0.796614     14.116345      0.205035      3.080022      3.313125      0.113500     26.039188      2.400000      1.600000      2.000000      0.600000      1.088462      0.203419      1.429145      0.153183      0.515096     -0.115434      2.000000      0.600000      5.533333      2.800000      5.977778      0.000000      3.000000      2.600000      0.387564      0.515000      0.247448      2.000000      1.200000      1.400000      0.200000      0.198947      0.020000      0.228989      0.018095     -0.926368     -0.232878      1.400000      0.200000      1.800000      0.200000      0.000000      0.000000      2.600000      1.600000      0.109474      0.840000      0.869674
  2            9688          3207                                               5.899e-04     1.406e-01     7.033e-06     9.824e-07     1.682e+01     5.393e-06     3.168e+00     11.600000     11.600000      0.848718      0.864231      8.572420     12.454327      0.906250      0.865672     15.800000      0.875063     11.452670      0.040839      2.657640      2.717652      0.106812      4.235890      9.800000     10.800000     13.200000     15.800000      3.862564      4.224616      9.144509     10.202452      0.768952      0.510321      3.800000      6.400000      7.608376      7.244682     25.314009     25.333775     17.200001     19.600000      4.043590      4.589875      0.119020      8.600000      7.200000     13.600000     11.600000      2.733684      3.568421      7.344823      6.133033     -0.927033      0.374316     10.000000      8.000000      2.391905      4.052908      3.683455      5.951324     15.600000     21.600000      3.151053      4.906500      0.357780
  2            6777          3424                                               9.420e-04     1.254e-01     1.849e-07     2.516e-07     8.742e+00     3.563e-06     1.091e+01     13.300000     12.300000      0.893462      0.891538     24.643702     26.272228      0.771015      0.768750     17.799999      0.913544     26.443434      0.043933      3.044976      3.021139      0.065937      5.165500      2.400000      3.200000      1.400000      2.200000      0.217179      0.447692      0.171195      0.276492     -0.563192     -0.153792      1.400000      2.200000      2.466667      4.790000      6.377778     14.609500      4.600000      3.600000      0.332436      0.485000      0.314565      5.000000      3.800000      7.000000      4.800000      2.555789      1.460000      4.157828      3.184043      1.140169      0.075924      5.800000      3.600000      5.764744      3.300000      5.734810      1.934000      8.000000     10.600000      2.007895      2.648000      0.241732
  1            8207          1820          5159         0.521          8161     1.793e-04     2.765e-01     1.694e-08     9.456e-07     8.480e+00     9.934e-06     1.968e+01      7.500000      7.000000      0.712564      0.730128      8.275192      7.219423      0.773196      0.823529      9.500000      0.767595      8.240854      0.112998      2.158780      2.053666      0.187312      2.336875      7.800000      7.800000      8.400000     10.800000      2.609936      2.666667      3.798495      5.110211     -0.048555     -0.298697      3.000000      5.400000      4.236863      4.471364     15.113467     19.661070     12.400000     13.800000      2.110641      2.175500      0.029813      8.000000     12.600000     17.799999     30.400000      5.168421     10.177895     19.224640     60.347195      0.159740      0.699208      5.600000     18.200001      3.631601      4.159210      5.351403      5.961769     20.600000     36.000000      7.673158      9.310500      0.175860
  1            3957          1079          2585         0.826          3582     4.015e-04     1.320e-01     1.745e-06     9.458e-07     1.339e+01     6.315e-06     1.076e+01      6.100000      5.800000      0.758333      0.671410      4.498189      3.349038      0.835616      0.852941      7.300000      0.757722      4.917670      0.106514      1.932053      1.595143      0.200500      4.122703      4.400000      4.400000      4.600000      4.800000      1.192564      1.359487      1.633271      2.275618      0.371680      0.146860      1.800000      2.000000      8.204286      6.316667     19.231337     16.826389      6.800000      6.600000      1.276026      1.625250      0.214874      2.200000      4.800000      1.400000      8.600000      0.410526      3.371579      0.350042      8.981604      0.039250      1.509439      1.400000      8.600000      3.333333      5.825128      0.044444      8.045913      7.000000     10.600000      1.891053      4.210000      0.550819
  1            6238          4966          8181         0.788          8707     9.658e-04     2.350e-01     3.598e-08     9.868e-07     7.694e+00     6.687e-06     9.953e+00      9.800000     11.800000      0.853846      0.870256     15.957996     30.230497      0.707581      0.659218     15.400000      0.892120     24.418884      0.064891      2.942617      3.158928      0.078562      6.387031      5.000000      4.200000      5.800000      5.800000      1.124872      1.680256      2.524700      6.541101     -0.031945      0.442617      2.400000      2.400000      6.645098      7.434616     22.848001     18.744009      7.400000      8.200000      1.402564      2.560000      0.452123      9.000000      7.200000     14.000000      9.000000      3.800000      2.175789      7.479688      3.451813     -0.276509     -0.644500     11.200000      6.200000      3.374227      2.603788     11.121192      5.345888     16.200001     22.000000      2.987895      6.719000      0.555307
  2             856          7772                                               8.539e-04     2.009e-01     2.067e-08     8.250e-07     4.559e+00     4.192e-06     8.983e+00      5.400000      5.600000      0.651026      0.676282      4.011987      5.118910      0.805970      0.700000      8.600000      0.790601      7.451424      0.275102      3.115876      3.293802      0.085625     11.627875      2.200000      1.400000      1.400000      0.400000      0.368205      0.137179      0.271955      0.080209     -0.035997      0.261992      1.200000      0.200000      3.200000      4.200000      5.300000      0.000000      3.600000      3.000000      0.252692      1.933500      0.869308      2.200000      2.400000      1.200000      1.600000      0.361053      0.400000      0.249117      0.280290      0.125302     -0.116317      1.200000      1.600000      3.100000      3.000000      2.050000      4.900000      4.600000     11.200000      0.380526      9.170000      0.958503
  2            7593          6701                                               6.314e-04     1.665e-01     1.311e-07     7.576e-07     1.610e+01     6.825e-06     7.860e+00      8.900000      9.600000      0.806923      0.743590      8.021153     18.469038      0.780702      0.758893     13.000000      0.824272     15.516091      0.111679      2.803531      2.783877      0.127937      9.632688      6.800000      6.400000      6.400000      7.200000      1.179487      1.621282      1.030457      1.981275     -0.245343      0.001550      4.600000      5.400000      6.573333      6.407857     23.767555     27.225786     11.800000     11.800000      1.400385      1.892500      0.260035      5.800000      7.200000      9.800000     14.400000      2.685263      5.948421      8.877043     28.979422     -0.058475      1.215908      6.000000     10.600000      3.316483      5.260971      2.730815      8.838143     12.800000     21.600000      4.316842      8.906000      0.515288
  2            5305          9688                                               1.858e-04     2.852e-01     3.877e-07     5.614e-07     1.979e+01     1.459e-06     3.214e+00      6.900000      7.000000      0.695000      0.728974      7.799744      6.890240      0.690000      0.725389     10.600000      0.792816     12.502354      0.182184      3.143363      2.978517      0.128375     20.738829      5.600000      4.200000      7.000000      4.200000      1.954359      1.065385      3.704284      1.143225      0.359548      0.382354      5.800000      3.000000      7.130357      6.470000     28.295839     17.532772      9.200000     10.400000      1.509872      2.880500      0.475830      2.400000      2.200000      1.800000      1.200000      0.502105      0.189474      0.421214      0.149552      0.013025     -0.869569      1.800000      1.200000      3.040000      1.600000      0.352000      0.000000      4.600000      5.200000      0.345789      2.610000      0.867514
  1            7276          2699          4212         0.057          9212     9.696e-04     2.212e-01     9.968e-07     7.193e-07     1.911e+01     3.231e-07     1.228e+01     11.100000     12.400000      0.867821      0.846282     18.557388     32.454842      0.707006      0.672087     17.000000      0.899367     29.834892      0.089491      3.325991      3.355904      0.059375     18.373985     10.400000      9.000000     15.200000     13.200000      3.711795      3.083590      6.734524      6.150196      0.188415      0.085807      7.000000      5.000000      5.873053      6.789159     21.305441     27.684298     17.400000     20.200001      3.397692      3.952750      0.140423      1.600000      1.400000      0.600000      0.400000      0.296491      0.180702      0.190281      0.132563      0.056168     -0.017996      0.600000      0.400000      2.200000      0.700000      0.000000      1.250000      2.000000      1.000000      0.143158      0.180000      0.204678
  2             199          1807                                               5.551e-04     1.647e-01     1.431e-06     3.245e-07     3.365e+00     7.387e-06     2.155e+00      1.900000      2.400000      0.206667      0.312564      0.145256      0.202115      0.950000      1.000000      3.700000      0.430380      1.496883      0.564398      1.976813      2.281208      0.403125      5.235312      1.000000      1.000000      0.000000      0.000000      0.000000      0.000000      0.000000      0.000000      0.000000      0.000000      0.000000      0.000000      0.000000      0.000000      0.000000      0.000000      1.000000      0.000000      0.000000      0.000000      0.000000      1.200000      1.000000      0.200000      0.000000      0.053684      0.000000      0.039482      0.000000     -0.017220      0.000000      0.200000      0.000000      0.600000      0.000000      0.000000      0.000000      2.200000      2.800000      0.026842      2.630000      0.989794
  2            2045           619                                               2.222e-04     2.773e-01     8.151e-08     8.776e-07     1.764e+01     8.893e-06     1.168e+01      4.800000      4.600000      0.618718      0.658590      2.674423      2.718526      0.750000      0.730159      6.300000      0.664082      2.813544      0.072859      1.307798      1.436042      0.311125      0.597250      3.800000      3.000000      3.600000      3.000000      0.785641      0.810769      0.921822      1.177798     -0.322480      0.303044      1.600000      1.000000      5.350000      5.660000     25.117500     12.362000      4.800000      4.600000      0.798205      0.839750      0.049473      4.200000      3.600000      4.800000      3.400000      0.841053      0.637895      1.159404      0.857978     -0.749795     -0.876070      4.400000      3.000000      2.011539      1.542857      1.299334      2.412245      7.400000      7.800000      0.739474      2.550000      0.710010
  2            5201          5091                                               6.471e-04     1.206e-01     1.088e-08     6.567e-07     1.908e+01     2.676e-07     6.784e+00      8.500000      7.900000      0.804487      0.796795     10.743077      6.916266      0.779817      0.827225     11.500000      0.855285     13.091341      0.118619      2.898602      2.831259      0.091438     17.275078      3.000000      4.000000      3.400000      5.000000      1.390064      2.038782      3.976620      5.301246      0.280964      1.043969      1.200000      2.800000      5.303030      9.333333      8.128742     13.792778      6.000000      6.200000      1.371539      1.659500      0.173523      1.200000      1.400000      0.200000      0.400000      0.050000      0.502632      0.045238      0.367711     -0.232878      0.367270      0.200000      0.400000      0.200000      1.700000      0.000000      0.450000      1.800000      0.800000      0.110526      0.380000      0.709141
  1            8427          1327          3245         0.544          8230     8.641e-04     2.739e-01     6.613e-06     1.471e-08     6.388e+00     3.364e-06     4.685e+00     15.300000     16.500000      0.918333      0.910385     40.723476     54.475914      0.675497      0.653465     22.000000      0.927880     49.399384      0.028114      3.166014      3.152224      0.058938      9.488750      1.600000      2.000000      0.600000      1.000000      0.108120      0.358974      0.088976      0.241674     -0.310368     -0.054043      0.200000      0.600000      1.200000      3.300000      0.000000      5.850000      2.200000      1.200000      0.140128      0.156000      0.101742      4.200000      5.800000      6.400000      8.600000      1.756842      2.310526      6.512609      6.621972     -0.053880     -0.368772      2.400000      4.600000      2.633333      2.920076      1.994444      2.802819      8.400000     11.000000      2.033684      2.214000      0.081443
  2            1082          3791                                               7.751e-04     1.314e-01     4.398e-08     8.203e-07     1.099e+01     7.724e-07     9.630e+00      5.100000      3.900000      0.551795      0.520256      3.855256      0.885705      0.850000      0.951219      6.900000      0.648639      4.078180      0.294169      2.584609      2.271579      0.241563      6.863937      1.800000      1.200000      1.000000      0.200000      0.319231      0.074038      0.295119      0.052179      0.080475      0.074159      1.000000      0.200000      3.600000      1.400000      0.400000      0.000000      2.200000      1.400000      0.157308      0.495000      0.682207      1.000000      1.200000      0.000000      0.200000      0.000000      0.063158      0.000000      0.051462      0.000000     -0.118310      0.000000      0.200000      0.000000      0.400000      0.000000      0.000000      1.600000      0.800000      0.018947      0.620000      0.969440
  1            5826          2811          3364         0.097          9806     9.911e-04     1.087e-01     1.314e-08     3.765e-07     8.092e+00     3.901e-06     1.927e+01      9.300000      9.500000      0.834615      0.839872      8.830961     11.432564      0.830357      0.840708     12.300000      0.865348     11.066218      0.062403      2.485941      2.554695      0.107250      4.197688      4.600000      4.400000      4.600000      4.000000      0.998718      0.753333      0.918246      0.772419     -0.482377     -0.502518      3.200000      2.600000      4.062222      4.535714     18.478420     16.986479      7.800000      7.200000      0.876026      1.206375      0.273836      4.600000      5.800000      5.200000      8.400000      1.340000      3.371579      1.555472      9.657627     -0.290423      1.362705      4.400000      7.600000      2.732941      5.733182      7.538692      5.508434     10.000000     12.800000      2.355789      3.842000      0.386833
  2            6861          6837                                               1.840e-04     2.636e-01     1.955e-08     7.700e-07     1.088e+00     5.202e-06     1.340e+01      6.200000      5.600000      0.718974      0.722949      3.602692      2.118654      0.879433      0.835821      8.200000      0.802310      4.875364      0.182879      2.552021      2.781807      0.118375      8.101063      5.400000      5.800000      6.600000      6.400000      1.579744      1.358205      2.757137      2.047308      0.129246      0.008058      4.600000      4.400000      5.746666      6.461111     28.405361      7.359105     10.400000     11.000000      1.468974      2.477250      0.407014      8.400000      6.800000     11.600000     11.200000      3.872632      4.278947      8.215834      9.679649      0.465579      1.348384      9.600000      9.200000      4.501135      5.757692      9.880627      7.482843     15.000000     20.799999      4.075789      6.781000      0.398940
  1            9902           742          3904         0.314          4359     3.651e-04     2.540e-01     1.176e-07     3.883e-07     1.912e+01     7.775e-06     5.561e+00      9.900000      9.600000      0.836282      0.823205     10.176731     10.074343      0.764479      0.771084     12.000000      0.843513     10.280850      0.031588      2.055317      1.974024      0.143063      1.119766      6.200000      7.200000      7.000000      8.800000      1.841538      1.975128      4.348804      4.477818      0.259655     -0.130052      0.600000      2.400000      6.008333      5.662222     14.424653     18.139099      9.000000      9.400000      1.908333      1.954250      0.023496     13.400000     12.200000     32.400002     32.000000     10.861053      7.835790     44.501255     38.174961      0.569735     -0.561714      7.400000      7.000000      3.408100      2.323638      4.723183      2.029881     23.600000     39.400002      9.348421      9.746000      0.040794
  1            7964          4474          5780         0.879          9515     1.168e-04     2.216e-01     8.877e-08     9.849e-07     1.922e-01     6.638e-06     9.038e+00      4.800000      4.300000      0.588077      0.606154      1.463269      1.660962      0.857143      0.895833      6.200000      0.679272      2.311551      0.214382      1.818422      2.096163      0.240625      3.038375      6.600000      5.200000     11.600000      8.200000      3.062308      2.673846     14.557588     20.466316     -0.553766      0.235329      6.600000      3.200000      4.057778      5.585000     19.332346     12.681375     11.000000     14.800000      2.868077      3.669500      0.218401      6.000000      7.600000      8.400000     17.200001      1.541053      5.012631      2.382746     24.462233     -1.144395      0.062859      6.800000     15.600000      1.909524      3.298199      2.454308      2.525661     13.000000     24.200001      3.276842      4.728000      0.306928
  2            2405          8264                                               1.011e-04     1.187e-01     2.990e-08     9.758e-07     1.261e+01     7.205e-06     8.408e+00      3.900000      3.000000      0.449359      0.351282      0.948974      1.155641      0.975000      0.789474      4.600000      0.564715      1.481772      0.447278      2.278144      1.786992      0.275000      1.749000      2.600000      4.600000      1.600000      4.200000      0.370256      0.799231      0.234581      1.007298      0.247973     -0.464261      1.600000      4.200000      7.966667      4.493333      8.494445      9.789778      7.000000      8.200000      0.584744      4.295000      0.863855      2.800000      3.200000      3.000000      2.200000      1.078947      0.451579      1.796864      0.268087      0.537473     -0.746364      3.000000      2.200000      4.300000      2.120000      2.005556      3.221333      6.000000     10.000000      0.765263      6.060000      0.873719
  2            3942          5846                                               6.005e-04     2.756e-01     1.822e-06     1.880e-07     1.164e+01     7.501e-06     7.321e+00      8.200000      7.800000      0.754615      0.755128     10.169150      8.114984      0.650794      0.757282     12.500000      0.852943     11.925879      0.204683      3.623367      3.547517      0.051438     11.453156      2.600000      3.000000      1.600000      2.000000      0.441026      0.690705      0.266986      0.460146     -0.057121      0.319611      1.400000      1.800000      3.666667      6.283333     14.977777     13.548611      4.400000      3.400000      0.452692      0.580000      0.219496      4.200000      2.800000      4.400000      2.000000      0.778947      0.669474      0.896040      0.481894     -0.996506      0.497231      4.200000      1.800000      1.823333      4.766667      0.697278      1.294444      7.000000      9.400000      0.724211      4.560000      0.841182
  2            3414          4623                                               1.283e-04     2.988e-01     1.075e-07     2.418e-08     1.218e+01     1.906e-06     4.404e+00      4.700000      4.500000      0.599615      0.623462      2.645320      2.518397      0.824561      0.882353      6.700000      0.714430      2.977848      0.249689      2.420415      2.417339      0.185250      1.693250      1.000000      1.000000      0.000000      0.000000      0.000000      0.000000      0.000000      0.000000      0.000000      0.000000      0.000000      0.000000      0.000000      0.000000      0.000000      0.000000      1.000000      0.000000      0.000000      0.000000      0.000000      2.400000      3.400000      3.200000      4.000000      1.419737      1.165789      5.389230      1.973461      0.250476     -0.447151      3.200000      4.000000      1.687179      2.080000      1.238922      2.180245      5.400000      7.800000      1.034211      3.390000      0.694923
  1            2796          3186          3736         0.927          4911     2.730e-04     2.734e-01     1.347e-06     7.888e-07     1.482e+01     8.622e-06     1.405e+01      5.200000      7.300000      0.563718      0.699744      4.642051      9.362147      0.662420      0.719212      8.900000      0.737278     10.416512      0.248131      2.301239      2.598707      0.159812     13.837031      3.800000      3.400000      3.400000      2.600000      0.584615      0.834615      0.643914      0.732290     -0.372627      0.801219      2.800000      2.000000      5.269048      9.233334     10.004733     16.938889      5.800000      5.400000      0.709615      1.135750      0.375201      4.800000      7.000000      5.000000     10.200000      1.272632      3.646316      1.868198      6.028193     -0.255972      0.996149      4.000000      9.200000      3.064762      4.530574      2.538077      6.302441     11.800000     17.200001      2.459474      7.961000      0.691060
  1            9264          7447          7872         0.253          9963     2.180e-04     2.807e-01     6.595e-07     6.459e-07     6.989e+00     2.021e-06     1.145e+00      8.200000      7.300000      0.811282      0.756410     10.064151     11.430962      0.766355      0.679070     11.100000      0.836044     11.241388      0.117231      2.888565      2.636606      0.113063      2.488016      7.000000      7.600000      7.200000      9.600000      1.738782      3.330449      3.452516      7.541747     -0.550295      0.378591      4.600000      7.000000      3.004762      5.414652      7.558617     18.301271     13.000000     14.200000      2.027692      4.108000      0.506404      6.800000      5.800000      7.600000      9.000000      1.605263      3.030526      1.811256      9.389802     -0.732111      0.504987      6.000000      7.400000      2.660684      3.324276      5.540627      4.094174     12.600000     16.000000      2.317895      5.254000      0.558832
  2            3644          2378                                               8.252e-04     1.100e-01     2.530e-08     2.060e-08     7.092e+00     3.854e-06     1.625e+01      7.800000      9.000000      0.789487      0.770513      7.459295     14.750641      0.764706      0.720000     12.500000      0.816297     16.797136      0.085021      2.794956      2.926786      0.148312     23.039312      1.000000      1.000000      0.000000      0.000000      0.000000      0.000000      0.000000      0.000000      0.000000      0.000000      0.000000      0.000000      0.000000      0.000000      0.000000      0.000000      1.000000      0.000000      0.000000      0.000000      0.000000      3.200000      3.600000      3.200000      4.600000      0.711842      1.384210      0.815170      3.134907     -0.718029     -0.269175      2.400000      3.800000      1.126667      2.540000      1.433111      3.264222      6.200000      7.000000      0.838421      2.070000      0.594966
  1            4551            75          3383         0.525          4386     6.403e-04     2.087e-01     3.298e-08     7.157e-07     4.141e+00     4.835e-07     1.211e+01      7.500000      8.100000      0.788718      0.797821     12.135834     11.246090      0.742574      0.786408      9.000000      0.800063     11.753418      0.016690      1.537151      1.607896      0.193312      0.831250      5.400000      5.800000      7.600000      7.600000      2.156667      2.228205      2.846797      3.111593      0.433662      0.761364      1.000000      1.000000      7.266667      7.237143     15.611555     17.029236      6.800000      8.600000      2.192436      2.202125      0.004400      1.600000      1.800000      0.600000      0.800000      0.117105      0.185526      0.094591      0.123496     -0.482977     -0.483752      0.200000      0.400000      1.000000      1.100000      0.000000      1.250000      2.000000      1.000000      0.121053      0.121000     -0.000435
  2            5928           580                                               5.109e-04     2.590e-01     1.804e-08     3.227e-07     3.777e+00     3.941e-06     1.604e+01      8.700000      8.500000      0.807820      0.804744     12.911587     10.586602      0.734177      0.755556     10.900000      0.824494     12.288050      0.042196      2.048836      2.060859      0.157750      2.716328      3.600000      3.400000      3.000000      2.800000      0.486410      0.517436      0.365515      0.439036     -0.525928     -0.288673      0.600000      0.400000      4.580000      5.400000      9.518000     16.299999      4.000000      3.400000      0.501923      0.505750      0.007567      5.200000      4.200000      7.600000      6.800000      2.063158      1.787368      4.670053      4.398674     -0.161385     -0.136327      2.600000      1.800000      3.069697      3.180000      2.063591      1.690000      7.400000      9.400000      1.925263      1.979500      0.027399
  1             185          4938          7654         0.604          8985     4.705e-04     1.510e-01     3.230e-08     8.613e-07     1.864e+01     7.375e-06     9.495e+00      1.900000      2.400000      0.273205      0.337179      0.660962      0.247949      0.730769      0.923077      3.700000      0.559778      1.659320      0.621955      2.545555      2.869968      0.192000      4.781938      1.200000      1.200000      0.200000      0.200000      0.102244      0.024359      0.060506      0.022014      0.211191     -0.167205      0.200000      0.200000      2.200000      0.400000      0.000000      0.000000      2.200000      2.200000      0.050641      1.865000      0.972847      2.200000      2.000000      1.400000      1.000000      0.276842      0.232632      0.216959      0.149056     -0.390359     -0.267752      1.400000      1.000000      2.300000      2.500000      1.250000      0.050000      4.200000     12.000000      0.254737     10.310000      0.975292
  1            2744           967          2027         0.307          5787     8.987e-04     2.004e-01     6.488e-07     8.584e-07     1.179e+01     1.621e-06     7.735e+00      7.800000      8.300000      0.767564      0.761667      8.120513      9.004039      0.764706      0.851282     10.200000      0.790981      8.700933      0.063450      1.970659      2.048471      0.183313      0.975812      2.600000      3.200000      1.600000      2.200000      0.416667      0.590385      0.279054      0.356358     -0.044600     -0.072504      0.600000      1.200000      5.550000      4.750000     11.987500     16.687500      3.800000      2.800000      0.402821      0.422750      0.047142      2.400000      2.400000      1.400000      1.600000      0.463158      0.673684      0.332665      0.489098     -0.139459      0.082315      0.800000      1.000000      2.533333      2.900000      2.377778      2.550000      3.400000      2.400000      0.454737      0.601000      0.243366
  1             542           741          1151         0.951          3116     2.468e-04     2.222e-01     1.936e-06     8.279e-07     9.728e+00     7.617e-07     7.372e+00      2.200000      2.200000      0.288590      0.270769      0.263910      0.264423      1.000000      0.956522      2.900000      0.360411      0.374177      0.363417      1.219727      0.947120      0.560875      0.447750      2.400000      2.400000      1.800000      1.800000      0.803846      0.534188      0.814092      0.556013      0.144039     -0.269635      1.400000      1.400000      4.116667      2.453333     12.215278      0.839111      3.800000      3.200000      0.401410      0.782500      0.487016      1.000000      1.200000      0.000000      0.200000      0.000000      0.394737      0.000000      0.240184      0.000000      0.144523      0.000000      0.200000      0.000000      1.000000      0.000000      0.000000      1.200000      0.200000      0.039474      0.050000      0.210526
  1            8869           231          5287         0.587          9425     8.312e-04     2.270e-01     3.552e-06     5.235e-07     7.167e-01     6.226e-06     3.243e+00     10.900000     11.700000      0.847949      0.852179     23.457420     26.781715      0.759582      0.742857     13.600000      0.851297     24.892326      0.002933      1.967132      2.016925      0.147500      0.358375      4.800000      4.200000      6.400000      5.400000      2.265385      2.331731      4.097608      4.022745      0.404849      0.953262      1.200000      0.200000      5.611363      7.279798     19.103521     15.008903      5.600000      6.600000      1.838846      1.885000      0.024485      7.200000      7.600000     14.800000     18.000000      5.068421      4.731579     18.363047     21.672308      0.656146     -0.184375      3.000000      6.200000      4.045094      3.113534      2.950384      4.184211     12.200000     21.000000      4.900000      4.842500     -0.011874
  1             657          1440          6284         0.279          8866     7.219e-04     1.379e-01     8.942e-08     4.423e-07     1.170e+01     5.504e-06     1.703e+01      3.900000      3.900000      0.519744      0.497564      1.180961      1.326795      0.886364      0.866667      6.100000      0.704019      2.582611      0.430658      3.015405      2.965661      0.105500      5.311187      2.000000      1.800000      1.000000      0.800000      0.297436      0.124786      0.194683      0.104830     -0.225985     -0.535189      1.000000      0.800000      1.466667      1.400000      0.711111      0.000000      2.800000      1.800000      0.126667      0.260000      0.512821      2.600000      3.000000      1.600000      3.200000      0.668421      1.200000      0.420524      1.825441      1.243598      0.949335      1.400000      3.000000      7.450000      5.504762      2.937500      3.941950      5.400000      5.200000      0.934211      2.484000      0.623909
  1            5984          2660          2990         0.822          6656     7.053e-04     2.685e-01     2.541e-07     1.152e-07     1.887e+01     2.341e-06     1.294e+01     10.700000     10.200000      0.819615      0.816795     30.218494     21.069792      0.656442      0.645570     14.900000      0.841551     28.811174      0.054314      2.881996      2.814854      0.135688     13.791985      2.400000      1.800000      1.600000      0.800000      0.519744      0.239487      0.374464      0.149269      0.575493      0.248776      1.400000      0.600000      8.066667      4.500000     23.111111      0.050000      3.000000      2.200000      0.379615      0.589250      0.355765      5.400000      5.600000      5.400000      7.400000      1.443158      2.735790      1.712253      4.437087     -0.012480      1.060337      5.200000      7.200000      3.709091      5.593810      3.683930      8.293141     10.400000     12.800000      2.089474      3.754500      0.443475
  1            9066          3584          3611         0.481          5136     5.007e-04     1.090e-01     2.679e-07     2.157e-07     1.648e+01     1.344e-06     1.301e+01     10.700000     11.300000      0.845000      0.875128     14.772036     17.235962      0.786765      0.827839     14.400000      0.890538     17.301800      0.065257      2.645181      2.709417      0.079750      5.926516      5.200000      5.400000      6.400000      6.000000      1.779231      1.313333      5.083073      4.426158     -0.035708     -0.111157      3.400000      3.000000      6.570833      6.304762     33.651997     12.957823      8.600000      9.400000      1.546282      1.742250      0.112480      6.000000      5.000000     11.800000      4.400000      3.728421      0.900000      8.276491      0.836608      0.366564     -0.858016     10.600000      3.200000      3.928409      2.127778      6.349571      2.335031     10.400000     15.200000      2.314210      6.510000      0.644515
  2            9673          7558                                               3.475e-04     2.063e-01     4.302e-07     9.069e-07     1.330e+01     3.772e-06     3.721e+00     10.300000     10.800000      0.843205      0.834744     27.780945     18.084023      0.653968      0.763251     15.600000      0.876076     28.078964      0.081075      3.140611      3.038450      0.087750     21.475218      7.800000      8.800000      8.400000     10.400000      1.596667      2.582051      1.607030      3.942088     -0.503599      0.157696      6.000000      8.000000      4.691429      6.221154     17.651537     20.767763     15.000000     16.400000      2.089359      2.504000      0.165591      8.000000     10.600000     13.200000     19.400000      2.738947      5.286316     13.102668     16.087374     -0.983538     -0.285087      7.800000     14.000000      1.904416      2.919383      1.148363      5.395765     18.600000     27.400000      4.012631      8.664000      0.536862
  1              87          5100          7680         0.798          8128     4.648e-04     2.890e-01     6.242e-07     3.543e-07     1.313e+01     4.685e-06     3.933e+00      1.500000      1.700000      0.068205      0.165769      0.031651      0.151346      1.034483      0.944444      3.000000      0.512184      2.766562      0.869667      3.216721      3.139518      0.102500     10.571078      1.000000      1.200000      0.000000      0.200000      0.000000      0.192308      0.000000      0.118495      0.000000      0.181605      0.000000      0.200000      0.000000      2.000000      0.000000      0.000000      1.600000      0.600000      0.038462      0.450000      0.914530      1.000000      1.000000      0.000000      0.000000      0.000000      0.000000      0.000000      0.000000      0.000000      0.000000      0.000000      0.000000      0.000000      0.000000      0.000000      0.000000      2.000000      4.000000      0.000000      4.000000      1.000000
  2            9856          9989                                               6.305e-04     2.330e-01     2.465e-08     2.931e-07     1.920e+01     6.497e-06     1.585e+01     11.000000     11.500000      0.849872      0.863077     53.359055     56.430817      0.583554      0.573566     17.200001      0.895823     62.794865      0.083076      3.563034      3.522405      0.065812     33.949471      4.600000      5.000000      3.800000      4.600000      0.841538      0.921026      0.700311      0.832408     -0.224253     -0.391468      3.200000      4.000000      5.213333      4.742857     11.465777     14.367959      8.400000      7.800000      0.881282      1.446500      0.390749      7.200000     10.000000     12.000000     22.000000      3.884211      8.300000     10.548115     42.921967      0.459661      0.865704      6.400000     16.400000      4.289714      4.183889      7.324417      8.627178     17.200001     34.200001      6.092105     18.973499      0.678915
  1             823          5253          5307         0.858          6970     5.157e-04     1.320e-01     1.439e-08     5.757e-07     1.519e+01     4.536e-06     1.181e+01      4.200000      4.100000      0.531667      0.570769      1.353910      1.043013      0.857143      0.891304      6.600000      0.687184      4.227405      0.327619      2.804918      2.765153      0.180250     12.024250      1.200000      1.600000      0.200000      0.800000      0.150000      0.252564      0.082606      0.323941      0.261021     -0.243667      0.200000      0.800000      2.600000      2.200000      0.000000      0.000000      2.000000      1.000000      0.120769      0.290000      0.583554      1.800000      2.000000      1.000000      1.200000      0.345263      0.354737      0.279866      0.320473      0.152455      0.019090      1.000000      1.200000      1.550000      2.600000      0.637500      0.400000      3.800000      5.800000      0.350000      4.330000      0.919169
  2            8014          6747                                               7.356e-04     2.243e-01     7.722e-06     9.482e-07     1.962e+01     2.938e-06     1.532e+00     13.700000     12.900000      0.893718      0.879231     32.109871     40.467148      0.738544      0.756598     20.500000      0.912373     40.265587      0.055354      3.569179      3.426597      0.062375     17.523874      9.000000      8.000000     13.200000     10.000000      3.413846      2.139744     10.634078      4.005556      0.106617     -0.300633     10.000000      6.800000      6.165357      5.378864     25.755844     23.892483     16.200001     20.000000      2.776795      3.741250      0.257790      3.800000      5.600000      2.800000      6.200000      0.681053      1.318947      0.526076      2.253539     -0.203916     -0.606609      2.400000      5.800000      2.546667      1.673333      2.312444      0.742444      9.000000      9.400000      1.000000      3.343000      0.700867
  2            9691          3983                                               7.034e-04     1.362e-01     1.079e-07     8.817e-07     1.848e+00     5.333e-06     1.813e+01     11.300000     12.300000      0.878077      0.865000     16.218702     17.804873      0.862595      0.809211     15.800000      0.886076     19.745565      0.031848      2.677876      2.709632      0.099750     11.649015      6.400000      6.800000      7.600000      7.800000      2.150513      2.155641      3.445142      4.152550      0.552182      0.321624      3.000000      3.200000      7.932906      6.635952     26.336609     22.627029     10.600000     10.800000      2.153077      2.507500      0.141345      7.200000      6.000000     13.400000      8.800000      3.833684      2.978947      7.351590      6.549897      0.091964      0.727441     10.600000      6.000000      3.533120      5.049656      3.506467      6.930922     13.000000     19.400000      3.406316      5.447000      0.374644
  1            1141          2952          5951         0.847          8969     4.197e-04     1.169e-01     4.545e-07     6.880e-07     8.649e+00     5.821e-06     5.452e+00      3.800000      4.100000      0.425385      0.543846      0.926026      1.209167      1.000000      0.891304      5.200000      0.581487      2.155554      0.281115      1.748925      1.997279      0.324062      4.350812      3.000000      2.800000      2.200000      2.200000      0.578526      0.858013      0.383046      0.965636      0.125530      0.479087      2.200000      2.200000      6.833333      6.933333     16.261110      5.044445      5.200000      5.000000      0.574615      1.705000      0.662982      2.400000      1.600000      2.600000      0.600000      1.348684      0.171053      2.238241      0.121261      0.928863     -0.206665      2.600000      0.600000      4.800000      1.600000      2.550000      0.000000      3.800000      5.000000      0.607895      3.080000      0.802632
  1            8075          2750          4359         0.738          9878     7.821e-04     1.513e-01     1.069e-07     9.857e-07     4.101e-01     8.069e-06     6.025e+00      8.400000     10.100000      0.808333      0.850641      8.472676     16.295225      0.746667      0.762264     12.600000      0.861772     14.144837      0.070809      2.502710      2.867104      0.106750      7.574703      7.800000      7.200000     12.800000     12.400000      2.711026      3.175385      9.623161     16.941307     -0.448501      0.233867      4.800000      4.400000      4.096923      6.101178     11.376568     16.650085     12.800000     17.200001      2.943205      3.762250      0.217701      6.800000      7.000000     14.800000     13.800000      3.061053      5.503158     12.481381     15.490638     -1.025042      1.499822      6.400000      5.400000      2.201053      5.245140      1.534144      5.156115     13.200000     20.200001      4.282105      5.092000      0.159052
  2            2464          2427                                               5.198e-04     2.799e-01     4.990e-06     2.071e-07     1.961e+01     1.041e-06     3.646e+00      7.100000      6.300000      0.731410      0.658333      5.526570      4.931554      0.816092      0.802548      9.700000      0.762595      7.001634      0.159991      2.592357      2.399148      0.171375      7.263109      1.200000      1.800000      0.400000      0.800000      0.050000      0.360256      0.095122      0.239910     -0.297324     -0.019199      0.400000      0.800000      0.200000      2.800000      0.000000      0.133333      2.000000      1.200000      0.082051      0.100000      0.179487      1.800000      1.800000      0.800000      0.800000      0.371930      0.443860      0.238467      0.237380      0.147790      0.284104      0.600000      0.600000      2.266667      2.600000      0.711111      2.533333      2.600000      1.600000      0.244737      0.560000      0.562970
  2            6789          8301                                               7.837e-04     1.401e-01     4.153e-07     7.565e-07     1.039e+01     8.128e-06     4.177e+00     10.300000     11.000000      0.854359      0.862051     11.381058     13.521795      0.814229      0.808824     15.700000      0.895918     17.981447      0.079838      3.161609      3.410876      0.067313     22.466156      5.200000      5.400000      6.400000      7.000000      1.638462      1.506667      8.333080      4.145285     -0.431475     -0.040709      4.600000      5.200000      4.221053      6.331884     12.381994     21.001438      9.800000     11.800000      1.572564      2.217500      0.290839      9.600000      9.600000     23.000000     15.800000      8.507368      5.312632     51.165146     15.721810      1.178579      0.658292     18.200001     11.000000      4.609208      4.028009      6.327668      5.953691     19.200001     34.599998      6.910000     12.294000      0.437937
  2            7844          4102                                               7.362e-04     1.568e-01     1.097e-07     9.974e-08     1.464e+01     6.420e-06     1.524e+01      9.400000     10.400000      0.847949      0.855000     13.941987     20.023590      0.717557      0.737589     13.500000      0.886234     18.429668      0.074854      2.841418      2.830498      0.079875      6.564312      3.000000      2.200000      2.400000      1.600000      0.480513      0.284359      0.581527      0.242235     -0.328387     -0.083005      1.400000      0.600000      4.550000      4.000000      8.537500     13.280000      3.600000      3.000000      0.382436      0.431250      0.113192      9.600000      8.800000     19.400000     21.400000      4.815790      7.213684     16.023844     23.713322     -0.555564      0.585067     11.000000     13.000000      2.708571      4.086823      4.075188      9.910463     18.200001     32.400002      6.014737      9.432000      0.362305
  1             461          1563          4621         0.600          9147     6.705e-04     2.522e-01     7.163e-06     8.674e-07     1.861e+01     2.676e-06     1.450e+01      3.600000      3.700000      0.514359      0.439744      1.078269      0.711987      0.857143      0.902439      5.100000      0.653734      1.783165      0.423267      2.444293      2.064458      0.174000      3.552500      1.200000      1.800000      0.200000      0.800000      0.025000      0.355769      0.023780      0.227447     -0.224821     -0.003334      0.200000      0.800000      0.200000      3.133333      0.000000      0.044444      2.000000      1.000000      0.076154      0.100000      0.238462      2.400000      1.800000      1.400000      0.800000      0.361053      0.303158      0.245464      0.171362     -0.304101      0.466784      1.400000      0.800000      2.800000      3.200000      2.600000      0.800000      3.800000      4.400000      0.332105      3.070000      0.891822
  1            6404          3849          8258         0.746          9105     3.338e-04     2.243e-01     4.907e-07     3.238e-07     1.691e+01     7.426e-06     1.572e+01      8.700000      8.100000      0.807051      0.731026     13.517820     12.749936      0.783784      0.746544     11.000000      0.817057     14.428117      0.109962      2.503068      2.206921      0.136125      5.768938      5.200000      4.200000      4.800000      3.600000      0.892051      0.930000      0.771872      0.863811     -0.339440      0.279806      3.400000      2.200000      6.083333      7.366667     27.459723     26.216667      7.600000      7.000000      0.911026      1.316750      0.308126      9.200000      7.400000     14.000000     10.000000      4.281053      3.435790      6.773818      7.398218      0.347043      0.917340     10.200000      6.200000      3.744338      5.373562      3.830518      8.984969     16.400000     21.200001      3.858421      6.859500      0.437507
  1            8678          5094          5860         0.865          5990     8.137e-04     2.391e-01     3.219e-06     7.143e-07     1.038e+01     2.163e-06     1.257e+01     10.000000     11.900000      0.792179      0.798974     10.137212     19.586123      0.769231      0.777778     16.100000      0.828544     17.409960      0.075250      3.204064      3.104232      0.139313     10.808844      7.200000      6.200000      6.800000      6.200000      1.015641      1.023077      1.118000      1.040775     -0.931558     -0.778242      5.200000      4.600000      3.153333      3.608730     10.232223      8.317344     12.200000     11.400000      1.019359      1.222500      0.166169      3.400000      5.400000      2.600000      7.400000      0.700000      1.926316      0.695867      4.318541     -0.143322     -0.205437      2.000000      6.800000      2.271429      2.188889      5.464966      1.684568      8.400000      9.400000      1.313158      2.658500      0.506053
  1            1745          2587          4117         0.644          4565     5.860e-04     1.057e-01     2.586e-07     3.945e-07     8.593e+00     1.010e-06     8.105e+00      4.700000      5.800000      0.655256      0.634103      1.460000      3.127500      0.959184      0.865672      7.000000      0.702184      2.804605      0.149010      1.868325      1.907477      0.241750      2.132562      2.400000      2.800000      1.400000      2.200000      0.355128      0.524872      0.212288      0.483879      0.135622     -0.073819      1.200000      2.000000      5.500000      6.400000      2.183333     29.755556      4.000000      3.400000      0.440000      1.016500      0.567142      1.800000      1.400000      1.000000      0.400000      0.407368      0.108421      0.327402      0.067686      0.593854     -0.027702      1.000000      0.400000      3.300000      1.400000      0.450000      0.000000      2.800000      2.200000      0.257895      1.220000      0.788611
  2            5122          5899                                               9.221e-04     2.746e-01     6.021e-07     1.031e-07     6.321e+00     8.298e-06     1.185e+01     12.600000     11.200000      0.843077      0.850000     33.103382     49.757404      0.654545      0.551724     17.900000      0.897089     50.603374      0.104756      3.502485      3.565477      0.053625     38.304798      1.600000      1.400000      0.600000      0.400000      0.232051      0.137179      0.183205      0.110903     -0.231893     -0.237865      0.600000      0.400000      1.300000      1.200000      0.450000      0.000000      2.000000      1.000000      0.073846      0.080000      0.076923      6.600000      5.600000      9.600000      5.400000      2.717895      1.606316      4.531507      1.503592     -0.084899      0.258030      8.600000      4.400000      3.844394      4.366667      8.928585      7.885601     12.200000     16.600000      2.162105      5.899000      0.633479
  1            1815          4597          4830         0.858          9270     1.508e-04     1.600e-01     6.715e-07     5.932e-07     1.903e+01     7.998e-06     1.130e+01      2.900000      4.100000      0.390513      0.472308      0.719679      1.924103      0.878788      0.891304      5.100000      0.575918      1.573560      0.399480      1.813735      2.238074      0.283188      1.060187      1.800000      1.800000      1.000000      0.800000      0.352885      0.303205      0.329045      0.194486      0.071918      0.280122      1.000000      0.800000      4.066667      4.500000     12.844444      2.450000      2.600000      1.800000      0.262436      0.375000      0.300171      5.600000      6.400000      8.400000      9.000000      2.073684      2.956842      3.778335      4.063231     -0.296517      0.768874      6.600000      7.200000      2.412692      4.815238      2.904750      7.248998     12.000000     27.200001      2.515263     18.640499      0.865065
  1            9746          3590          3749         0.202          4700     8.571e-04     2.700e-01     1.080e-08     3.454e-07     8.989e+00     9.322e-06     1.767e+01      9.500000     10.400000      0.826667      0.793205      7.438590     12.343526      0.826087      0.800000     12.800000      0.845285     10.570617      0.079583      2.553711      2.613117      0.120250      3.178813      5.400000      4.000000      6.400000      5.000000      1.429744      1.090769      2.197140      1.570741     -0.134343     -0.237597      4.200000      2.800000      4.523434      5.854286     15.356750     26.848122      7.600000      9.200000      1.260256      1.468250      0.141661      6.400000      6.400000      9.600000     12.400000      2.205263      2.216842      3.615455      7.327998     -0.285229     -1.275074      7.000000      9.800000      3.490000      1.954953      1.682833      3.939796     12.800000     19.400000      2.211053      6.807000      0.675180
  2            2353          2325                                               8.362e-04     1.897e-01     3.249e-06     7.572e-07     8.885e-01     8.636e-06     3.873e+00      6.100000      5.100000      0.720000      0.623590      4.965016      4.550497      0.753086      0.761194      8.400000      0.766551      5.210870      0.219507      2.802100      2.593315      0.141062      2.027688      3.400000      4.200000      3.400000      4.800000      1.466026      1.378846      2.772474      3.416819      0.696675     -0.177831      1.400000      2.800000      6.291667      3.880000     17.907986      8.783000      6.400000      6.200000      1.137949      1.457375      0.219179      8.200000      7.200000      9.200000      8.800000      1.666316      2.321053      1.572526      2.490265     -1.285468     -0.230799      7.800000      7.400000      1.771049      3.081818      1.769811      4.405963     15.200000     18.200001      1.993684      4.546000      0.561442
  1            5239          2426          6048         0.049          8162     6.719e-04     1.736e-01     2.842e-07     8.066e-07     1.507e+01     8.190e-06     3.642e+00      9.700000      9.100000      0.822436      0.798333     16.273911     11.312884      0.791837      0.736842     12.400000      0.848165     14.955254      0.085043      2.687699      2.520833      0.115000      5.279000      6.200000      4.800000      7.600000      5.800000      2.069231      1.426410      2.988810      2.154465      0.500112      0.179844      3.800000      2.000000      7.802424      6.713333     35.076080     18.626253      8.800000      9.600000      1.747820      2.219375      0.212472      6.600000      9.200000     10.200000     27.000000      3.716842     11.172631      7.729017    113.742699      1.061173      1.762950      5.000000     21.799999      5.461450      5.550787      9.644250      5.895453     15.800000     32.000000      7.444737     15.780000      0.528217
  1            6771          2610          4220         0.549          8342     1.125e-04     1.567e-01     1.345e-08     8.900e-07     9.774e+00     5.968e-06     9.503e+00      5.300000      5.300000      0.646154      0.622051      4.505321      2.800641      0.841270      0.791045      6.700000      0.686519      4.572706      0.139842      1.654295      1.676156      0.262375      3.815562      8.000000      9.400000     12.200000     11.600000      2.866667      3.233846      4.401718      5.073544      0.167726      0.740637      5.800000      5.200000      7.023492      9.123123     28.796606     45.039787     15.400000     17.400000      3.050256      3.544375      0.139409      8.400000      7.800000     15.400000      9.200000      4.278947      1.904211     10.694542      2.649708     -0.056149     -0.879891     12.000000      5.800000      3.492874      2.329396      5.886734      1.770679     16.200001     22.000000      3.091579      6.144000      0.496813
  2            8752          5097                                               6.598e-04     2.940e-01     1.943e-08     6.846e-07     1.980e+01     5.800e-07     7.531e+00     10.700000     12.200000      0.840769      0.877564     25.468462     31.370176      0.622093      0.705202     17.100000      0.898639     36.227798      0.083493      3.241770      3.472672      0.062875     32.264454      7.000000      6.400000      8.400000      7.800000      2.161026      1.694615      3.693256      3.682303      0.268787     -0.324086      5.000000      4.400000      6.892663      4.599359     34.242947     11.278028     11.800000     12.800000      1.927821      2.134750      0.096934      2.800000      3.000000      1.800000      2.400000      0.533684      0.802105      0.375979      0.768488      0.130806      0.329333      1.200000      1.800000      4.150000      4.333333      3.537500      2.777778      4.600000      3.600000      0.667895      0.848000      0.212388
  2            6533          9719                                               9.266e-04     1.601e-01     5.033e-08     5.452e-07     1.342e+01     1.720e-06     1.342e+01      9.600000      9.400000      0.850513      0.862051      8.688590     13.420448      0.842105      0.817391     13.400000      0.894177     13.976282      0.079919      3.104005      3.126362      0.068875     12.093687      3.600000      4.200000      4.600000      4.000000      1.476154      1.005385      2.787796      0.955158      0.684017      0.161370      4.200000      3.600000      6.826923      6.657143     11.761761     18.705103      7.000000      8.200000      1.240769      2.240750      0.446271      2.600000      2.800000      2.000000      3.600000      0.640000      1.234737      0.539649      2.346906      0.241457      0.298197      2.000000      3.600000      3.100000      3.796667      1.150000      3.399945      5.000000      6.200000      0.937368      2.250000      0.583392
  2            7129          9655                                               5.212e-04     2.631e-01     7.106e-06     1.082e-07     1.186e+01     8.828e-06     7.690e+00     10.600000     10.800000      0.853333      0.851282     17.063766     18.274536      0.733564      0.677116     17.200001      0.904715     25.063995      0.107882      3.842096      3.942870      0.044188     30.093094      2.000000      1.800000      1.000000      0.800000      0.252244      0.084936      0.215866      0.075192     -0.109622     -0.596751      1.000000      0.800000      3.266667      1.100000      2.311111      0.050000      2.800000      1.800000      0.134872      0.160000      0.157051     10.800000      9.200000     18.400000     20.200001      5.218947      5.423158     11.692297     21.892843     -0.171040     -0.243498     12.200000     14.000000      2.969239      2.857577      3.933732      3.764593     20.000000     38.200001      5.321053     20.323999      0.738189
  1            2205          3716          5365         0.531          5555     6.847e-04     2.294e-01     9.552e-07     8.065e-07     1.416e+01     9.539e-06     4.742e+00      5.900000      6.100000      0.636410      0.684744     13.706202      4.388590      0.651934      0.787097      8.900000      0.720665     10.542543      0.152272      2.291309      2.481611      0.220750      6.358203      3.200000      3.000000      3.000000      3.000000      0.938782      0.904167      1.305310      2.059812      0.047610     -0.140824      1.800000      1.800000      3.529524      2.670000      6.114213      3.565500      5.200000      5.000000      0.737179      1.210500      0.391012      4.200000      4.400000      5.600000      8.400000      1.265263      3.432631      1.796658     14.445074     -0.672426      1.310266      5.000000      7.800000      2.168636      6.380117      5.279627      9.853539      8.600000     21.200001      2.348947     13.228000      0.822426
  1            5792          3855          4465         0.035          7079     5.462e-04     2.467e-01     7.110e-06     2.779e-07     1.154e+01     1.448e-07     3.063e+00     11.400000     11.200000      0.870897      0.852821     18.619631     27.619230      0.710280      0.756757     16.000000      0.903323     30.227022      0.086929      3.289891      3.273783      0.056250     29.230953      4.000000      4.600000      4.000000      4.000000      1.021795      1.027949      2.086712      0.914884      0.199341      0.306850      2.800000      2.800000      6.633333      7.243333     17.483334     20.607277      6.600000      6.800000      1.024872      1.938750      0.471375      1.400000      1.200000      0.400000      0.200000      0.066667      0.033333      0.060317      0.030159     -0.465756     -0.232878      0.400000      0.200000      0.400000      0.200000      0.000000      0.000000      1.600000      0.600000      0.030000      0.030000      0.000000
  2             598          3567                                               6.756e-04     1.886e-01     1.159e-06     9.700e-07     1.998e+00     1.840e-06     6.098e+00      4.400000      4.700000      0.588205      0.457821      6.739359      5.251138      0.619718      0.630872      7.100000      0.682880      8.497148      0.376500      3.016762      2.845210      0.161250     10.182265      2.600000      2.400000      1.600000      1.600000      0.448397      0.475641      0.303855      0.613870     -0.154870     -0.011293      1.600000      1.600000      4.400000      4.650000     20.100000      1.137500      4.600000      3.800000      0.369615      1.715000      0.784481      1.800000      1.800000      0.800000      0.800000      0.244211      0.229474      0.148193      0.135327      0.136609      0.042258      0.800000      0.800000      2.600000      2.600000      0.200000      0.200000      3.400000      3.000000      0.236842      1.720000      0.862301
  1            9292          1400          3071         0.649          7780     5.431e-04     1.729e-01     3.546e-08     6.499e-07     5.849e+00     6.696e-06     1.566e+01      9.700000     10.500000      0.825897      0.842436     32.161777     29.920513      0.638158      0.668790     12.800000      0.851772     31.933603      0.040116      2.091570      2.315638      0.131062      5.077266      6.200000      8.400000      9.000000     10.600000      2.880513      3.194359     14.017034     14.116211      0.208293      0.317591      2.200000      3.800000      6.598611      5.555555     18.771055     18.094698     11.400000     12.800000      3.037436      3.146125      0.034547      6.000000      9.200000     11.600000     13.800000      2.493684      3.901053      9.886288      8.943804     -0.822574     -0.023048      6.600000      8.800000      2.401842      3.785714      1.678544      9.532264     14.600000     20.400000      3.197368      5.143500      0.378367
  2            9513          4096                                               4.229e-04     2.547e-01     6.625e-07     6.199e-07     1.169e+01     6.362e-06     6.438e+00     10.800000      9.900000      0.858590      0.842051     22.439327     21.320993      0.729730      0.662207     14.600000      0.888861     24.802872      0.081158      3.237014      2.996247      0.073563     12.638719      9.000000      8.800000     14.000000     11.800000      3.856667      2.949744     12.673023      5.010602      0.446564      0.650008      7.800000      5.600000      7.503889      8.574122     21.283443     21.809055     16.600000     19.600000      3.403205      5.120375      0.335360      8.200000      5.600000     15.200000     11.600000      4.250526      4.688421     12.663648     15.508226     -0.025347      1.633705      8.600000      5.000000      3.128404      6.627100      4.849251      9.692613     13.600000     20.200001      4.469474      6.463000      0.308452
  2            6353          5109                                               4.314e-04     2.733e-01     1.923e-07     3.881e-07     1.786e+01     1.009e-06     1.821e+01      7.000000      7.900000      0.733077      0.798077      8.429615     11.419230      0.707071      0.738318     10.100000      0.817215     10.132468      0.117461      2.287852      2.446953      0.132437      1.318000      3.000000      3.000000      2.400000      2.600000      0.521795      0.928205      0.550736      1.166970     -0.409113      0.126952      2.200000      2.400000      2.041667      4.952381      4.166319     13.636281      5.200000      4.800000      0.580000      0.730000      0.205479      2.600000      3.000000      2.600000      2.400000      0.894737      0.890789      1.705723      0.857373      0.000836      0.079904      2.400000      2.200000      2.666667      2.350000      1.222222      4.204167      5.000000      4.800000      0.714211      1.323000      0.460158
  1            7848           813           915         0.996          4440     9.283e-04     1.164e-01     1.890e-08     4.269e-07     1.366e+01     7.687e-06     1.092e+01     12.400000     12.400000      0.881923      0.883205     18.050640     17.870832      0.683196      0.740299     15.900000      0.892215     18.316345      0.020847      2.436614      2.606274      0.098375      2.302687      6.000000      5.600000      6.800000      5.400000      1.450513      1.126410      1.812587      1.112917     -0.332527     -0.454428      3.400000      2.000000      4.583333      5.090000     15.709723     28.807501      8.400000      8.800000      1.288462      1.329500      0.030868      7.000000      6.800000      9.000000      9.600000      2.503158      2.836842      3.901365      4.582618     -0.067357      0.313891      3.000000      3.600000      3.294386      4.153622      5.467854      7.182100     11.400000     12.600000      2.670000      3.235000      0.174652
  2            5254          2232                                               9.391e-04     1.254e-01     1.403e-07     3.706e-07     1.175e+00     5.851e-06     1.821e+01     12.500000     10.300000      0.898333      0.851026     26.601027     15.982244      0.718391      0.762963     15.300000      0.893481     21.532927      0.040301      2.842196      2.579685      0.088188      2.017688      3.400000      3.600000      3.600000      3.400000      1.308974      1.561111      1.626795      1.991877      0.139002      0.320303      1.600000      1.400000      4.200000      5.280000      5.047619     16.459999      5.400000      5.000000      0.861026      1.040375      0.172389      3.600000      6.400000      2.800000      7.800000      0.657895      1.533684      0.576914      1.732971     -0.404390     -0.909606      2.000000      7.000000      2.066667      2.482213      3.611111      4.701546      9.400000      9.800000      1.095789      2.758000      0.602687
  2            7327          2994                                               7.828e-04     1.553e-01     1.391e-06     1.211e-07     4.480e+00     2.788e-06     9.299e+00      9.800000      9.400000      0.825641      0.835641     18.138109     13.255625      0.695035      0.655052     13.000000      0.855601     16.799948      0.056228      2.462609      2.485375      0.120063      5.142015      1.400000      1.400000      0.400000      0.400000      0.049145      0.064957      0.045205      0.058703     -0.392027     -0.334411      0.400000      0.400000      0.600000      0.800000      0.000000      0.000000      1.800000      0.800000      0.034231      0.035000      0.021978      5.600000      5.600000     11.800000     12.800000      4.545263      4.583158     28.725368     28.390911      1.178578      0.571698      4.800000      5.800000      6.315972      4.234829     10.217706      4.913806     10.200000     17.600000      4.564210      6.539000      0.302002
  2            4831          4103                                               5.141e-04     1.820e-01     9.734e-07     6.478e-07     1.821e+01     4.639e-06     1.943e+01      7.100000      7.400000      0.788718      0.747820      5.084231     10.118398      0.825581      0.804348      9.600000      0.800949     10.259921      0.077160      2.201374      2.102914      0.167187     10.881562      2.800000      2.000000      2.400000      1.600000      0.375000      0.591987      0.624155      1.052225     -0.789213      0.256271      1.800000      1.000000      1.920000      4.120000      0.848000      4.768000      3.600000      3.400000      0.386795      0.441250      0.123411      5.200000      3.400000      5.800000      4.600000      1.684211      1.661053      2.177989      3.896163      0.091107      0.836946      5.200000      4.000000      3.551111      4.825000      9.893234      1.966875      7.800000     10.000000      1.672632      3.605500      0.536089
  2            6435          7975                                               7.848e-04     2.472e-01     3.008e-06     7.435e-08     1.869e+01     2.581e-06     1.787e+01     10.400000      9.800000      0.806154      0.846282     26.184679     14.529968      0.761905      0.723247     15.500000      0.876677     27.669882      0.107885      3.260558      3.291211      0.074125     29.902470      1.200000      1.000000      0.200000      0.000000      0.357692      0.000000      0.230043      0.000000      0.148904      0.000000      0.200000      0.000000      1.800000      0.000000      0.000000      0.000000      1.200000      0.200000      0.035769      0.155000      0.769231      5.800000      6.600000     13.400000      7.800000      2.605263      2.574737     16.322489      2.712392     -1.123552      0.638791     11.600000      6.000000      2.098311      4.830130      0.981207     11.283634     12.400000     20.600000      2.590000      9.083000      0.714852
  1             798          7445          8768         0.286          9357     4.395e-04     2.288e-01     8.132e-08     6.669e-08     1.598e+01     2.715e-06     4.346e+00      4.300000      4.200000      0.544744      0.459872     10.220962      1.878333      0.569536      0.763636      6.500000      0.655190      8.204794      0.375849      2.882363      2.814708      0.195750      8.815312      1.000000      1.000000      0.000000      0.000000      0.000000      0.000000      0.000000      0.000000      0.000000      0.000000      0.000000      0.000000      0.000000      0.000000      0.000000      0.000000      1.000000      0.000000      0.000000      0.000000      0.000000      1.600000      2.200000      0.600000      1.400000      0.160526      0.777632      0.100877      0.559795     -0.250874      0.868908      0.600000      1.400000      0.900000      4.100000      1.250000      2.450000      3.600000      4.600000      0.375263      3.350000      0.887981
  2            5332          7131                                               2.278e-04     2.744e-01     2.631e-06     6.774e-07     1.933e+01     7.149e-06     1.210e+00      6.100000      5.800000      0.717692      0.637821      6.526202      3.295064      0.730539      0.778524      9.100000      0.761171      6.567686      0.194909      2.897038      2.679390      0.157500      6.790891      4.200000      4.600000      3.800000      5.400000      0.944872      1.449359      0.962043      2.801707     -0.547624      0.089870      2.600000      4.200000      3.114286      6.086667      6.410884      8.941112      7.800000      8.000000      0.957692      2.435750      0.606818      8.600000      8.400000     17.799999     13.000000      5.582105      2.958947     28.536091      6.581348      0.379984     -0.720442     13.400000      8.600000      3.425233      2.297005      3.543993      2.315410     17.000000     28.600000      4.270526     11.931000      0.642065
  2            3619          1943                                               2.246e-04     2.633e-01     2.145e-07     8.176e-07     8.566e+00     6.025e-06     7.932e+00      5.200000      4.700000      0.641923      0.547564      6.549872      3.774167      0.684211      0.758065      6.500000      0.643070      5.426028      0.138583      1.749649      1.532612      0.309812      1.300938      5.400000      4.800000      4.400000      3.800000      0.777692      0.970769      0.626233      0.969325     -0.626172      0.047537      3.000000      2.400000      3.855556      4.937778     11.091975     20.693235      8.200000      6.800000      0.874231      0.981500      0.109291      6.000000      4.200000      8.200000      5.000000      2.755263      1.601316      4.890546      2.774791     -0.120817     -0.167657      6.800000      3.600000      2.541667      2.577273      3.208939      2.947054     10.000000     11.800000      1.742632      3.795500      0.540869
  2            9203          1633                                               7.571e-04     2.887e-01     1.574e-07     6.909e-07     2.618e+00     9.153e-07     1.707e+01     12.600000     12.900000      0.869359      0.878462     28.170065     30.045897      0.722063      0.658163     17.100000      0.888070     29.506947      0.031623      2.658988      2.660738      0.098125      3.031312      8.000000      8.800000     14.800000     12.400000      3.372051      2.168974     16.757191      5.887341     -0.199507     -0.768006      5.800000      3.400000      5.178462      4.012454     17.869646      9.076744     13.200000     18.200001      2.770513      2.999500      0.076342      4.400000      3.000000      5.000000      2.800000      1.676316      0.614474      3.283904      0.862232     -0.206113     -0.826426      4.400000      2.200000      2.352468      1.500000      2.342210      0.750000      6.200000      7.200000      0.916316      1.070000      0.143630
  1            3565          2948          7501         0.413          9123     3.457e-04     2.544e-01     4.848e-06     2.196e-08     1.788e+00     3.328e-06     1.564e+01      7.000000      6.400000      0.653846      0.620256      7.414631      7.448381      0.729167      0.677249      9.600000      0.707310      8.110372      0.177857      2.470456      2.272376      0.224187      3.053094      1.200000      1.200000      0.200000      0.200000      0.025000      0.112179      0.023780      0.087123     -0.224821     -0.013044      0.200000      0.200000      0.200000      1.000000      0.000000      0.000000      1.400000      0.400000      0.027436      0.030000      0.085470      3.000000      4.200000      2.200000      4.800000      0.537895      1.402105      0.405453      1.595867     -0.312853     -0.098014      2.000000      4.600000      2.233333      3.113333      1.561111      1.622444      6.800000      8.400000      0.970000      3.737000      0.740434
  1            9539           413          4026         0.159          5663     3.203e-04     1.065e-01     1.641e-07     3.380e-07     7.475e+00     1.401e-06     1.900e+01      8.400000      9.200000      0.814103      0.818077      7.653333      7.285513      0.840000      0.867925     10.400000      0.824272      7.576836      0.019146      1.776291      1.821016      0.167750      0.797750      5.600000      5.000000      6.000000      6.200000      1.085641      1.020513      1.723899      1.764990     -0.484727     -0.518533      1.400000      1.600000      4.358572      5.233333     10.403323     19.621031      7.000000      7.600000      1.053077      1.069000      0.014895      4.000000      4.000000      4.600000      4.400000      1.240000      1.386316      2.527775      2.544355     -0.189842      0.054031      1.600000      1.400000      2.957143      3.303571      0.905612      4.153508      5.600000      6.000000      1.313158      1.352000      0.028729
  1            8826          1711          2052         0.675          4163     3.611e-04     1.497e-01     2.080e-08     6.539e-07     8.931e+00     7.018e-06     2.410e+00      7.800000      7.800000      0.809103      0.786795      9.005384     19.740513      0.702703      0.672414     10.300000      0.821329     14.896108      0.055702      2.221325      2.091617      0.155875      2.785125      8.000000      7.200000     12.000000     11.200000      2.840769      2.715128      8.890906      9.485281     -0.425460     -0.127664      3.800000      3.000000      4.327727      4.699658     12.591792      8.572324     12.000000     15.000000      2.777949      2.931250      0.052299     12.400000      9.000000     21.200001     23.799999      6.777895      6.733684     14.160072     30.838758      0.410098     -0.022763     10.400000     13.000000      3.169286      2.974950      4.767434      3.962902     20.400000     34.200001      6.755789      7.836000      0.137852
  1            3226           784          5189         0.517          6253     6.443e-04     1.615e-01     3.111e-08     7.477e-07     1.452e+01     8.803e-06     1.229e+00      9.400000      8.700000      0.791410      0.775513     12.959103     17.524551      0.686131      0.713115     11.400000      0.811044     16.070681      0.064668      2.118760      1.930628      0.162062      4.036063      3.600000      2.800000      2.800000      1.800000      0.607692      0.400256      0.454304      0.296546     -0.130543     -0.127830      2.000000      1.000000      6.133333      6.050000     31.937778     11.587500      4.600000      3.800000      0.503974      0.561500      0.102450      7.400000      6.000000     16.600000     14.000000      5.797895      5.597895     32.209980     36.861141      0.926468      1.392680      6.600000      4.000000      4.520436      5.536475      5.743830      5.757617     12.600000     20.600000      5.697895      6.841500      0.167157
  1            6824          7525          7639         0.063          9653     7.119e-04     2.650e-01     2.159e-08     3.023e-07     1.469e+01     7.554e-06     3.905e+00      7.800000      8.700000      0.742821      0.810128      9.105064     12.387308      0.772277      0.769912     11.700000      0.807278     11.596756      0.073084      2.406515      2.647490      0.162687      3.897063      3.800000      3.600000      4.200000      3.600000      1.360000      0.867692      2.318641      1.840727      0.603471     -0.141656      2.400000      1.800000      6.525000      4.596667     20.555208      4.696611      6.000000      6.000000      1.113846      1.759750      0.367043      6.400000      8.200000     12.800000     13.200000      3.672632      4.368421      8.582773     13.830632      0.007274      0.566714     11.000000     11.400000      3.310668      4.520146      4.667098      7.946078     14.600000     25.799999      4.020526      9.363000      0.570594
  2            9403           280                                               9.844e-04     1.804e-01     2.247e-08     2.669e-07     7.507e+00     5.547e-07     6.286e+00     14.200000     14.400000      0.908077      0.906538     24.672916     29.325241      0.739583      0.778378     17.900000      0.912753     26.872116      0.010789      2.566263      2.587146      0.081937      0.848453      4.400000      3.600000      3.400000      2.800000      0.586154      0.500769      0.410462      0.516594     -0.494059     -0.475561      1.800000      1.200000      4.766667      3.313333     14.394444      9.969111      5.400000      4.600000      0.543462      0.555000      0.020790      3.400000      3.000000      2.600000      2.200000      0.694737      0.792982      0.530530      0.519391     -0.759828     -0.352008      0.800000      0.400000      1.033333      1.516667      2.138889      1.331944      3.800000      3.000000      0.446316      0.433000     -0.030752
  1            8889          3492          4084         0.812          6312     2.726e-04     2.345e-01     3.313e-07     7.689e-07     8.639e+00     7.005e-06     1.673e+01      8.700000      8.400000      0.817564      0.762949     12.446298     11.563381      0.728033      0.694215     11.600000      0.828165     12.506923      0.086381      2.546651      2.343364      0.134875      2.583469     10.200000      6.600000     11.400000     10.600000      2.224359      2.564615      3.645319      7.521211     -0.431341     -0.127254      5.000000      4.200000      4.217253      5.633333     15.585582     23.041836     14.800000     15.600000      2.394487      2.914375      0.178387      4.200000      5.400000      3.800000      9.200000      1.102105      1.611579      0.842077      4.681420      0.119676     -1.219319      3.000000      8.400000      3.450000      2.106061      0.927976      2.767392      8.200000     12.200000      1.356842      1.800000      0.246199
  1            8513          1214          3755         0.584          6927     7.842e-04     2.604e-01     2.443e-07     1.535e-07     2.063e-01     9.190e-06     7.243e-01     11.600000     11.300000      0.887051      0.862692     24.711010     17.675129      0.672464      0.750831     14.600000      0.894430     21.677370      0.042650      2.560348      2.519430      0.086500      2.972641      2.800000      3.400000      2.200000      2.800000      0.746795      0.895192      0.657919      0.822602      0.264119      0.184120      0.400000      1.000000      6.366667      5.966667     20.361111     26.986111      3.800000      3.200000      0.656795      0.683000      0.038368      7.800000      6.000000     16.600000      8.400000      4.102105      1.836842     22.712564      1.978441     -0.507570     -0.649015     13.400000      5.200000      2.551963      2.708788      1.789391      3.219008     13.200000     21.799999      2.969474      8.946000      0.668067
  1            3863           569          2525         0.526          6906     8.539e-04     2.727e-01     7.393e-07     7.824e-07     1.449e+01     6.930e-06     1.989e+01      8.800000      8.900000      0.809744      0.762051     28.376602     20.931538      0.544892      0.644928     11.500000      0.811677     26.080173      0.061052      2.190788      2.029586      0.163188      6.865812      5.600000      4.600000      8.200000      5.400000      2.452564      1.683333      9.722926      3.035740      0.557899      0.737828      4.200000      1.400000      6.728929      7.257436     30.334387      9.910686      7.200000      9.600000      2.067949      2.165250      0.044938      6.800000      5.400000      7.800000      6.200000      2.138947      1.506316      2.052899      2.498830     -0.252852     -0.564005      5.800000      4.200000      2.935131      2.646190      4.458862      3.298380     10.600000     12.000000      1.822632      2.881500      0.367471
  1            4303          3239          4367         0.771          5515     8.249e-04     1.296e-01     1.064e-07     5.728e-07     1.594e+01     3.263e-06     1.535e+01      8.800000      9.800000      0.830385      0.816026      8.195897      9.640321      0.745763      0.771654     12.300000      0.847025      9.447864      0.055020      2.258025      2.453235      0.129750      2.538438      3.800000      3.800000      3.000000      3.400000      0.705897      0.761026      0.529024      0.844613      0.053671     -0.168846      1.800000      2.200000      6.716667      5.516667     16.601944     11.281944      5.800000      5.200000      0.733462      0.907250      0.191555      5.600000      6.000000      6.000000      6.400000      1.648421      1.707368      2.252153      2.103637     -0.130370     -0.128984      5.600000      6.000000      3.542857      3.685714      6.829025      8.337742     11.600000     12.800000      1.677895      3.336000      0.497034
  2            2680          3188                                               9.417e-04     2.341e-01     2.885e-06     8.275e-07     1.283e+01     9.047e-06     1.955e+01      9.200000     10.400000      0.836923      0.800128     10.832308     21.361475      0.836364      0.660317     13.700000      0.868228     20.751028      0.107341      3.070194      3.010944      0.083312     19.188688      5.200000      4.600000      7.000000      4.600000      1.718718      1.133077      4.312482      1.493154      0.238636      0.560296      5.000000      2.600000      7.761714      8.923636     25.427286      9.494479      8.600000      9.600000      1.425897      2.273125      0.372715      6.000000      5.200000      8.800000      6.000000      3.135526      2.434211     12.228731      4.153425      0.052794      0.280646      7.400000      4.600000      2.864743      3.385758      2.908956      4.443228     10.800000     16.000000      2.227895      7.135500      0.687773
  2            8506          5986                                               6.324e-04     1.090e-01     8.782e-08     6.289e-07     1.074e+01     2.380e-06     1.653e+01     10.400000     11.900000      0.849744      0.867692     20.627934     23.224087      0.806202      0.702065     16.600000      0.897500     28.566504      0.081928      3.302417      3.335294      0.064687     27.326250      4.200000      5.200000      3.400000      7.200000      0.858462      1.673846      0.734289      5.437664      0.191378     -0.451140      2.200000      6.000000      6.800000      3.964444     11.712000      7.979012      8.000000      9.400000      1.266154      1.696625      0.253722      6.000000      6.800000      7.400000     11.400000      1.830526      4.012631      3.458062     12.063125     -0.621269      1.040652      5.400000      9.400000      2.825789      5.848178      6.685446     14.127877     12.600000     18.799999      2.921579      6.662000      0.561456
  2            5304          2134                                               9.018e-04     2.024e-01     2.749e-06     7.574e-07     6.765e+00     3.580e-06     6.803e+00      8.200000      8.900000      0.784744      0.812692      9.612211      7.091971      0.784689      0.741667     11.600000      0.829272      9.952156      0.069978      2.301429      2.334014      0.140938      6.737859      5.000000      4.200000      5.400000      4.800000      1.633590      1.600256      2.739719      2.592147      0.264581      0.895605      2.400000      1.800000      6.022857      7.983809     19.660244     23.007261      7.200000      7.200000      1.616923      1.819125      0.111153      4.600000      3.400000      7.400000      2.600000      1.477895      0.687368      2.858624      0.486667     -0.843775     -0.241342      7.200000      2.400000      2.678889      3.600000      5.307031     10.188889      7.200000      9.800000      1.082632      1.427500      0.241589
  1             984          2177          5468         0.451          7649     9.633e-04     1.983e-01     2.466e-06     4.470e-07     1.198e+01     4.770e-06     1.009e+00      6.600000      7.200000      0.727949      0.752051      6.481346      6.005256      0.804878      0.800000     10.400000      0.842753     10.734414      0.215497      3.439713      3.513637      0.057062     18.052063      1.800000      1.600000      0.800000      0.600000      0.452564      0.285043      0.298662      0.182633      0.316823      0.131218      0.800000      0.600000      4.900000      2.700000      1.250000      2.450000      2.400000      1.400000      0.221282      0.330000      0.329448      2.000000      1.600000      1.400000      1.400000      0.527632      0.639474      1.281850      1.194960     -0.112540      0.343688      1.400000      1.400000      0.866667      1.880000      0.377778      0.288000      3.400000      3.800000      0.466842      1.720000      0.728580
  1            6119          2395          5854         0.586          7546     1.740e-04     2.390e-01     1.127e-07     9.833e-07     1.607e+01     9.510e-06     1.232e+01      5.700000      5.600000      0.655128      0.653205      3.508461      2.736587      0.890625      0.800000      7.200000      0.683513      3.685613      0.082065      1.562269      1.461632      0.287875      2.380328      6.800000      8.400000      9.000000      9.600000      2.189744      2.437436      4.874232      4.289873      0.348886      0.207643      4.200000      4.800000      7.843773      6.785354     35.239063     30.316772     12.800000     13.800000      2.313590      2.707500      0.145489      7.600000      7.000000     19.400000     14.800000      7.440000      4.962105     34.542591     22.470955      1.523439      0.876302     10.600000      6.000000      5.938466      4.318668      9.847912      5.127753     14.200000     25.400000      6.201053      8.146000      0.238761
  2             445          5872                                               4.941e-04     1.541e-01     8.021e-07     8.178e-07     7.615e+00     3.031e-06     3.470e+00      3.300000      2.700000      0.440128      0.312308      0.971090      4.428525      0.868421      0.613636      5.200000      0.645475      9.259146      0.585845      3.485825      3.291317      0.092000     26.044374      2.000000      1.800000      1.000000      1.200000      0.267949      0.677778      0.185213      0.891683     -0.267006      0.378986      1.000000      1.200000      2.600000      4.500000      1.600000      0.450000      3.200000      2.800000      0.283718      1.155000      0.754357      2.400000      1.200000      1.400000      0.200000      0.310526      0.088421      0.215500      0.049591     -0.281935      0.205177      1.400000      0.200000      1.650000      1.200000      2.337500      0.000000      3.600000      7.000000      0.199474      5.920000      0.966305
  1             966          2900          4650         0.830          9992     2.287e-04     1.184e-01     1.644e-07     1.359e-07     1.323e+01     5.920e-06     1.417e+01      2.900000      2.600000      0.361410      0.354872      0.492244      0.590128      0.878788      0.896552      3.900000      0.536392      0.998972      0.496704      2.071846      1.911206      0.289813      1.835312      1.600000      1.000000      0.600000      0.000000      0.139744      0.000000      0.116785      0.000000     -0.347455      0.000000      0.600000      0.000000      1.800000      0.000000      0.000000      0.000000      1.600000      0.600000      0.041923      0.045000      0.068376      2.000000      2.400000      1.000000      1.600000      0.329474      0.228421      0.188488      0.195940      0.116396     -0.694138      1.000000      1.600000      2.400000      1.100000      2.500000      1.250000      4.400000      5.600000      0.278947      3.360000      0.916980
  1            8517          7080          7254         0.437          7746     2.102e-04     1.287e-01     8.181e-06     7.200e-07     8.604e+00     1.508e-06     1.120e+01      7.700000      8.600000      0.780641      0.811667      6.715272     10.725978      0.860335      0.873096     12.200000      0.844937     10.177547      0.108507      2.929541      2.921731      0.107500      6.190875      7.400000      8.400000     13.800000     14.000000      3.242051      4.523590     17.834026     29.134840      0.005206      0.560159      5.400000      5.600000      5.932875      7.200671     24.649626     19.872099     14.800000     19.400000      3.882821      4.440750      0.125639      2.800000      3.000000      2.600000      2.400000      1.045263      0.663158      1.039772      0.842807      1.062342     -0.073126      1.800000      1.600000      7.250000      2.450000     13.887500      1.787500      5.200000      4.200000      0.854211      1.815000      0.529361
  2            3010          5089                                               1.990e-04     1.616e-01     2.398e-08     3.012e-07     1.065e+01     3.348e-06     1.606e+01      4.100000      4.600000      0.541538      0.583077      1.026795      1.245577      0.911111      0.901961      5.900000      0.640380      1.739541      0.215209      1.782929      1.907301      0.283500      2.440063      1.600000      1.400000      0.800000      0.400000      0.144872      0.049145      0.169305      0.045205     -0.256808     -0.392027      0.800000      0.400000      0.450000      0.600000      0.037500      0.000000      2.000000      1.200000      0.058205      0.060000      0.029915      3.800000      2.000000      4.400000      1.000000      1.336842      0.169474      2.327140      0.126288      0.061931     -0.549063      4.200000      0.800000      3.331429      1.000000      1.747283      0.100000      5.800000      7.200000      0.753158      3.259000      0.768899
  1            5331          1272          8283         0.748          9146     2.836e-04     1.372e-01     1.456e-06     6.808e-07     1.340e+01     3.532e-06     1.079e+01      6.400000      6.700000      0.709103      0.697436      3.401090      3.905769      0.934307      0.971014      7.700000      0.735285      4.209937      0.083239      1.688329      1.689673      0.233500      2.380875      5.200000      5.000000      6.200000      6.400000      1.690385      1.886859      4.561428      4.492990     -0.219837      0.332345      2.200000      2.400000      4.267692      6.239316     10.303243     15.525604      8.200000      8.600000      1.430897      1.507000      0.050499      5.600000      4.800000      7.200000      5.200000      1.776842      1.385263      2.708404      3.059861     -0.099741     -0.116105      6.400000      4.400000      3.493889      2.608333      2.360258      2.669653      9.600000     11.600000      1.581053      2.365000      0.331479
  2            5664           117                                               2.450e-04     1.409e-01     7.658e-07     8.888e-07     2.554e+00     8.725e-06     5.833e+00      5.200000      5.600000      0.666795      0.720128      1.711651      1.771603      0.962963      0.973913      6.200000      0.696741      1.778018      0.008652      1.087916      1.264663      0.300063      0.230828      5.000000      4.800000      7.000000      7.400000      2.452885      1.978846      6.661371      5.187431      0.379688     -0.326255      1.000000      1.400000      5.614706      3.727475     19.120487     16.060772      6.200000      8.400000      1.772692      1.781000      0.004665      7.600000      7.400000     12.400000     11.800000      3.454737      3.345263     12.624127     12.577700      0.044366     -0.034533      2.600000      2.000000      3.625199      3.376740      3.112587      3.230600     10.000000     14.400000      3.400000      3.538000      0.039005
  2            4264          2217                                               6.053e-04     1.798e-01     1.008e-07     2.490e-07     9.721e+00     5.103e-06     2.114e+00      8.600000      8.400000      0.798077      0.810641     15.833076     25.999872      0.688000      0.646154     11.800000      0.847468     21.905886      0.095441      2.693727      2.753180      0.110500      4.954000      2.000000      2.200000      1.000000      1.200000      0.062500      0.498077      0.058841      0.306214     -0.971788      0.467209      1.000000      1.200000      0.800000      5.400000      0.000000      6.300000      3.200000      2.200000      0.224231      0.295000      0.239896      5.600000      6.800000      5.800000     10.200000      1.332632      3.136842      1.186165      4.779805     -0.381183      0.546891      4.800000      9.200000      2.337692      4.202977      4.185204      9.089092     12.400000     20.799999      2.234737      9.644500      0.768289
  2            9465          7925                                               5.701e-04     1.824e-01     1.869e-06     6.996e-08     4.356e+00     1.690e-06     1.438e+01     10.700000     10.200000      0.820769      0.819359     31.876970     23.956394      0.666667      0.641509     16.200001      0.861139     35.099930      0.091039      3.255966      3.141878      0.098812     29.769657      2.000000      2.200000      1.000000      1.600000      0.229487      0.705769      0.150740      0.639908     -0.276007      0.756803      0.400000      1.000000      2.266667      9.800000      3.511111      7.200000      2.800000      2.000000      0.374103      0.677500      0.447819      8.400000      7.600000     14.800000     10.000000      4.129474      2.849474      8.171735      4.787452     -0.244692      0.036575     12.000000      7.200000      3.340400      3.473131      6.507609      4.030350     16.000000     22.000000      3.489474      5.584000      0.375094
  1            8318          1803          3801         0.909          9950     9.087e-04     2.279e-01     1.253e-08     2.686e-07     7.141e-01     6.657e-06     1.502e+01     11.400000     11.700000      0.853462      0.868590     28.513975     31.373430      0.672566      0.674352     15.400000      0.876329     30.020863      0.033292      2.601977      2.752007      0.108750      1.801969      3.800000      3.400000      3.200000      2.600000      0.640769      0.526154      0.518885      0.465486      0.022656     -0.267558      2.000000      1.400000      7.130000      5.033333      6.455500      6.405556      5.200000      4.600000      0.583462      0.656000      0.110577      9.600000      8.000000     23.799999     11.000000      9.594737      2.684211     61.376904      2.994408      1.479311     -0.351159     19.400000      6.600000      5.697340      3.211111     11.542965      7.028105     17.200001     30.400000      6.139474     10.691500      0.425761
  2            2723          5495                                               7.281e-04     2.344e-01     8.959e-08     5.103e-07     5.001e+00     6.067e-06     7.883e+00      7.600000      7.200000      0.726154      0.769103      8.346138     18.295897      0.771574      0.648649     11.300000      0.845475     23.060978      0.205457      3.412868      3.463806      0.059125     39.138889      2.400000      2.400000      1.800000      2.000000      0.379744      0.289744      0.331344      0.327525     -0.241104     -0.574272      1.200000      1.400000      3.100000      3.933333     21.650000      0.577778      3.800000      3.200000      0.334744      0.628750      0.467605      4.800000      4.400000      4.600000      4.000000      1.292632      0.929474      1.456007      0.723737     -0.029312     -0.439050      4.000000      3.400000      3.555556      3.150000     10.941976      6.243055      9.200000     11.800000      1.111053      5.754000      0.806908
  2            8930          5733                                               7.038e-04     2.249e-01     1.863e-07     8.348e-07     8.508e-01     5.518e-06     1.905e+01     10.000000      9.700000      0.833333      0.836410     12.514167     13.572932      0.790514      0.829060     13.200000      0.865696     15.957148      0.068334      2.719180      2.737365      0.104250     12.160891      8.600000      7.200000     10.800000      7.600000      2.602564      1.438462      5.990014      2.612120      0.461286     -0.735901      7.800000      4.600000      7.549601      3.603030     19.978926     19.090786     14.000000     15.400000      2.020513      2.731875      0.260393      6.800000     10.800000     15.600000     15.800000      6.068421      3.374737     30.565653      4.609457      0.970379     -0.987454     11.200000     11.400000      5.354915      2.423709      8.845748      4.431680     17.200001     27.600000      4.721579      8.037500      0.412556
  2            5028          2915                                               6.943e-04     1.479e-01     1.243e-07     9.360e-07     1.593e+01     6.659e-06     1.100e+01      8.700000      8.000000      0.809487      0.764231      8.051154      6.254487      0.790909      0.816327     10.800000      0.834019      7.376203      0.105487      2.358242      2.361497      0.120000      1.240000      6.000000      5.800000      8.800000      8.200000      2.827949      2.802308      8.006981      6.717350      0.782932      1.193380      3.000000      2.400000      8.241569      9.598889     27.562635     33.476662      9.400000     11.200000      2.815128      3.022625      0.068648      2.600000      3.800000      1.800000      6.000000      0.408421      1.246316      0.287942      3.869039     -0.061577     -0.722728      1.200000      5.400000      3.140000      1.821667      1.202000      1.883486      6.200000      9.200000      0.827368      3.824000      0.783638
  2            8575          1509                                               7.783e-04     2.698e-01     1.931e-06     9.214e-07     1.900e+01     2.828e-06     5.672e+00     11.900000     11.300000      0.857308      0.853333     43.751457     46.705433      0.666667      0.605898     15.600000      0.877532     47.491486      0.048849      2.630257      2.682909      0.100813     11.200438     11.800000      8.200000     16.000000     11.400000      3.249231      2.652308      4.413098      5.423222     -0.531727     -0.335529      8.400000      3.800000      4.730921      4.918000     22.786083     17.189062     17.400000     19.799999      2.950769      3.291000      0.103382      4.400000      4.600000      4.200000      5.600000      1.525263      1.780000      1.694430      2.382027      1.058691      0.603287      2.400000      3.800000      6.228571      4.688461      8.036735      4.204719      7.800000      8.000000      1.652632      2.340000      0.293747
  1             662          2328          7780         0.431          9452     7.738e-04     2.872e-01     4.554e-08     8.427e-07     1.585e+01     1.647e-07     1.789e+01      4.900000      5.500000      0.618077      0.663846      2.821795      4.738269      0.753846      0.670732      7.800000      0.781424      7.408560      0.302257      3.146144      3.166612      0.081625     14.521688      1.000000      1.600000      0.000000      0.600000      0.000000      0.414103      0.000000      0.270205      0.000000      0.137025      0.000000      0.600000      0.000000      2.800000      0.000000      1.800000      1.600000      0.600000      0.082821      0.210000      0.605617      1.000000      1.000000      0.000000      0.000000      0.000000      0.000000      0.000000      0.000000      0.000000      0.000000      0.000000      0.000000      0.000000      0.000000      0.000000      0.000000      1.000000      0.000000      0.000000      0.000000      0.000000
  2            5015          5989                                               9.682e-04     2.138e-01     9.667e-06     3.100e-07     7.743e+00     3.593e-06     9.667e+00      9.800000      9.000000      0.818718      0.766538     10.021619     15.508846      0.890909      0.679245     14.300000      0.856044     22.748011      0.135159      3.394290      3.349243      0.082125     40.070236      2.600000      2.400000      1.800000      1.800000      0.486218      0.471795      0.535970      0.416880     -0.319567      0.303583      1.400000      1.400000      2.133333      7.000000      4.344444      0.000000      3.800000      3.200000      0.383205      0.626750      0.388584      5.800000      4.800000      6.200000      3.600000      1.728421      0.831579      2.057689      0.556012     -0.064966     -0.582696      6.000000      3.400000      3.728571      2.646667     11.512585      5.518445     10.600000     13.000000      1.280000      6.651000      0.807548
  2            5674          5132                                               5.918e-04     2.428e-01     6.251e-06     4.045e-07     1.924e+01     1.180e-06     1.583e+01      8.700000      8.800000      0.785000      0.818846      7.370577      6.756955      0.878788      0.946237     12.500000      0.873924      9.055135      0.150216      3.119261      3.569563      0.055875      8.219093      2.600000      4.600000      2.000000      4.200000      0.408974      1.066346      0.411050      1.202036     -0.225989     -0.362238      1.600000      3.800000      4.633333      4.045000      1.894444     19.632376      6.000000      5.800000      0.590128      0.697750      0.154241      2.200000      1.200000      1.200000      0.200000      0.310526      0.084211      0.223072      0.056140     -0.311806      0.070391      1.200000      0.200000      1.450000      0.800000      0.537500      0.000000      3.000000      3.400000      0.157895      2.280000      0.930748
  2            7469          2730                                               2.382e-04     2.173e-01     4.324e-06     5.826e-07     4.564e+00     9.476e-06     1.599e+01      7.500000      6.800000      0.751410      0.760385     11.698686     15.997355      0.635593      0.663415     10.300000      0.791867     15.395083      0.087152      2.357051      2.253444      0.173063      6.803297      4.000000      5.400000      4.200000      5.600000      0.987692      1.519487      1.249487      1.840478      0.077452      0.348898      1.600000      3.000000      4.297222      7.670159     21.111073     21.432850      6.800000      7.200000      1.253590      1.508250      0.168845      5.800000      5.800000     10.600000      7.200000      3.167368      1.870526     15.608382      2.607458      0.172475     -0.421590      8.400000      5.000000      2.994950      3.101401      3.695832      6.460915     11.600000     16.400000      2.518947      7.370000      0.658216
  2            5375          6403                                               4.566e-04     1.707e-01     1.691e-08     2.966e-07     3.142e+00     5.426e-06     1.162e+01      6.100000      6.000000      0.746410      0.723462      6.396987      2.835320      0.709302      0.869565      8.700000      0.826139      6.071962      0.197567      3.048504      2.933525      0.084937      5.981250      3.000000      2.800000      2.400000      2.200000      0.611026      0.615128      0.589124      0.569306      0.191136      0.136856      1.600000      1.400000      6.416667      6.600000      7.631945     23.022223      4.400000      3.800000      0.613077      0.870000      0.295314      6.000000      8.000000      5.800000      9.400000      1.642105      1.967368      1.263303      2.210521     -0.027510     -1.060746      4.600000      8.200000      3.688889      2.225000      6.571605      2.961161     13.800000     15.600000      1.804737      4.436000      0.593161
  1            8378          3230          3943         0.866          8920     6.163e-04     1.156e-01     1.388e-08     3.051e-07     1.867e+01     7.365e-06     9.735e+00      9.500000      9.900000      0.846026      0.856410     10.851730     11.470448      0.785124      0.761538     12.800000      0.876867     12.538481      0.056352      2.587382      2.608255      0.098125      5.998750      5.600000      5.000000      4.400000      4.400000      1.240513      0.937692      0.954161      0.986874      0.644321     -0.347117      2.200000      2.200000      8.308888      5.316667     23.876272     23.158611      7.800000      6.600000      1.089103      1.259375      0.135204      7.200000      5.400000     11.000000      9.000000      2.135789      2.029474      2.588265      6.435121     -1.149805     -0.732788      9.000000      7.000000      2.219649      2.452381      3.586842      3.043481     12.200000     18.000000      2.082632      5.996000      0.652663
  2            2380          2552                                               6.463e-04     2.182e-01     2.321e-08     6.486e-08     6.959e+00     5.845e-06     1.671e+01      8.200000      7.400000      0.785128      0.808974      8.623269      6.113975      0.700855      0.740000     11.100000      0.843639      8.805617      0.103728      2.871744      2.624684      0.110937      6.044562      1.200000      1.600000      0.200000      0.600000      0.167094      0.296154      0.083440      0.175852      0.323309      0.222476      0.000000      0.400000      3.400000      5.000000      0.000000      0.000000      1.600000      0.600000      0.138974      0.188250      0.261756      3.800000      3.800000      3.000000      4.200000      0.568421      1.237895      0.402395      1.612710     -0.951835      0.072856      3.000000      4.200000      2.000000      2.877143      2.022222      4.625102      7.400000      9.400000      0.903158      4.100000      0.779718
  1            6381          1964          4010         0.528          5118     9.016e-04     1.916e-01     3.118e-07     3.696e-07     1.404e+01     7.189e-06     1.571e+01     12.700000     12.800000      0.886538      0.888205     34.001877     32.802502      0.680965      0.688172     17.299999      0.907437     34.168232      0.042398      2.880647      2.906251      0.073000      4.695984      3.000000      2.400000      2.200000      1.800000      0.427564      0.673718      0.326229      0.768109     -0.630762      0.043588      1.200000      0.800000      2.816667      4.480000     15.381945      9.208000      3.800000      3.000000      0.440513      0.552500      0.202692      8.400000      8.600000      9.600000     22.400000      2.325263      7.153684      3.471596     42.512871     -0.427962      0.361283      6.200000     19.000000      2.729433      3.627306      3.046721      4.799111     17.000000     30.600000      4.739474      9.743500      0.513576
  2            5249          4774                                               4.284e-04     2.600e-01     3.113e-07     6.076e-07     1.524e+01     1.216e-06     1.169e+01      9.000000      8.500000      0.810641      0.805769     11.776090      9.599278      0.708661      0.752212     12.600000      0.839620     12.884284      0.071350      2.683257      2.738638      0.129750      9.210953      4.000000      4.200000      3.200000      3.600000      0.620000      0.761538      0.430518      0.781914     -0.310669     -0.165988      2.000000      2.400000      4.920000      4.691667      8.330222     24.187153      6.600000      5.600000      0.690769      1.071500      0.355325      3.600000      2.600000      4.600000      1.800000      1.650526      0.646316      2.815661      0.498546      0.669526      0.634648      3.800000      1.000000      4.624286      5.066667      3.369908      2.044445      5.400000      5.600000      1.148421      1.726000      0.334634
  1            9587          3085          7218         0.622          8578     8.579e-04     2.547e-01     2.414e-08     7.618e-07     1.104e+01     5.431e-07     1.142e+01     12.600000     11.400000      0.882564      0.872051     21.898718     19.469999      0.741176      0.730769     15.700000      0.899462     21.749050      0.048010      2.880122      2.634463      0.078938      5.239750      7.000000      7.600000     10.200000     11.200000      2.556667      3.899487     10.518028     15.148188      0.257033      1.280726      2.800000      3.800000      6.712857      9.751190     22.833300     32.410706     11.800000     14.000000      3.228077      3.823750      0.155782      3.200000      2.800000      4.400000      2.600000      1.710526      0.753947      6.378126      1.041207     -0.069188     -0.578640      3.800000      2.000000      2.725000      2.038095      1.596875      5.383220      5.200000      6.400000      0.985789      1.360000      0.275155
  2             963          2002                                               8.134e-04     2.608e-01     7.678e-07     2.301e-08     7.534e+00     7.477e-07     1.084e+00      5.100000      5.200000      0.625128      0.674231      1.652179      1.793590      0.879310      0.945455      6.500000      0.741456      2.264810      0.218147      2.229279      2.101272      0.169062      2.226750      1.000000      1.000000      0.000000      0.000000      0.000000      0.000000      0.000000      0.000000      0.000000      0.000000      0.000000      0.000000      0.000000      0.000000      0.000000      0.000000      1.000000      0.000000      0.000000      0.000000      0.000000      1.200000      1.400000      0.200000      0.400000      0.147368      0.192982      0.082651      0.113784      0.205177      0.019474      0.200000      0.400000      1.200000      1.600000      0.000000      0.000000      2.000000      1.000000      0.102105      0.540000      0.810916
  2            9924          7650                                               2.544e-04     1.571e-01     1.171e-07     5.379e-08     1.842e+01     7.930e-06     4.326e+00      7.800000      7.000000      0.809744      0.769615      6.534551      5.212564      0.821053      0.804598      9.800000      0.836772      6.295206      0.105006      2.551452      2.345263      0.117312      1.959188      1.400000      1.400000      0.600000      0.600000      1.052564      1.194872      1.066553      1.502413      0.214656      0.302621      0.200000      0.200000      2.333333      2.266667     11.377778      2.844445      1.600000      0.800000      0.224744      0.226000      0.005559      9.600000      8.200000     23.200001     14.600000      9.585263      3.764210     34.735249      9.619427      1.753147     -0.248338     16.200001      7.600000      4.935897      2.795930      4.425601      4.018416     17.799999     38.400002      6.674737     21.274000      0.686249
  1            1433           551          1045         0.963          8842     3.822e-04     1.936e-01     9.478e-07     3.589e-07     1.962e+01     4.309e-06     9.974e+00      4.400000      4.600000      0.538846      0.542949      1.357628      1.800961      0.956522      0.884615      5.500000      0.573449      1.724241      0.107062      1.291304      1.220135      0.394812      0.651500      2.200000      1.800000      1.200000      0.800000      0.486538      0.410897      0.387955      0.272999     -0.165533     -0.079714      0.600000      0.200000      0.766667      1.933333      2.427778      1.911111      2.400000      1.400000      0.179487      0.196250      0.085416      2.400000      2.800000      7.600000      1.800000      3.275789      0.452632     21.971584      0.275199      1.296515     -0.107950      7.400000      1.600000      4.408333      2.850000      1.057986      3.537500      4.400000      9.400000      1.864210      5.753000      0.675959
  2            3190          9671                                               8.127e-04     1.276e-01     2.403e-07     3.476e-07     6.029e+00     9.663e-06     8.842e+00      6.500000      6.500000      0.729615      0.776282      5.729680      5.417692      0.812500      0.773810     10.700000      0.844019     13.028244      0.193723      3.400521      3.658486      0.067188     29.724188      2.800000      3.200000      1.800000      2.000000      0.464744      0.389103      0.318842      0.288334     -0.078000     -0.665119      1.800000      2.000000      4.440000      2.300000      4.912000      7.850000      5.600000      5.000000      0.341538      1.815000      0.811825      8.000000      7.000000     11.000000     14.600000      3.242105      4.758947      7.141521     20.756754     -0.101623      0.664632      8.400000     12.000000      3.072046      4.405833      3.242138      5.828732     15.000000     34.599998      4.000526     20.370501      0.803612
  2             452          9239                                               4.030e-04     1.076e-01     2.412e-06     8.579e-08     1.786e+01     3.510e-06     8.282e+00      2.500000      2.400000      0.336410      0.266026      0.741987      0.776731      0.877193      0.857143      4.400000      0.518291      2.073133      0.586843      2.654520      2.562644      0.270063      5.227375      1.200000      1.200000      0.200000      0.200000      0.112179      0.112179      0.087123      0.087123     -0.013044     -0.013044      0.200000      0.200000      1.000000      1.000000      0.000000      0.000000      1.400000      0.400000      0.044872      0.050000      0.102564      1.400000      1.200000      0.600000      0.200000      0.161053      0.053684      0.197410      0.039482     -0.039594     -0.017220      0.600000      0.200000      1.200000      0.600000      0.000000      0.000000      2.600000      4.800000      0.107368      4.400000      0.975598
  2            6966          7934                                               4.124e-04     2.483e-01     5.164e-06     2.374e-08     9.243e+00     7.855e-06     6.023e+00      8.800000      9.700000      0.800769      0.828462     16.501860     15.174455      0.611111      0.668966     14.500000      0.878481     22.767540      0.134299      3.457895      3.576073      0.059250     28.162970      1.200000      1.200000      0.200000      0.200000      0.164103      0.112179      0.110385      0.087123      0.113088     -0.013044      0.200000      0.200000      1.600000      1.000000      0.000000      0.000000      1.400000      0.400000      0.055256      0.215000      0.742993      7.000000      9.800000     15.800000     18.799999      4.172632      7.043158     21.571695     24.564260     -0.105079      1.218182     12.600000     15.600000      3.596840      4.990529      7.627306      9.500389     16.799999     32.599998      5.607895     13.061000      0.570638
  1            1770          7235          8176         0.658          9002     9.335e-04     1.008e-01     4.204e-08     3.657e-07     1.084e+01     4.414e-06     7.731e+00      6.100000      6.000000      0.685385      0.689744     10.118012      8.191667      0.705202      0.740741      9.400000      0.771297     17.081345      0.194271      3.195910      3.155511      0.147062     31.767437      1.400000      2.200000      0.600000      1.600000      0.285897      0.658974      0.347462      0.867809      0.084220     -0.045675      0.600000      1.600000      2.400000      3.400000      0.000000     10.200000      2.800000      2.400000      0.283462      0.855000      0.668466      3.000000      2.200000      2.600000      1.600000      0.823158      0.448421      1.063459      0.569658     -0.053482     -0.019031      2.400000      1.400000      3.185714      2.600000      3.698980      0.500000      5.200000      8.400000      0.635789      6.266000      0.898533
  2            2640          2386                                               8.510e-04     1.598e-01     8.357e-07     5.364e-07     1.651e+01     3.115e-06     5.973e+00      8.000000      7.200000      0.755769      0.784359     10.600449      9.235433      0.769231      0.778378     10.600000      0.828513     10.729854      0.130955      2.597749      2.603795      0.114500      3.702953      4.400000      4.400000      4.600000      4.600000      1.059744      1.281026      1.175542      1.341474     -0.133862      0.567470      3.200000      3.200000      5.902381      8.055000     27.684099     16.492374      7.200000      7.800000      1.170385      1.495250      0.217265      3.400000      1.800000      3.200000      0.800000      0.961842      0.186842      0.905535      0.139474     -0.381645     -0.439232      3.000000      0.600000      2.059524      1.100000      0.656094      0.050000      4.800000      5.800000      0.459474      3.231000      0.857792
  2            3157          1588                                               6.908e-04     1.650e-01     2.047e-07     1.649e-07     1.248e+01     7.770e-06     1.912e+01      7.700000      7.800000      0.770385      0.780000      6.647180      6.808974      0.793814      0.838710      9.700000      0.812405      7.144905      0.086128      2.220425      2.341540      0.151313      1.982875      1.800000      1.400000      0.800000      0.600000      0.501923      0.723077      0.458144      0.623284      0.167407      0.675533      0.200000      0.000000      3.133333      6.000000      0.177778      0.000000      1.800000      0.800000      0.245000      0.344500      0.288824      5.200000      4.200000      5.200000      5.800000      1.306316      2.230526      1.224333      8.342651     -0.524912      0.784792      4.200000      4.800000      2.297059      5.588889      3.732310      7.425309      9.000000     11.000000      1.768421      3.972500      0.554834
  1            3864          1975          3595         0.911          5623     4.941e-04     1.857e-01     1.094e-06     5.291e-07     1.886e+01     6.931e-06     5.999e+00      6.200000      6.300000      0.700256      0.677949      8.294039      7.266218      0.681319      0.715909      8.200000      0.711930      8.669937      0.061530      1.774264      1.736494      0.265812      3.903750      4.600000      4.600000      4.000000      4.000000      1.094103      0.704615      1.130720      0.756445      0.517454     -0.345162      2.800000      2.800000      9.140000      5.850000     21.082001      9.105500      7.600000      6.800000      0.899359      1.292000      0.303902      3.800000      4.600000      4.800000      6.400000      1.287368      1.100000      1.869546      1.521053      0.069740     -0.950813      4.400000      6.000000      3.245238      2.273846      3.906434      1.383643      8.400000     19.799999      1.193684     12.720000      0.906157
  2            3903          2176                                               2.725e-04     2.838e-01     5.240e-07     5.747e-07     1.531e-01     3.615e-06     1.350e+01      7.300000      7.100000      0.743590      0.748718      9.490385      5.980385      0.752577      0.780220     10.100000      0.819620      8.545380      0.162767      2.593442      2.750270      0.108750      3.586250      5.800000      5.400000      6.400000      5.400000      1.244103      1.592051      1.763072      2.158333     -0.559382      0.657463      3.800000      2.800000      4.039394      7.793334     16.338453     28.294445      9.000000      9.200000      1.418077      1.680000      0.155907      2.800000      2.800000      2.200000      6.200000      0.523158      2.636842      0.441710      7.932381     -0.150315      1.609882      2.000000      6.000000      2.833333      5.696429      4.161111      0.701365      5.200000      8.200000      1.580000      2.336000      0.323630
  1            3516          1436          2366         0.980          3267     9.165e-04     2.262e-01     1.424e-08     5.706e-07     2.523e+00     7.617e-06     7.051e+00     10.400000      9.700000      0.773462      0.810128     14.135224     19.326443      0.714777      0.713235     13.500000      0.814810     19.199486      0.053292      2.574861      2.549248      0.162750     10.587719      3.800000      3.600000      3.800000      3.800000      1.093077      0.924872      1.621728      1.356399      0.323548      0.011721      2.000000      2.000000      7.963333      6.193333     32.323277     16.886444      5.800000      5.800000      1.008974      1.114000      0.094278      5.400000      6.800000      4.800000      7.800000      0.965263      1.895790      1.021314      2.109412     -0.720616     -0.492716      4.400000      7.400000      2.114286      3.043397      0.306122      4.788666     11.200000     12.200000      1.430526      1.784000      0.198135
  1            4985          1687          8003         0.997          9378     9.136e-04     2.594e-01     2.914e-08     4.487e-07     4.272e+00     7.281e-06     1.833e+00      7.400000      6.300000      0.764615      0.703974      4.450705      3.189359      0.913580      0.863014      8.500000      0.756551      4.103402      0.056672      1.910285      1.676946      0.221750      1.310313      4.800000      4.800000      5.400000      5.200000      1.568590      1.871154      3.030231      3.093447      0.021376      0.456551      2.400000      2.200000      4.912820      6.915758     16.841486     24.162092      7.000000      7.600000      1.375897      1.631875      0.156861      6.000000      6.200000     12.200000      7.600000      5.154737      2.105263     24.526800      2.560991      1.574018      0.115838      9.600000      5.000000      6.947515      3.800261     13.048667      3.857777     12.000000     18.799999      3.630000      7.883000      0.539515
  1            3040          5789          7876         0.757          8436     8.237e-04     1.402e-01     1.249e-07     7.078e-07     6.405e+00     9.657e-06     1.055e+01      6.300000      7.300000      0.722949      0.726154      3.887628      9.567628      0.840000      0.651786     10.400000      0.795285     12.616202      0.161351      2.809023      3.037151      0.135750     23.596251      4.000000      5.400000      3.600000      5.800000      1.126282      1.401923      1.312398      4.105074      0.096053     -0.570928      2.600000      4.800000      5.277143      3.215686     19.530245     11.831450      8.400000      8.400000      1.011282      1.850625      0.453546      5.000000      6.000000      6.000000      7.600000      1.887368      2.140000      2.974018      3.585892      0.456014     -0.189104      5.000000      6.600000      4.203333      3.182619      5.975399      3.678252     11.000000     21.000000      2.013684     12.986000      0.844934
  2             248          4125                                               9.022e-04     1.648e-01     1.290e-08     4.694e-07     1.992e+01     6.026e-07     4.888e+00      2.800000      2.600000      0.356282      0.340128      0.603590      1.144103      0.848485      0.742857      5.000000      0.609399      6.268165      0.596231      3.309572      3.312814      0.135937     21.351250      1.200000      1.000000      0.200000      0.000000      0.184615      0.000000      0.150726      0.000000     -0.061317      0.000000      0.200000      0.000000      0.800000      0.000000      0.000000      0.000000      1.200000      0.200000      0.018462      0.020000      0.076923      1.000000      1.000000      0.000000      0.000000      0.000000      0.000000      0.000000      0.000000      0.000000      0.000000      0.000000      0.000000      0.000000      0.000000      0.000000      0.000000      1.000000      0.000000      0.000000      0.000000      0.000000
  2            8760          4802                                               9.051e-04     2.940e-01     1.363e-07     4.762e-07     1.985e+01     6.915e-06     3.999e+00     14.200000     15.200000      0.890128      0.882179     49.646072     67.820770      0.583162      0.644068     22.299999      0.907278     69.834991      0.044648      3.414007      3.403917      0.072125     46.787861      5.600000      5.400000      7.200000      7.400000      1.713590      2.154615      2.573276      3.304364      0.029952      0.772433      3.800000      4.000000      6.400650      8.615736     28.647530     31.223633      9.000000     11.200000      1.934103      2.251375      0.140924      9.600000     10.600000     19.799999     28.600000      5.832632      7.048421     18.302284     52.065941      0.264322     -0.494732      9.400000     18.200001      3.421738      2.409757      7.034150      3.081602     20.200001     38.200001      6.440526     18.531000      0.652446
  1            1606          3769          5168         0.760          5677     1.052e-04     1.166e-01     2.424e-06     4.861e-08     1.160e+01     5.615e-06     1.506e+00      2.700000      3.000000      0.331154      0.419744      0.364038      0.453830      0.981818      0.983607      3.900000      0.468703      0.564490      0.330261      1.224217      1.464660      0.440375      0.634891      1.000000      1.400000      0.000000      0.400000      0.000000      0.147436      0.000000      0.130995      0.000000     -0.259226      0.000000      0.400000      0.000000      0.300000      0.000000      0.050000      1.400000      0.400000      0.014744      0.015000      0.017094      3.000000      2.400000      2.200000      1.400000      0.676842      0.342105      0.476107      0.242902      0.234857     -0.225804      2.200000      1.400000      3.300000      1.800000      3.472222      3.288889      5.400000     10.800000      0.509474      8.040000      0.936633
  1            7015          1891          7384         0.731          9540     8.138e-04     1.953e-01     1.921e-07     1.680e-07     1.928e+01     8.754e-06     4.074e+00     11.400000     11.600000      0.878846      0.866795     29.227243     27.942163      0.714734      0.718266     15.400000      0.894715     29.494633      0.047410      2.679833      2.748233      0.083938      5.023453      2.800000      1.800000      2.200000      1.200000      0.313077      0.275128      0.316947      0.329652     -0.851987     -0.048386      1.200000      0.200000      2.833333      3.133333      1.161111      0.177778      3.000000      2.400000      0.294103      0.322000      0.086638     12.400000      9.600000     22.799999     16.600000      6.311579      4.257895     13.275099     11.725664     -0.214455     -0.340169     16.000000      9.800000      3.082549      3.236733      5.076216      6.581236     21.600000     32.599998      5.284737      7.071000      0.252618
  1            2470          1809          4189         0.727          7228     1.658e-04     2.485e-01     5.275e-06     4.197e-07     5.703e+00     6.612e-06     1.970e+01      4.000000      3.800000      0.443846      0.528590      3.726266      2.668333      0.634921      0.672566      5.800000      0.563829      3.622037      0.239640      1.667261      1.933722      0.360500      1.837578      1.800000      2.600000      1.000000      1.800000      0.242308      0.330449      0.216444      0.291694     -0.114152     -0.569663      0.600000      1.400000      2.300000      2.866667     11.250000      6.544445      3.200000      2.400000      0.229103      0.588000      0.610370      4.400000      3.600000      4.800000      3.200000      1.424211      1.014737      2.293896      0.928610      0.080472      0.299575      4.400000      2.800000      3.766667      4.135714      5.601111      3.472194      8.000000      8.600000      1.219474      2.921000      0.582515
  2            6493          1736                                               2.998e-04     1.238e-01     1.054e-06     4.562e-07     1.930e+01     1.194e-06     1.766e+01      5.600000      6.300000      0.685385      0.737949      3.453365      3.350898      0.854962      0.913043      7.600000      0.763576      3.707983      0.126915      2.016948      2.189356      0.185813      1.378219      4.600000      6.200000      4.000000      5.000000      1.026923      1.226154      1.160896      1.152185     -0.000569     -0.067198      1.800000      2.800000      6.000000      5.267778     26.586666     18.977032      8.200000      6.800000      1.126539      1.190000      0.053329      2.200000      3.200000      1.400000      2.400000      0.327368      0.497895      0.278468      0.457126     -0.503275     -0.793079      1.200000      2.200000      2.033333      2.180000      3.294445      2.898000      4.400000      3.600000      0.412632      0.490000      0.157895
  1            8452          5344          7082         0.658          8754     8.438e-04     1.829e-01     2.212e-07     6.229e-07     4.200e+00     7.880e-06     1.903e+01     11.000000     12.000000      0.873333      0.876282     16.317869     20.231779      0.733333      0.813559     16.000000      0.908861     19.718157      0.071117      3.090887      3.320967      0.057937      6.614906      9.600000      6.600000     12.200000      7.400000      2.850769      1.993333      6.006864      3.281155      0.222974      0.294491      8.200000      3.400000      5.551430      6.161905     23.621578     13.278839     14.400000     15.600000      2.422051      3.026625      0.199752     11.600000      8.200000     25.600000     25.799999      8.153685      6.600000     33.213367     40.013981      0.340412     -0.354365     14.000000     14.200000      4.448491      3.101238     12.692641      4.076543     19.600000     40.000000      7.376842     12.053500      0.387992
  1            4614          1677          1959         0.405          8826     9.626e-04     1.623e-01     2.957e-06     2.709e-07     1.249e+01     8.636e-06     8.442e-01     10.300000     10.600000      0.845385      0.844872     16.847292     19.458382      0.757353      0.668770     15.100000      0.872943     18.348553      0.060665      2.930621      2.756597      0.099937      1.680719      3.000000      2.600000      2.400000      1.800000      0.414103      0.423397      0.416714      0.358661     -0.608743     -0.412005      1.200000      0.600000      1.650000      2.100000      5.687500      8.583333      3.600000      3.000000      0.335000      0.400000      0.162500      6.000000      5.000000     16.000000      6.400000      7.185263      1.732632     43.209133      2.537221      1.658038     -0.476762     13.800000      4.200000      4.546761      2.662222      4.849589      3.501235     10.600000     20.200001      4.458947      8.136500      0.451982
  1            1961          1426          5089         0.248          8780     2.521e-04     2.594e-01     1.287e-07     9.406e-07     1.590e+01     4.303e-06     1.501e+01      4.300000      4.300000      0.533077      0.575641      1.818910     10.835705      0.704918      0.605634      5.900000      0.630823      8.903924      0.215703      1.722765      1.769798      0.294625     10.494000      1.800000      3.000000      0.800000      2.000000      0.219551      0.450321      0.137846      0.298138     -0.037683     -0.333139      0.600000      1.800000      3.700000      3.600000      2.450000      7.800000      3.600000      2.600000      0.267949      0.310500      0.137041      3.400000      3.400000      2.600000      3.600000      0.628421      1.204211      0.655667      1.689401     -0.310599      0.086772      2.400000      3.400000      2.360000      3.580000      3.472000      5.084667      6.400000      6.000000      0.916316      1.840000      0.502002
  1            7728          3078          5473         0.383          8271     4.867e-04     1.265e-01     8.046e-07     7.452e-07     1.220e+01     7.886e-06     1.345e+01      9.700000      9.300000      0.781026      0.777179     14.086987     14.505930      0.737643      0.691450     12.800000      0.804209     16.563236      0.059229      2.537251      2.335391      0.171312      9.668593      6.600000      5.600000      8.600000      7.600000      2.005898      1.797692      4.380762      4.318083     -0.102128      0.077537      3.800000      2.800000      5.946581      6.958804     20.278002     18.135069      9.200000     11.400000      1.901795      2.141250      0.111830      8.600000     10.400000     26.400000     29.000000      7.620000      8.344211     54.580135     56.917332      0.050211      0.041975      8.400000     11.000000      3.168452      3.038253      3.123978      2.562719     19.000000     37.400002      7.982105     13.670500      0.416107
  1            2421          1073          6071         0.244          9859     6.951e-04     1.947e-01     4.729e-07     2.806e-07     1.525e+00     4.597e-07     1.505e+01      7.500000      9.000000      0.750641      0.786026     18.173574     18.581059      0.617284      0.647482     11.900000      0.813386     19.268066      0.104607      2.456007      2.745076      0.142687      4.437328      1.600000      1.400000      0.600000      0.400000      0.558333      0.250000      0.332230      0.176128      0.391914      0.036200      0.200000      0.000000      4.300000      2.400000      8.450000      0.000000      1.600000      0.600000      0.161667      0.189000      0.144621      2.000000      1.200000      1.000000      0.200000      0.280702      0.063158      0.211399      0.051462     -0.594310     -0.118310      0.800000      0.000000      0.933333      0.400000      1.111111      0.000000      2.000000      1.000000      0.103158      0.118000      0.125781
  2            1552          8685                                               2.571e-04     2.973e-01     6.723e-06     2.253e-07     3.415e+00     9.151e-06     1.091e+01      4.100000      4.600000      0.471923      0.475385      5.718830      4.367532      0.598540      0.652482      7.400000      0.690285     12.974332      0.474341      3.399310      3.393242      0.098500     31.580204      1.800000      2.200000      1.000000      1.200000      0.209295      0.339103      0.155110      0.228770     -0.277615     -0.061846      1.000000      1.200000      1.333333      4.200000      0.577778      2.900000      3.200000      2.200000      0.219359      0.685000      0.679768      5.200000      4.600000      6.200000      5.000000      2.034737      1.173684      5.070950      1.489262      0.251356     -0.381296      5.000000      3.800000      3.702500      3.097576      4.169969      5.313001      9.800000     20.400000      1.604210     14.621500      0.890284
  1            2119          2778          2938         0.939          7191     8.418e-04     1.945e-01     2.834e-06     4.245e-07     6.842e+00     5.590e-06     1.593e+01      6.600000      7.500000      0.749231      0.782692     11.435946      8.414086      0.683938      0.717703     10.800000      0.823386     12.285546      0.129091      2.881587      3.249698      0.120625      9.820344      3.400000      4.000000      2.400000      3.200000      0.530256      0.742564      0.361596      0.747505     -0.204102      0.029950      2.200000      3.000000      4.283333      4.628572     22.198610     14.260680      6.600000      5.400000      0.636410      0.995625      0.360793      4.400000      4.200000      3.800000      3.800000      1.063158      0.558947      0.995077      0.502205     -0.102887     -1.104765      3.200000      3.200000      3.247619      1.225000      3.864853      0.185764      8.600000      9.800000      0.811053      4.682000      0.826772
  2            1367          2287                                               2.583e-04     1.689e-01     5.237e-06     3.267e-07     7.629e+00     3.003e-06     1.318e+01      3.800000      4.000000      0.457949      0.534615      0.704792      3.048654      1.055556      0.824742      5.700000      0.631930      2.584506      0.350962      2.201168      2.152980      0.235813      2.889578      1.200000      1.400000      0.400000      0.400000      0.123077      0.194017      0.200968      0.119704     -0.081091      0.089837      0.400000      0.400000      0.800000      1.400000      0.000000      0.800000      1.800000      1.200000      0.095128      0.830000      0.885388      1.800000      1.600000      0.800000      0.600000      0.241053      0.281053      0.147185      0.153010      0.099601      0.565758      0.800000      0.600000      3.400000      2.900000      0.000000      0.450000      3.000000      2.000000      0.261053      1.020000      0.744066
  1            1456          2742          8820         0.163          9003     6.827e-04     1.953e-01     1.696e-07     8.874e-07     4.263e+00     1.607e-06     1.831e+01      5.200000      5.500000      0.632564      0.668462      3.779038      2.114808      0.787879      0.873016      7.600000      0.722278      4.880949      0.179386      2.281453      2.276226      0.207750      7.786750      2.200000      2.600000      1.200000      1.400000      0.342628      0.286218      0.231991      0.237472     -0.112765     -0.348827      0.800000      1.000000      4.300000      1.400000      7.250000      1.333333      3.400000      2.200000      0.251538      0.478000      0.473769      1.600000      1.800000      0.600000      0.800000      0.075000      0.100000      0.065476      0.088095     -0.535445     -0.768324      0.600000      0.800000      0.400000      0.600000      0.000000      0.000000      2.600000      1.800000      0.070000      0.830000      0.915663
  1            6500          1544          1995         0.890          2762     7.660e-04     2.142e-01     6.571e-07     1.838e-07     1.194e+01     2.974e-06     1.719e+01      9.600000     10.500000      0.807051      0.854615     39.089870     33.704086      0.633663      0.640244     12.900000      0.855443     37.008808      0.055317      2.268682      2.423204      0.120563      4.236578      2.400000      3.000000      1.400000      2.000000      0.298462      0.399231      0.210396      0.261457     -0.014061     -0.074685      0.800000      1.400000      6.100000      7.150000      0.250000      9.587500      3.800000      2.800000      0.348846      0.383500      0.090362      7.600000      6.600000     10.200000      8.400000      3.121053      1.783158      5.662729      4.105486      0.333065     -0.797470      7.000000      5.200000      3.970476      2.375992      6.899763      2.262264     13.600000     15.400000      2.452105      3.661000      0.330209
  2            7145          8488                                               5.521e-04     1.831e-01     1.009e-07     3.333e-07     1.163e+00     7.340e-06     1.283e+01      7.000000      6.800000      0.711923      0.735385      3.782115      6.697628      0.853659      0.755556      9.600000      0.808956      5.942278      0.188366      2.669149      2.719885      0.107875      3.036500      2.000000      2.800000      1.200000      2.400000      0.297436      0.681731      0.326299      0.665788     -0.121256      0.026469      0.800000      2.000000      3.000000      5.116667      0.133333     12.381945      4.000000      3.200000      0.391667      0.573500      0.317059      8.400000      8.800000     14.400000     10.600000      4.416842      2.451579      8.950320      2.124027      0.340512     -0.551320     11.400000      7.600000      3.980725      2.783453      5.237910      3.091594     17.200001     27.200001      3.434211     13.181000      0.739457
  2            6709          4345                                               3.219e-04     2.287e-01     1.041e-08     8.069e-08     1.460e+01     9.090e-06     1.780e+01      7.100000      7.700000      0.758333      0.761410      6.016346     15.164150      0.702970      0.628571     11.200000      0.810316     13.330914      0.114617      2.808675      2.898276      0.140500     11.355141      1.400000      1.800000      0.600000      0.800000      0.213462      0.275641      0.288084      0.254006     -0.172069     -0.295867      0.600000      0.800000      0.600000      1.200000      0.000000      0.933333      2.200000      1.400000      0.097821      0.105000      0.068376      9.600000      7.200000     13.200000     14.400000      3.152632      4.421052      5.110504     18.830242     -0.333959      0.325335      9.200000     10.400000      3.310199      3.889178      5.387399      4.533227     16.799999     25.200001      3.786842      8.154500      0.535613
  2            5161          8050                                               4.137e-04     2.532e-01     3.841e-08     9.092e-07     1.231e+00     4.631e-06     6.641e+00      7.400000      7.500000      0.746923      0.800769      8.034936      7.406475      0.770833      0.806452     10.400000      0.835411      8.821266      0.135016      2.747171      2.651515      0.104562      4.733250      5.800000      5.000000      6.200000      6.200000      1.342821      1.633846      2.002710      4.101084      0.353237      0.194057      4.600000      4.600000      7.513675      6.881905      8.967299     31.844553     10.000000     10.800000      1.488333      2.841750      0.476262      5.600000      5.200000      7.200000      5.000000      2.097895      1.344211      4.182818      1.373383      0.145482     -0.344214      6.600000      4.400000      3.550000      2.684762      3.312500      1.982172     10.800000     17.400000      1.721053      9.796000      0.824311
  1            5042           266          4222         0.547          9945     6.756e-04     1.385e-01     3.170e-06     8.343e-07     7.294e+00     1.333e-06     1.552e+01      6.600000      7.600000      0.764231      0.805897      3.160689      4.274856      0.910345      0.968153      8.100000      0.789842      3.883188      0.011626      1.409827      1.601464      0.205500      0.839281      5.200000      6.200000      7.600000      9.000000      2.720000      2.798718      5.729811      5.908851      1.426027      0.868517      0.800000      2.200000      9.977937      8.703812     27.083281     32.106483      7.000000      9.800000      2.759359      2.785750      0.009474      1.800000      2.600000      1.000000      2.000000      0.468421      0.665789      0.390588      0.678961      0.364650     -0.332436      0.000000      1.000000      2.800000      2.180000      1.600000      2.018000      2.800000      2.000000      0.453684      0.456000      0.005078
  1             658          3133          4671         0.994          8481     9.726e-04     2.823e-01     5.953e-08     2.128e-07     1.941e+01     3.672e-06     4.150e+00      5.900000      4.900000      0.696154      0.540385      6.566603      3.643782      0.678161      0.742424      9.300000      0.776456     12.679082      0.335522      3.757882      3.402767      0.069312     30.172125      1.000000      1.600000      0.000000      0.600000      0.000000      0.473718      0.000000      0.343092      0.000000      0.173705      0.000000      0.600000      0.000000      3.100000      0.000000      6.050000      1.600000      0.600000      0.094744      0.325000      0.708481      2.400000      2.000000      1.600000      1.000000      0.438947      0.278947      0.385959      0.169741     -0.171916      0.049637      1.200000      0.600000      1.660000      1.700000      1.282000      1.650000      4.400000      3.800000      0.358947      2.312000      0.844746
  2            3393          7371                                               8.208e-04     1.778e-01     2.450e-07     6.012e-07     1.912e+01     8.019e-06     1.659e+01      8.100000      7.800000      0.731026      0.767051      7.620385      5.247116      0.801980      0.886364     11.200000      0.813987      8.810997      0.147291      2.668935      2.702165      0.122688      9.711813      5.200000      4.600000      5.000000      4.800000      1.293590      1.606923      1.613047      2.977673      0.329251      0.886204      3.800000      3.600000      7.465384      6.780303     26.478624     15.987454      9.000000      8.600000      1.450256      2.401000      0.395978      5.000000      6.200000      6.800000     11.800000      1.551579      3.869474      2.905297     11.895283     -0.458703      0.749347      5.600000     10.600000      2.422778      4.504762      5.107869      4.640186     11.200000     27.000000      2.710526     15.857000      0.829064
  2            9251          4862                                               7.204e-04     2.216e-01     1.570e-07     8.926e-07     4.668e+00     1.293e-06     1.854e+01     12.000000     12.100000      0.880897      0.878205     32.235191     29.147676      0.662983      0.681690     17.000000      0.911930     33.614998      0.067651      3.222377      3.295503      0.056500     13.082641      6.400000      8.000000     10.400000     10.600000      2.908462      3.079744     13.667823      8.676143      0.887554      0.569631      4.800000      5.000000      9.188594      7.605000     21.436617     26.519320     13.000000     15.400000      2.994102      3.954125      0.242790      4.200000      3.400000      4.800000      2.800000      1.734737      0.928421      2.654135      0.956859      0.896196      0.528940      4.400000      2.400000      5.801515      4.366667      8.354534      4.627778      7.200000      7.600000      1.331579      2.731500      0.512510
  1            5489           401          1410         0.773          6452     5.944e-04     2.545e-01     6.274e-07     8.237e-07     1.177e+01     4.822e-06     7.034e+00      8.800000      8.600000      0.690000      0.702308     41.954792     36.093815      0.592593      0.556634     11.000000      0.707025     38.769451      0.029969      1.677919      1.779072      0.282375      0.944547      6.200000      5.200000      6.200000      5.200000      1.476154      1.377949      1.586182      1.798533      0.050939      0.052360      1.800000      0.800000      6.321970      6.010000     20.015011     21.194500      7.000000      7.000000      1.427051      1.499250      0.048157      5.000000      7.200000      7.800000     11.600000      1.523158      3.386316      3.483169      5.724417     -1.136470      0.147992      1.800000      5.600000      1.924487      3.460420      2.102963      4.800054      9.600000     13.400000      2.454737      2.787500      0.119377
  1            9407          1472          5803         0.287          7181     4.266e-04     2.159e-01     4.423e-06     8.008e-07     3.245e+00     3.695e-06     1.032e+01      9.500000      9.400000      0.806795      0.793333     23.369183     21.186251      0.659722      0.671429     12.800000      0.820253     22.854965      0.047627      2.261016      2.190098      0.160063      3.394016      9.200000      8.400000     12.600000     11.600000      2.872564      3.301282      8.741138      9.714828     -0.058092      0.282973      4.000000      3.000000      6.248831      6.393929     21.274246     26.596502     14.200000     15.600000      3.086923      3.343125      0.076635      8.400000      8.400000     11.400000     20.200001      2.862105      8.233685      6.034926     61.554886     -0.371663      1.495858      4.800000     13.600000      3.068900      5.566160      2.129374      6.709992     15.200000     25.000000      5.547895     10.053000      0.448135
  2            7421          4233                                               2.510e-04     1.531e-01     1.764e-06     2.845e-07     2.864e+00     5.404e-06     1.634e+01      6.200000      5.800000      0.693846      0.682436      5.374103      4.284599      0.794872      0.800000      8.500000      0.746234      5.898366      0.142719      2.403009      2.177079      0.197125      4.464078      3.600000      3.200000      2.800000      2.000000      0.715128      0.541282      0.464985      0.356174      0.492045      0.264669      2.000000      1.200000      8.700000      7.300000     25.716667     19.650000      5.000000      4.000000      0.628205      0.773750      0.188103      8.800000      7.400000     14.000000     17.200001      4.252632      5.992631      7.945208     18.310369      0.082567      0.896026      9.600000     12.800000      3.666491      4.864298      7.825263      8.459045     15.800000     26.799999      5.122632      7.233000      0.291769
  1            2952          1346          2319         0.794          8079     5.524e-04     2.627e-01     2.197e-06     4.463e-07     6.619e+00     5.655e-07     1.296e+01      6.900000      6.600000      0.731026      0.676923      6.419856      3.997340      0.851852      0.790419      9.100000      0.758038      5.562314      0.131327      2.066593      2.073383      0.189250      1.657609      2.000000      2.400000      1.800000      2.200000      0.322308      0.586410      0.507808      1.098343     -0.214377     -0.030877      0.800000      1.200000      2.900000      4.533333      0.450000      4.577778      3.200000      3.000000      0.454359      0.492500      0.077444      1.200000      1.400000      0.200000      0.400000      0.094737      0.100000      0.077193      0.090476     -0.118310     -0.465756      0.200000      0.400000      0.400000      0.400000      0.000000      0.000000      1.600000      0.600000      0.038947      0.040000      0.026316
  2            8427          2290                                               2.719e-04     1.716e-01     1.336e-06     8.746e-07     1.570e+01     8.877e-06     8.729e-01      7.800000      7.400000      0.783974      0.766795      5.823301      6.372756      0.939759      0.840909      9.900000      0.801266      6.582682      0.061754      2.102427      2.081657      0.173500      2.219281      6.400000      8.000000      8.000000      9.000000      1.747180      1.976667      2.969591      2.791220     -0.038487     -0.192079      2.800000      3.800000      6.353651      5.627137     28.924406     24.290121     11.000000     11.800000      1.861923      2.177875      0.145073     11.000000     10.000000     28.600000     28.200001     11.245263     10.131579     72.390457     57.221382      1.439858      1.016136      9.400000      9.000000      4.561246      4.053716      6.468040      3.682173     20.799999     37.599998     10.688421     11.870500      0.099581
  2            6405           140                                               2.245e-04     2.247e-01     6.062e-06     2.798e-07     6.645e+00     7.090e-06     3.636e+00      6.800000      7.400000      0.738590      0.762692      3.381186      4.116042      0.957747      1.000000      8.600000      0.757184      3.778161      0.017073      1.471786      1.540843      0.236437      0.304141      2.800000      3.600000      2.400000      3.000000      0.693333      0.734872      0.877908      0.911512      0.321667      0.048093      0.200000      0.800000      7.520000      7.028572     12.788000     14.429252      3.800000      3.200000      0.714103      0.713750     -0.000494      8.600000      7.800000     15.000000     13.800000      4.862105      4.438947      9.460055     10.848337      0.422779      0.168166      4.000000      2.800000      3.847802      3.588432      6.238025      8.032983     12.600000     17.799999      4.650527      4.686500      0.007676
  2            8264          4692                                               9.441e-04     1.911e-01     1.781e-06     5.680e-07     3.663e+00     9.279e-06     5.092e+00     10.000000     10.200000      0.841795      0.836795     28.743782     16.905352      0.660066      0.761194     14.300000      0.870728     25.763346      0.068820      3.000541      2.948892      0.098625     12.749406      4.600000      6.000000      5.200000      5.800000      1.054872      1.202821      1.777609      1.425270     -0.388460     -0.354623      3.400000      4.000000      2.320833      4.935555      6.579080     18.656420      9.000000      9.200000      1.128846      1.316375      0.142459      8.800000      6.600000     19.000000      8.000000      5.638947      2.631579     26.512354      3.956012      0.193357      0.734975     16.000000      5.000000      3.539909      5.184394      4.532324      9.488630     15.200000     25.000000      4.135263      9.448000      0.562313
  2            6566          2036                                               7.381e-04     2.660e-01     2.306e-08     8.849e-07     1.123e+01     7.096e-06     8.939e+00     10.300000     10.000000      0.834487      0.843590     18.367949     17.329294      0.641745      0.722022     13.400000      0.867563     18.064098      0.063021      2.545742      2.516418      0.104625      1.743562      7.800000      8.000000     10.800000     12.400000      2.848718      3.251539      8.187824      8.979657      0.067553      0.000628      3.400000      5.000000      6.176778      6.125458     24.906837     23.160622     13.400000     15.800000      3.050128      3.290750      0.073121      5.400000      5.000000      7.000000      8.000000      2.634737      1.974737      5.722924      7.454236      0.868091     -0.377068      6.200000      7.200000      5.241746      2.822222      9.838376      1.046124     10.200000     14.400000      2.304737      5.608000      0.589027
  2            6092          4417                                               6.124e-04     2.794e-01     4.045e-08     8.106e-07     1.042e+01     6.848e-06     6.866e+00     11.600000     12.000000      0.866410      0.868846     29.489166     43.716908      0.705167      0.621762     16.500000      0.898133     38.522797      0.065493      3.030646      3.125032      0.072125      9.413203      8.200000      8.400000     12.800000     12.200000      2.352564      2.853590     12.208981     18.926016     -0.908565     -0.125407      6.200000      5.600000      3.353443      4.186117      9.800554     12.546871     16.000000     18.400000      2.603077      5.134000      0.492973      6.400000      4.200000     13.200000      5.000000      5.542105      1.237895     28.546227      2.142011      1.586916     -0.383497     11.800000      3.600000      6.345846      2.908571      9.783675      2.906775     10.400000     17.000000      3.390000      6.603000      0.486597
  1            4099          4740          7085         0.050          8630     1.675e-04     2.147e-01     3.354e-08     7.825e-07     3.402e+00     2.928e-06     6.179e+00      4.300000      3.800000      0.555128      0.588205      1.798846      1.632628      0.860000      0.844444      5.500000      0.672342      2.149066      0.257061      2.118752      1.996803      0.229500      1.797438      4.000000      3.600000      4.600000      3.000000      1.241282      0.904615      1.573801      0.856079      0.369782      0.496214      3.600000      2.000000      7.038462      6.333333     11.431066     26.211111      6.400000      6.600000      1.072949      1.402625      0.235042      3.000000      3.400000      2.200000      3.200000      0.408421      0.957895      0.414759      1.471601     -0.744777      0.290769      2.000000      3.000000      2.100000      3.183333      0.350000      1.093056      5.600000      5.200000      0.683158      1.274000      0.463769
  1            5402          2858          3840         0.252          7287     7.239e-04     1.232e-01     3.467e-07     2.260e-07     1.251e+01     1.382e-06     1.501e+01     10.000000      9.000000      0.842308      0.836923     12.858654     12.062757      0.781250      0.731707     12.600000      0.858892     13.123070      0.043089      2.412992      2.259700      0.122313      3.239375      2.600000      2.000000      1.600000      1.000000      0.552564      0.504701      0.528742      0.344808     -0.167599      0.441204      0.800000      0.200000      1.766667      5.800000      4.694445      0.933333      2.800000      1.800000      0.317180      0.349500      0.092476      3.600000      3.400000      4.600000      3.200000      1.630526      0.890526      4.332069      1.049669      0.439970     -0.347924      4.200000      2.800000      4.016667      2.780000      3.231945      2.918000      5.800000      7.400000      1.260526      2.771000      0.545101
  2            5304          6981                                               5.522e-04     1.988e-01     1.364e-07     1.000e-07     1.923e+01     1.387e-06     8.001e+00      8.700000      8.500000      0.830128      0.824103      9.343269     10.038782      0.832536      0.765766     13.400000      0.884589     15.780950      0.119426      3.600767      3.618282      0.059375     24.539749      2.400000      2.000000      1.200000      1.200000      0.331026      0.382564      0.190693      0.314538      0.244138      0.310442      1.200000      1.200000      6.300000      3.600000     11.250000     10.533334      3.600000      2.400000      0.356795      0.755000      0.527424      3.000000      3.000000      2.200000      2.400000      0.510526      0.667105      0.473991      0.581475     -0.772103     -0.366661      2.200000      2.400000      1.326667      1.750000      0.953111      3.912500      5.800000      7.400000      0.471053      3.670000      0.871648
  1            4162          5463          8988         0.584          9748     2.539e-04     1.600e-01     2.280e-07     9.323e-07     1.263e+01     3.648e-06     5.047e-01      4.600000      5.100000      0.513718      0.632692      1.805897      3.724359      0.884615      0.796875      6.700000      0.633133      3.316108      0.171403      1.689811      1.853943      0.308437      2.314625      3.600000      4.800000      3.200000      5.800000      0.653333      1.436667      0.631306      2.578405     -0.454010     -0.052944      2.600000      5.200000      4.842857      5.736667     24.513674     18.649944      7.200000      8.400000      1.045000      1.848250      0.434600      3.200000      3.000000      7.800000      3.000000      3.452631      0.633684     20.262701      1.016430      1.799001     -0.522569      7.400000      2.600000      6.410909      1.966667      2.203041      0.969444      6.000000     12.400000      2.043158      6.795500      0.699337
  1            7850          2962          5018         0.441          9889     7.370e-04     2.181e-01     8.645e-07     1.939e-08     3.128e+00     9.955e-06     9.551e-01     11.700000     11.200000      0.866795      0.860897     30.932741     18.612276      0.715596      0.767123     15.100000      0.891677     27.630035      0.059355      2.788611      2.797553      0.081188     12.525860      1.200000      1.000000      0.200000      0.000000      0.097436      0.000000      0.088055      0.000000     -0.167205      0.000000      0.200000      0.000000      0.400000      0.000000      0.000000      0.000000      1.200000      0.200000      0.009744      0.010000      0.025641     11.200000     12.200000     17.200001     32.000000      4.400000     10.045263     12.088064    104.889252     -0.539567      0.333432      7.800000     22.600000      2.444631      3.115047      3.586547      2.820630     23.400000     39.799999      7.222631     10.645000      0.321500
  2            7248          1060                                               4.411e-04     1.608e-01     1.452e-07     2.827e-07     1.887e+01     8.552e-06     1.669e+01      8.200000      8.200000      0.773205      0.759359      9.416282     14.591666      0.709957      0.672131     10.800000      0.782120     12.675348      0.038435      1.948484      1.942530      0.202438      3.252125      3.800000      3.800000      3.200000      3.200000      0.859231      0.898462      0.726262      0.760049      0.496432      0.434920      1.200000      1.200000      8.533334      8.700000     23.944445     46.816666      5.000000      4.400000      0.878846      0.921250      0.046029     10.000000     11.000000     25.200001     21.600000      8.852632      6.207368     52.464638     17.983509      0.664990      0.078829     15.800000     12.200000      4.070477      4.270842      4.924255     13.887528     20.400000     37.400002      7.530000      9.387500      0.197870
  2            8810          7707                                               2.310e-04     2.442e-01     2.477e-07     7.866e-07     7.262e-01     8.965e-06     6.727e+00      8.300000      6.900000      0.778846      0.739231     17.157499     18.216026      0.669355      0.627273     10.900000      0.824177     20.092579      0.145399      3.058382      2.609329      0.112313     10.387313      9.400000     10.800000     13.000000     13.400000      2.118974      2.877949      5.070091      4.387374     -1.043864     -0.133827      7.800000      8.200000      3.573692      5.785859     13.416359     28.483765     19.200001     21.200001      2.498461      3.681625      0.321370      9.800000      5.800000     17.799999     16.400000      5.028421      6.071579     10.036664     30.066021     -0.004306      1.209305     12.000000     10.600000      3.444447      5.644110      4.753719      8.437631     15.600000     32.799999      5.550000     16.082500      0.654904
  2            1430          9127                                               5.190e-04     2.924e-01     3.117e-07     4.835e-07     1.730e+01     5.045e-06     2.545e+00      5.200000      4.600000      0.666154      0.552308      2.057628      2.506538      0.852459      0.779661      7.500000      0.741994      3.626883      0.300762      2.909832      2.648908      0.128562      5.426063      1.800000      1.800000      1.000000      0.800000      0.313333      0.252564      0.337092      0.160963      0.352104      0.345600      1.000000      0.800000      6.133333      4.800000      2.177778      0.800000      3.600000      3.000000      0.282949      1.835000      0.845805      3.000000      5.200000      3.800000      6.200000      1.646316      1.975789      2.840122      2.695043      1.385964      0.420542      3.600000      6.000000      6.175238      4.175556      3.107410      5.320420      8.200000     18.000000      1.811053     12.368000      0.853570
  2            6386          9040                                               9.804e-04     2.377e-01     1.761e-07     1.687e-07     1.908e+01     2.856e-06     2.750e+00     11.600000     11.000000      0.866282      0.860513     20.004599     15.555000      0.808362      0.780142     17.000000      0.902025     30.655266      0.081302      3.626198      3.449722      0.060312     51.747078      2.600000      2.400000      1.600000      1.600000      0.374872      0.185641      0.253742      0.209295     -0.127585     -0.683451      1.600000      1.600000      4.100000      2.266667      9.250000      0.444444      4.000000      3.200000      0.280256      0.350000      0.199267      6.800000      5.000000      8.200000      7.600000      2.142105      1.948421      3.307463      4.358624     -0.395109     -0.023272      7.000000      6.400000      2.514286      3.497778      3.111681      3.388642     11.800000     18.200001      2.045263      8.991500      0.772534
  2            2154          7385                                               5.992e-04     1.330e-01     6.992e-08     9.112e-07     6.286e+00     7.073e-06     7.980e+00      5.900000      4.900000      0.625000      0.630128      6.878141      1.608782      0.728395      0.890909      8.700000      0.761614      8.331076      0.296550      3.330622      3.130138      0.107688     16.358250      3.600000      2.600000      3.600000      2.000000      1.040513      0.570000      1.514040      0.544488      0.496786      0.254918      3.600000      2.000000      7.434286      6.546667     10.951265     28.252445      5.800000      6.000000      0.805256      2.005000      0.598376      3.600000      4.000000      3.600000      3.600000      0.936842      0.758947      1.264483      0.695533     -0.159808     -0.581045      3.400000      3.400000      2.460000      2.043809      1.707000      2.285642      7.600000     12.600000      0.847895      7.756000      0.890679
  2            6044          4814                                               3.879e-04     1.067e-01     2.035e-06     4.377e-08     8.159e+00     1.039e-06     3.210e+00      7.400000      6.800000      0.722821      0.765128      5.574872      3.501458      0.795699      0.888889      9.400000      0.779778      5.767781      0.085377      2.063774      2.087893      0.185312      5.083890      1.600000      2.000000      0.600000      1.000000      0.266026      0.564103      0.225801      0.316611     -0.215300      0.171395      0.400000      0.800000      1.400000      4.650000      3.200000      6.337500      2.400000      1.400000      0.166026      0.300250      0.447042      2.400000      2.800000      1.800000      3.200000      0.322105      0.613684      0.362974      1.271373     -0.503128     -0.632602      1.600000      3.000000      1.320000      1.788571      0.288000      0.250776      5.000000      6.000000      0.467895      2.679000      0.825347
  2            9292          3835                                               3.265e-04     2.824e-01     3.699e-07     5.574e-07     1.393e+01     7.102e-06     1.132e+01      7.200000      7.400000      0.753718      0.770385      6.361667      9.850449      0.757895      0.718447     10.600000      0.807627      9.631947      0.105190      2.547314      2.662045      0.147938      6.432562      6.400000      6.200000      8.400000      7.000000      2.031731      1.953526      4.657435      2.817753     -0.315741     -0.167037      6.400000      5.000000      4.182222      4.600000     17.573975     22.413889     11.400000     13.400000      1.594103      2.106125      0.243111      8.200000      6.600000     11.200000      9.200000      3.227368      2.004210      5.466934      2.010259      0.026029     -0.807378      9.800000      7.800000      3.110131      2.241026      3.808208      1.187311     14.800000     19.600000      2.615789      5.477500      0.522448
  1            4667          2577          4647         0.517          5732     5.639e-04     2.534e-01     1.307e-06     6.539e-07     1.012e+01     3.129e-06     2.596e+00      7.500000      7.300000      0.725128      0.710769      7.343638      5.289135      0.738916      0.829545     10.400000      0.782785      6.694442      0.150803      2.514519      2.400189      0.154000      1.809141      3.600000      3.600000      2.800000      3.800000      0.446410      0.772051      0.345387      1.459397     -0.495371     -0.118394      2.400000      3.400000      5.116667      5.755000      2.481945      1.979875      6.000000      6.200000      0.609231      0.747500      0.184976      2.800000      3.400000      3.000000      4.400000      1.116842      0.873684      1.662172      1.690259      0.187806     -0.528483      3.000000      4.400000      2.461111      2.131602      2.275772      1.617301      5.400000      7.400000      0.995263      1.500000      0.336491
  2            3843          2049                                               8.418e-04     1.649e-01     2.956e-06     6.214e-08     2.794e+00     3.107e-06     1.988e+01      8.600000      9.700000      0.794487      0.803462      9.561153     11.039647      0.785388      0.881818     12.100000      0.834272     10.864027      0.079449      2.270314      2.541232      0.131313      2.741344      1.800000      3.000000      1.400000      2.200000      0.532051      0.970940      0.806185      1.097901     -0.061112      0.089120      0.400000      1.200000      1.983333      3.600000      0.215278     15.466666      3.400000      2.600000      0.450897      0.549250      0.179067      4.200000      2.400000      6.200000      1.800000      2.323158      0.265263      5.235038      0.291607      1.079813     -0.978066      5.800000      1.400000      5.069841      1.000000      3.244243      0.160000      6.200000      7.600000      1.294211      2.101000      0.384003
  2            2002           985                                               4.566e-04     1.874e-01     4.946e-06     5.184e-07     1.505e+01     5.149e-06     6.333e+00      5.700000      5.000000      0.626667      0.628718      3.962484      2.337372      0.740260      0.769231      7.200000      0.666772      3.356214      0.108651      1.649370      1.539288      0.295125      0.972328      2.600000      2.600000      1.600000      1.600000      0.435897      0.424359      0.308113      0.302909     -0.094848     -0.204997      1.000000      1.000000      3.350000      2.616667     11.787500      5.948611      3.600000      2.600000      0.344103      0.352500      0.023823      4.000000      6.200000      4.800000     11.600000      0.867368      3.113684      1.372375     12.894336     -0.903575     -0.095569      3.800000     10.600000      1.855556      2.514286      3.010494      1.297225      9.800000     15.400000      1.990526      3.375000      0.410214
  1            2884          2824          3475         0.785          6584     8.296e-04     1.078e-01     1.115e-08     4.768e-07     1.116e+01     2.556e-06     6.966e-01      7.900000      7.400000      0.789231      0.767949     11.371731      7.543846      0.759615      0.660714     11.500000      0.840443     14.526946      0.136173      3.090786      2.883556      0.099250     20.496063      3.600000      2.800000      4.200000      2.200000      1.030000      0.364615      1.713788      0.484672      0.170817     -0.505553      3.600000      1.600000      6.671429      3.116667     11.017347      9.415277      5.400000      5.800000      0.697308      0.873500      0.201708      2.400000      2.200000      1.400000      1.200000      0.344211      0.230526      0.212882      0.159560     -0.225388     -0.448009      1.400000      1.200000      3.700000      1.300000      2.450000      1.050000      3.800000      2.800000      0.287368      0.580000      0.504537
  2            4727           741                                               8.157e-04     1.423e-01     1.737e-07     7.282e-07     3.358e+00     2.972e-06     4.145e+00      9.800000      8.900000      0.827308      0.807436     13.260577     12.785577      0.796748      0.689922     11.900000      0.831804     13.449430      0.033623      2.181398      2.002678      0.154125      2.335250      3.400000      2.400000      2.600000      1.400000      0.401282      0.385385      0.361575      0.226809     -0.668552      0.259810      1.800000      0.600000      2.473333      6.466667      6.793111      6.111111      4.000000      3.200000      0.393333      0.468500      0.160441      3.200000      4.600000      3.400000      4.600000      0.928421      1.344211      1.319231      1.455400     -0.053791      0.224341      2.200000      3.400000      1.954545      4.025000      1.571488      3.594375      6.400000      6.800000      1.136316      1.250500      0.091311
  2             949          4386                                               6.090e-04     1.791e-01     3.672e-08     9.660e-07     1.289e+01     8.878e-06     4.782e+00      5.200000      4.400000      0.621410      0.578462      2.631154      1.585833      0.896552      0.814815      7.600000      0.756709      6.410744      0.340342      3.509712      3.080990      0.090438     17.099312      1.600000      1.400000      0.600000      0.400000      0.373077      0.073718      0.220129      0.065497      0.146559     -0.259226      0.600000      0.400000      4.300000      0.300000      0.450000      0.050000      2.200000      1.200000      0.089359      0.335000      0.733257      1.400000      3.000000      0.400000      3.200000      0.040000      0.922105      0.034286      1.602005     -0.302567      0.093940      0.400000      3.200000      0.200000      3.610000      0.000000      1.069500      4.400000     10.200000      0.481053      7.760000      0.938009
  1            5208           487          4995         0.006          7195     3.732e-04     1.941e-01     1.904e-07     8.628e-08     1.841e+00     3.338e-06     1.890e+01      5.600000      5.500000      0.645000      0.650513      4.199615      4.657692      0.717949      0.733333      6.700000      0.654937      4.515127      0.021910      1.204357      1.255540      0.338062      0.563000      1.200000      1.200000      0.200000      0.200000      0.261538      0.261538      0.193384      0.193384      0.032115      0.032115      0.000000      0.000000      1.200000      1.200000      0.000000      0.000000      1.200000      0.200000      0.052308      0.051000     -0.025641      4.600000      7.200000      8.000000     17.200001      3.290526      3.834737     13.255762     20.781292      1.184546     -0.591807      2.200000     11.400000      4.874118      2.688095      6.074886      1.991990     10.600000     19.400000      3.562632      4.860000      0.266948
  2            5573          9907                                               4.589e-04     2.349e-01     1.932e-08     5.190e-07     1.073e+01     5.297e-06     7.471e-01      7.800000      9.200000      0.795128      0.776538     20.817116     21.076090      0.607004      0.666667     12.900000      0.863987     30.636581      0.164290      3.395452      3.282542      0.059813     39.322750      4.600000      4.800000      4.600000      5.000000      1.501795      1.182821      2.762732      1.569944      0.613016     -0.015950      3.200000      3.600000      7.623809      6.600000     13.230499     18.402222      8.000000      8.200000      1.342308      1.948000      0.310930      7.400000      6.800000      8.200000      7.000000      2.617895      1.561053      3.658741      1.891791      0.113287     -0.753495      6.800000      5.600000      3.343590      2.283333      6.793833      4.091944     14.200000     18.200001      2.089474      8.724500      0.760505
  1            6465          7331          7362         0.174          7738     7.266e-04     2.645e-01     1.343e-08     8.649e-07     7.285e-01     6.474e-06     1.152e+01      9.300000     10.700000      0.824744      0.833718     51.617870     26.317564      0.565350      0.694805     15.900000      0.883608     57.109238      0.114542      3.583313      3.661378      0.063375     73.607391      4.800000      4.200000      5.800000      5.200000      1.156410      0.903333      2.375238      1.693218     -0.527029     -0.222560      4.000000      3.400000      4.288889      5.327273     14.061854     27.273554      7.800000      9.200000      1.029872      1.522250      0.323454      8.200000      8.800000     12.400000     11.600000      3.996842      2.920000      7.151317      3.376051      0.527853     -0.504702      9.000000      8.200000      4.171510      2.860556      6.949754      2.738980     17.000000     26.200001      3.458421     11.937000      0.710277
  2            2182          2509                                               1.210e-04     2.799e-01     2.618e-07     9.605e-07     6.730e+00     6.744e-06     1.786e+01      2.600000      3.000000      0.285769      0.459103      0.979872      0.823846      0.838710      0.857143      3.700000      0.449620      1.070095      0.289931      1.000971      1.353240      0.475125      0.709625      4.400000      4.400000      3.800000      4.200000      0.904359      0.741538      1.038087      0.843186     -0.022538     -0.459969      2.400000      2.800000      5.986667      3.730000     15.084444     12.752167      7.000000      6.600000      0.822949      1.258000      0.345828      5.200000      5.000000      4.800000      5.000000      1.310526      1.182105      1.152219      1.414642      0.113979     -0.454248      4.600000      4.800000      4.405715      2.853810      6.094122      3.022666     10.200000     11.800000      1.246316      4.926000      0.746992
  1             414          4634          5677         0.529          8280     4.694e-04     1.074e-01     4.446e-08     4.367e-07     6.279e+00     8.249e-06     8.773e+00      2.300000      3.200000      0.269487      0.372821      0.639038      0.424808      0.920000      1.000000      4.000000      0.496551      0.789146      0.519462      1.798632      2.224543      0.332437      1.042625      1.200000      1.200000      0.400000      0.200000      0.050000      0.225000      0.095122      0.123909     -0.297324      0.261021      0.400000      0.200000      0.200000      2.600000      0.000000      0.000000      1.600000      0.800000      0.055000      0.275000      0.800000      1.400000      1.800000      0.600000      0.800000      0.119737      0.218421      0.168539      0.151170     -0.231621     -0.268044      0.600000      0.800000      0.333333      1.500000      0.044444      0.450000      3.000000      6.400000      0.135263      5.150000      0.973735
  2            9257          8253                                               3.131e-04     2.914e-01     3.629e-06     2.303e-07     1.443e+00     3.207e-06     1.732e+01     10.700000      9.600000      0.856282      0.835641     23.480560     15.262019      0.652439      0.713755     15.000000      0.892057     21.277607      0.096922      3.441263      3.135719      0.063000      8.498516      4.800000      3.800000      5.200000      4.000000      1.117436      1.232821      1.516834      1.841091     -0.030559      0.790495      3.800000      2.600000      6.991919      8.445000     10.775431     32.379875      7.400000      7.800000      1.175128      2.034625      0.422435      5.800000      6.600000      5.800000     11.000000      1.449474      3.370526      1.482969     11.488176     -0.401389      0.026212      4.000000      9.200000      3.041429      3.163691      3.109037      2.289162     12.400000     16.600000      2.410000      6.943000      0.652888
  1            2354          3777          4093         0.009          6784     2.135e-04     2.988e-01     5.046e-06     6.151e-07     6.356e+00     5.481e-06     8.563e+00      3.700000      4.800000      0.465769      0.556538      0.983301      3.184984      0.880952      0.786885      6.500000      0.714114      3.059403      0.440212      2.885158      3.194769      0.088000      3.956484      3.200000      3.600000      2.600000      3.400000      0.405385      1.141026      0.426707      1.700954     -0.671917      0.828578      2.600000      3.400000      2.690000      8.653334      6.389500     16.407444      6.200000      6.200000      0.773205      1.485000      0.479323      2.400000      3.000000      1.600000      2.600000      0.582105      0.689474      0.420267      0.866383      0.680280     -0.303610      1.600000      2.600000      5.333333      2.833333      0.244444      1.961111      5.200000      6.000000      0.635789      2.640000      0.759171
  1             162           960          1377         0.901          8122     7.186e-04     2.467e-01     4.999e-06     6.337e-07     1.423e+01     4.314e-06     1.365e+01      2.000000      2.300000      0.245128      0.266923      0.690128      0.427051      0.769231      0.851852      3.600000      0.537184      2.530949      0.684721      2.618635      2.786321      0.188688      7.818750      1.000000      1.000000      0.000000      0.000000      0.000000      0.000000      0.000000      0.000000      0.000000      0.000000      0.000000      0.000000      0.000000      0.000000      0.000000      0.000000      1.000000      0.000000      0.000000      0.000000      0.000000      1.400000      1.200000      0.400000      0.400000      0.335088      0.294737      0.245141      0.330604      0.367270      0.266576      0.400000      0.400000      1.700000      1.200000      0.450000      0.000000      2.000000      1.600000      0.188947      1.090000      0.826654
  1            7187          3107          7379         0.388          9719     3.122e-04     2.479e-01     6.135e-06     7.637e-07     2.536e+00     2.600e-06     1.110e+01      8.500000      7.900000      0.785641      0.786410      4.660897      6.953333      0.934066      0.766990     11.400000      0.824430      6.786725      0.088203      2.470763      2.333563      0.138125      4.159812      7.400000      6.400000      8.400000      6.000000      1.735641      1.329231      3.678351      1.673694     -0.741620     -0.188635      5.800000      3.400000      3.626349      5.302564     15.573989     17.626890     12.000000     11.800000      1.532436      2.108375      0.273167      4.400000      3.600000      4.000000      2.600000      0.715789      0.455789      0.562350      0.389301     -1.073277     -1.002812      4.000000      2.600000      2.190000      1.833333      6.797500      0.450000      8.000000      9.400000      0.585790      3.790000      0.845438
  2            8827          7253                                               9.070e-04     1.678e-01     4.893e-06     2.987e-07     9.789e+00     1.526e-06     6.446e+00     12.200000     11.900000      0.876410      0.881923     12.589183     12.221234      0.887273      0.775244     16.700001      0.904367     15.760839      0.053389      3.118314      3.192497      0.071062     13.875000      5.600000      4.400000      5.200000      3.800000      1.017179      0.878974      0.970545      0.747122     -0.451121      0.195117      4.200000      2.800000      5.293334      7.910000     31.793270     13.257500      8.400000      8.000000      0.948077      1.426500      0.335382      8.400000      5.400000     11.200000      8.400000      3.489474      3.069474      5.360908      6.907591      0.213038      0.794844      8.000000      5.200000      3.605465      5.210000      5.706280      8.555500     13.600000     16.400000      3.279474      4.323500      0.241477
  2            8717          7401                                               2.924e-04     1.049e-01     6.926e-06     3.357e-07     1.303e+01     1.863e-06     1.047e+01     10.100000      8.500000      0.857436      0.805128     17.734390      5.607051      0.855932      1.000000     13.300000      0.870475     15.305617      0.085726      3.204471      2.934830      0.091312     14.941375      5.200000      5.400000      6.200000      7.000000      1.122820      1.436410      1.675771      3.972586     -0.628152     -0.261528      4.000000      4.800000      4.521429      5.425000     15.346457     18.064930      9.200000     11.000000      1.279615      1.559000      0.179208      4.800000      5.600000      6.800000      7.200000      1.525263      2.117895      3.359226      3.964767     -0.657288      0.345461      5.600000      6.000000      2.355079      5.007143      1.502768      8.364507     10.200000     12.800000      1.821579      3.681000      0.505140
  1             340          6283          6826         0.345          7428     9.627e-04     1.233e-01     2.871e-06     4.334e-07     1.855e+01     1.072e-06     1.741e+00      3.700000      3.400000      0.483333      0.334103      1.129936      1.089295      0.860465      0.850000      5.900000      0.668260      7.163544      0.555268      3.494556      3.146502      0.078687     23.968500      1.000000      1.200000      0.000000      0.200000      0.000000      0.148077      0.000000      0.104357      0.000000      0.074159      0.000000      0.200000      0.000000      1.400000      0.000000      0.000000      1.600000      0.600000      0.029615      0.435000      0.931919      1.000000      1.000000      0.000000      0.000000      0.000000      0.000000      0.000000      0.000000      0.000000      0.000000      0.000000      0.000000      0.000000      0.000000      0.000000      0.000000      1.600000      1.400000      0.000000      1.400000      1.000000
  2            6907          3936                                               9.528e-04     2.756e-01     4.729e-08     3.413e-07     1.809e+01     5.109e-06     5.512e+00     10.800000     10.800000      0.851667      0.824231     13.893013     15.098910      0.765957      0.878049     13.900000      0.873956     15.566550      0.078721      2.751239      2.643988      0.090938      4.953625      4.000000      3.600000      3.600000      4.000000      0.772051      0.767692      0.806321      0.920521     -0.064545     -0.104441      2.000000      2.400000      5.895000      7.395238     14.259875     13.928458      6.000000      6.000000      0.769872      1.120875      0.313151      6.400000      6.200000      8.600000     14.200000      2.517895      5.715789      3.113963     32.877026     -0.021386      1.415078      5.800000     11.400000      3.439722      5.828085      5.797574      8.856085     12.000000     20.200001      4.116842      7.952000      0.482288
  1            5437           496          1842         0.039          4304     3.945e-04     1.854e-01     2.622e-06     5.197e-07     1.065e+01     3.732e-06     1.728e+01      7.700000      8.500000      0.741538      0.760513      5.946891      6.484519      0.832432      0.837438      9.800000      0.765918      6.294786      0.038242      1.614557      1.787675      0.219563      0.623156      3.200000      3.400000      2.200000      2.400000      0.531282      0.641795      0.327528      0.418824      0.220698      0.294962      0.600000      0.800000      6.150000      6.950000      8.437500     11.804167      4.000000      3.000000      0.586538      0.610000      0.038462      4.400000      4.600000      4.600000      5.600000      1.755263      1.428947      1.704943      1.681774      0.313084     -0.738630      2.000000      3.000000      3.280220      1.801026      2.270022      2.421533      7.400000      7.600000      1.273684      1.445000      0.118558
  2            4328          7482                                               9.553e-04     2.997e-01     5.314e-08     9.636e-07     1.722e+01     1.925e-06     4.464e+00     10.300000     11.300000      0.836538      0.863974     39.919086     57.007500      0.583569      0.559406     17.100000      0.894715     60.015472      0.093807      3.536590      3.615354      0.061937     48.054264      6.000000      4.800000      8.000000      4.400000      2.207436      0.990000      4.345163      1.019218      0.362055      0.127666      7.800000      4.200000      6.106760      8.028571     28.551260     14.626531     10.400000     13.600000      1.598718      4.829500      0.668968      2.600000      3.600000      2.800000      3.000000      0.740000      0.656842      1.116018      0.658034     -0.058981     -0.488779      2.400000      2.600000      2.966667      2.036667      2.738889      1.103278      6.200000      7.800000      0.698421      4.320500      0.838347
  2            5109          7629                                               2.292e-04     2.057e-01     8.755e-06     2.127e-07     2.975e+00     2.934e-06     2.331e-01      6.200000      5.000000      0.691282      0.607692      4.913750      2.805433      0.789809      0.884956      9.000000      0.732120      4.706618      0.200185      2.883829      2.699127      0.187312      3.538734      2.200000      3.000000      1.400000      2.200000      0.568590      0.743910      0.429353      0.515001      0.573245      0.343331      1.200000      2.000000      6.400000      5.453333      6.600000     13.736889      4.400000      3.600000      0.525000      0.885000      0.406780      3.000000      3.600000      2.400000      2.800000      0.400000      0.971579      0.415895      0.846466     -0.913235      0.627902      2.000000      2.400000      1.266667      4.221428      0.644444      3.219133      6.400000      9.800000      0.685789      6.339000      0.891814
  2            4616          1802                                               7.366e-04     2.951e-01     3.064e-07     3.163e-07     3.513e+00     3.097e-06     9.372e+00      9.200000      9.800000      0.812820      0.800256     12.838205     13.990064      0.691729      0.762646     12.700000      0.832943     14.215586      0.060761      2.504432      2.434520      0.141312      3.836437      3.200000      2.800000      2.200000      2.000000      0.452051      0.541026      0.330328      0.516493     -0.291643      0.540985      1.000000      0.800000      4.933333      8.566667     14.944445     12.094444      4.000000      3.000000      0.496538      0.547750      0.093494      4.800000      3.800000      5.000000      2.800000      1.666316      0.603158      2.096959      0.445820      0.433467     -0.647138      5.000000      2.800000      4.777619      2.486667      8.905114      1.342444      7.800000      8.000000      1.134737      2.000000      0.432632
  2            2453          3260                                               5.551e-04     2.347e-01     1.161e-08     6.843e-07     1.422e+01     5.175e-06     3.377e+00      7.500000      6.000000      0.699103      0.651667     11.702868      7.971266      0.649351      0.655738      9.200000      0.734937     11.760870      0.148055      2.411660      2.134439      0.207000      8.090875      4.200000      5.200000      6.400000      5.800000      1.774615      0.982821      5.845237      3.358088      0.669371     -0.764944      4.000000      3.400000      9.023809      3.404546     32.809547      9.155452      8.600000      9.800000      1.378718      1.784750      0.227501      3.000000      3.800000      2.200000      3.800000      0.778947      1.208421      0.582556      1.306110      0.714805      0.435452      2.200000      3.800000      6.466667      3.850000      7.244444      5.670833      6.000000      6.000000      0.993684      1.560000      0.363023
  1            6390          3383          3737         0.795          9748     2.218e-04     2.066e-01     7.388e-08     5.199e-07     8.769e+00     1.424e-06     1.391e+01      5.900000      5.900000      0.681923      0.692564      3.807885      3.717885      0.855072      0.855072      7.600000      0.711487      4.072057      0.064427      1.823479      1.779604      0.264875      1.409375      6.400000      7.000000      6.800000      9.000000      1.685385      2.556667      2.183338      9.275953     -0.019925      0.136501      3.400000      5.600000      6.132564      6.166984     20.752647     23.615820     11.600000     12.400000      2.121026      2.460750      0.138057      1.400000      2.800000      0.400000      2.200000      0.177632      1.019737      0.099311      0.881614      0.122101      0.533130      0.200000      2.000000      0.900000      3.933333      0.450000      1.244444      3.400000      2.600000      0.478947      1.058000      0.547309
  2            3978          4281                                               7.147e-04     1.455e-01     9.455e-07     1.183e-07     4.549e+00     6.117e-06     4.603e+00      9.300000      9.900000      0.820128      0.854103     16.052677     18.068142      0.669065      0.647059     14.500000      0.889209     22.917101      0.108833      3.490767      3.503573      0.060000     23.986954      1.200000      1.800000      0.200000      1.000000      0.112179      0.776282      0.087123      0.631282     -0.013044      0.267059      0.000000      0.800000      1.000000      3.733333      0.000000     15.644444      1.800000      1.000000      0.177692      0.226250      0.214620      7.400000      5.000000     11.000000      5.400000      2.640000      1.180000      5.530393      1.470426     -0.556045     -0.731820      9.800000      4.200000      2.720000      2.276667      3.259556      0.811722     12.400000     17.200001      1.910000      5.188500      0.631878
  2            2863          8121                                               8.513e-04     1.211e-01     2.056e-07     8.736e-07     5.600e-01     8.998e-06     5.104e+00      8.100000      8.000000      0.761410      0.749359      7.252308      9.480176      0.818182      0.784314     11.400000      0.824905     10.129663      0.154239      2.969162      2.773945      0.107313      7.383828      4.800000      4.200000      6.600000      3.400000      1.753333      0.894615      5.004149      1.160899      0.629197      0.057750      6.600000      3.400000      8.810784      4.887619     12.107262     22.753996      8.600000     10.000000      1.323974      3.350000      0.604784      8.600000      6.400000     12.800000     11.800000      3.898947      3.613684      8.436569     18.773817      0.034380      0.359578     10.200000      9.200000      3.496825      3.778846      6.931885      2.980455     15.000000     27.799999      3.756316     15.386500      0.755869
  2            7573          8533                                               6.303e-04     1.874e-01     8.919e-07     2.722e-07     9.619e-01     9.162e-06     1.532e+01      9.300000     10.300000      0.815385      0.839359     20.186251     16.922901      0.645833      0.725352     14.700000      0.871614     22.483580      0.094950      3.079972      3.219758      0.085250     16.447296      4.600000      2.400000      3.800000      1.400000      0.667692      0.197692      0.623094      0.146728     -0.482650     -0.400522      3.600000      1.200000      4.708571      3.566667     13.062966      0.094444      5.800000      5.000000      0.432692      0.471000      0.081333      8.000000      9.000000     14.200000     16.400000      5.175789      5.301053     18.470737     15.849423      0.851588      0.361006     10.800000     13.000000      4.881746      3.949381      9.590588      5.219985     16.799999     27.400000      5.238421      8.659000      0.395032
  1            2078           209          3244         0.803          6008     4.919e-04     1.002e-01     2.629e-08     4.213e-07     1.286e+01     3.072e-06     1.383e+01      6.300000      6.100000      0.643333      0.701026      3.862628      3.913830      0.906475      0.865248      7.800000      0.691139      3.962148      0.052965      1.453612      1.526440      0.290375      0.486391      2.800000      2.600000      1.800000      1.600000      0.562500      0.351282      0.402230      0.265746      0.009201     -0.448358      0.800000      0.600000      5.033333      3.200000     19.027779     15.300000      3.400000      2.400000      0.365513      0.397250      0.079892      2.800000      3.200000      2.000000      2.200000      0.481579      0.830263      0.391855      0.501594     -0.631139      0.234355      1.000000      1.200000      1.833333      3.600000      3.194444      5.533333      4.400000      3.200000      0.524737      0.619500      0.152967
  1            5625          1216          5076         0.179          6606     9.291e-04     2.374e-01     5.325e-06     6.299e-07     1.273e+01     4.196e-06     9.872e-01     11.900000     11.900000      0.883462      0.880000     22.515497     30.872869      0.693878      0.685879     17.000000      0.895854     27.331005      0.030326      2.748551      2.811116      0.090375      3.850156      4.000000      3.400000      4.400000      3.400000      1.408205      1.120769      2.503202      2.256762      0.622945      0.413702      2.000000      1.000000      7.268182      6.504286     29.132816     26.267052      5.200000      5.400000      1.264487      1.313250      0.037131      6.200000      3.200000     11.400000      7.400000      3.942105      3.382105     10.897527     11.068254      0.994043      2.155478      6.200000      2.200000      5.138768      8.819608     10.918176      5.727489      8.200000     13.600000      3.662105      4.080500      0.102535
  1            5586           371          5056         0.796          7431     9.499e-04     2.269e-01     1.356e-06     1.958e-07     1.143e+00     3.818e-06     1.225e+01     12.100000     10.800000      0.864359      0.876026     26.215113     27.371635      0.674095      0.618911     15.200000      0.881013     27.145329      0.024111      2.507331      2.443222      0.108438      2.729891      2.400000      2.000000      1.400000      1.200000      0.605983      0.655128      0.468700      0.458018      0.028300      0.362080      0.200000      0.000000      3.350000      3.800000      3.937500      9.900000      2.400000      1.400000      0.378333      0.380000      0.004386      4.800000      3.600000      8.000000      3.000000      2.709474      0.624211      8.927419      0.533706      0.618804     -0.583709      6.200000      1.200000      4.285013      1.853333      3.850080      0.679111      6.800000      9.200000      1.666842      2.002000      0.167412
  1            9943          6310          6548         0.234          8563     3.142e-04     2.205e-01     4.155e-07     4.402e-08     1.047e+01     8.972e-06     1.382e+01      8.300000      8.300000      0.735641      0.803974     19.232805     23.354406      0.603636      0.669355     12.500000      0.828671     25.202230      0.130690      2.912388      2.945070      0.113937     16.503750      2.400000      2.600000      2.000000      2.200000      0.767628      0.547756      1.012701      0.519324      0.501365     -0.105416      0.800000      1.000000      7.300000      5.360000      7.316667      7.292000      3.600000      3.000000      0.526154      0.860500      0.388549     11.800000     11.200000     26.799999     18.000000      7.986316      4.406316     22.549278      6.490783      0.192557     -0.526287     20.200001     11.400000      3.491823      2.908034      5.892228      6.166894     23.000000     41.599998      6.196316     15.921500      0.610821
  1            1692          6202          7733         0.420          7841     4.216e-04     2.755e-01     1.021e-07     6.306e-07     1.866e+01     4.409e-06     6.476e+00      5.300000      3.900000      0.637821      0.468462      5.833654      5.306795      0.746479      0.590909      6.900000      0.688228      7.326978      0.325446      2.720106      2.685299      0.180063      7.217688      2.800000      2.400000      1.800000      1.400000      0.432820      0.307179      0.280076      0.210212      0.014779     -0.060604      1.800000      1.400000      5.566667      5.466667      3.094445      0.577778      4.400000      3.400000      0.370000      0.640000      0.421875      2.400000      3.000000      2.200000      2.400000      0.971579      0.504211      1.258162      0.317243      1.154354     -0.432190      2.200000      2.400000      5.366667      1.288889      1.405556      0.627160      5.400000      8.200000      0.737895      5.530000      0.866565
  2            4281          1201                                               4.644e-04     1.126e-01     4.451e-07     8.189e-07     1.657e+01     6.851e-06     1.141e+01      6.900000      7.900000      0.767051      0.787051      3.778077      4.586538      0.907895      0.908046      8.800000      0.798133      4.388481      0.049747      1.800487      1.813827      0.181313      1.023500      5.600000      5.600000      5.800000      5.800000      1.306923      1.376923      1.624776      1.761049     -0.056562     -0.091835      3.600000      3.600000      6.906667      6.080000     38.045967     25.872889      8.800000      9.400000      1.341923      1.625750      0.174582      7.800000      8.200000     13.200000     12.200000      3.609474      3.363158      6.729685      6.594046     -0.052621     -0.139513      8.000000      7.000000      3.813480      3.368828      8.844680      6.804713     15.600000     20.200001      3.486316      4.876500      0.285078
  1            4607          1250          7626         0.579          8378     6.630e-04     2.346e-01     2.548e-06     2.547e-07     1.025e+01     3.236e-06     5.835e+00     11.100000     10.000000      0.873077      0.833590     14.331538     14.561586      0.790036      0.751880     14.100000      0.879652     15.746357      0.057682      2.863038      2.545082      0.094687      5.856515      2.200000      2.200000      1.800000      1.600000      1.293590      1.110897      1.542647      1.525505      0.359759      0.173148      0.800000      0.600000      3.928571      2.750000      5.274490      4.287500      2.800000      2.400000      0.480897      0.485000      0.008459      5.000000      5.800000      5.800000      7.800000      1.855789      2.184211      2.382707      3.124695      0.592491      0.010429      3.800000      5.800000      5.123333      3.400280      6.508793      5.708216     10.000000     11.600000      2.020000      2.455000      0.177189
  1            6392          2464          2511         0.597          7622     2.582e-04     2.392e-01     8.657e-07     2.983e-07     1.489e+01     9.671e-06     4.082e+00      8.300000      8.500000      0.780385      0.771410      7.242612      6.967981      0.842640      0.871795     11.100000      0.801741      7.836689      0.061932      2.232940      2.252151      0.173063      3.244266      4.200000      5.400000      3.800000      5.000000      0.563846      0.934872      0.484463      0.820014     -0.830561     -0.462340      1.400000      2.600000      3.863333      4.991667     18.568611     19.691319      7.200000      6.400000      0.749359      0.856500      0.125092     10.400000      8.400000     23.400000     20.200001      5.623158      4.407368     29.307524     38.778419     -0.565582     -0.807463     14.400000     11.200000      2.941190      2.117778      7.025675      0.727531     18.799999     34.599998      5.015263     16.302999      0.692372
  2            6111          7362                                               3.401e-04     1.148e-01     3.697e-07     6.687e-07     4.840e+00     2.809e-06     1.293e+01      6.400000      5.900000      0.748462      0.711410      5.661026      2.759808      0.761905      0.907692      8.800000      0.802532      5.908592      0.165609      2.785743      2.673646      0.126687      6.918313      6.000000      5.000000      7.400000      6.600000      2.060769      1.949487      5.829668      5.905682      0.299785      0.755368      4.400000      3.600000      7.090476      9.342857     35.643551     16.300341     10.400000     11.000000      2.005128      2.543625      0.211704      3.400000      3.400000      2.400000      2.800000      0.622105      0.716842      0.450454      0.595038     -0.029135      0.012985      2.400000      2.800000      2.920000      3.725000      2.830222      3.071875      6.600000      7.800000      0.669474      3.980000      0.831791
  1            8459          3266          6204         0.708          9008     5.930e-04     1.754e-01     7.204e-08     6.944e-07     1.722e+01     1.208e-06     1.655e+01     10.800000     10.400000      0.843846      0.816154     19.002613     27.403494      0.668731      0.700337     13.700000      0.869589     36.901279      0.085802      2.756696      2.562701      0.091812     55.268139      7.600000      8.200000     10.200000     11.200000      2.412564      2.710513      3.986518      4.956896     -0.078647      0.075970      5.200000      6.200000      5.949484      6.359664     22.313814     20.508112     14.000000     16.400000      2.561538      3.052500      0.160839      2.600000      3.200000      1.600000      2.000000      0.376842      0.548421      0.235400      0.391239     -0.185627     -0.230646      1.600000      2.000000      3.466667      2.833333      1.844444      4.894444      5.400000      4.200000      0.462632      1.360000      0.659830
  2            9632          8451                                               7.698e-04     2.241e-01     3.701e-07     7.334e-07     1.197e+01     4.661e-06     1.810e+01     11.000000     10.200000      0.854872      0.852051     26.770321     35.146587      0.679012      0.569832     15.500000      0.894114     41.090061      0.086522      3.274839      3.136350      0.066250     41.567764      7.200000      7.200000      9.000000      8.000000      2.220513      2.022051      3.426346      2.778913     -0.149257     -0.098685      6.600000      5.600000      5.311066      5.502381     19.883665     21.698837     13.200000     14.600000      2.121282      2.816000      0.246704      6.600000      6.600000      9.200000     12.200000      2.955790      3.746316      5.488900     15.712008      0.402629      0.068506      5.200000      8.200000      4.357647      3.419298      7.695502      5.879318     12.800000     17.799999      3.351053      6.597000      0.492034
  1             447           829          1673         0.559          7254     7.744e-04     2.283e-01     6.947e-06     7.200e-07     7.053e+00     3.191e-06     1.221e+01      3.300000      3.300000      0.451410      0.389231      1.777628      3.099423      0.750000      0.578947      5.100000      0.543418      3.941614      0.366537      2.039518      1.949438      0.336563      6.059125      1.800000      1.800000      1.200000      1.200000      0.327179      0.359744      0.501444      0.524545     -0.037480      0.121282      0.400000      0.400000      4.000000      4.600000      0.000000      0.000000      2.200000      1.600000      0.343462      0.343500      0.000112      1.200000      1.400000      0.200000      0.400000      0.084211      0.050000      0.056140      0.045238      0.070391     -0.465756      0.200000      0.400000      0.800000      0.400000      0.000000      0.000000      2.200000      1.200000      0.053684      0.820000      0.934531
  2            5170          3818                                               6.728e-04     2.964e-01     1.527e-07     7.557e-07     1.240e+01     5.112e-06     1.940e+01     10.200000      9.900000      0.814103      0.776282     19.938236     18.630512      0.713287      0.564103     15.800000      0.837532     22.475513      0.095295      3.419060      3.296352      0.121188     13.569219      6.200000      6.000000      6.200000      6.800000      1.990705      1.842308      2.964885      2.764400      0.138541     -0.319276      2.800000      3.400000      4.980952      3.772222     28.039455     17.779211     10.200000      9.600000      1.533205      2.343500      0.345763      3.600000      4.400000      3.000000      4.400000      0.893684      1.173684      0.627664      1.631807      0.083623     -0.176477      2.400000      3.800000      2.233333      2.550000      2.738889      3.445833      7.400000      7.600000      1.033684      2.217500      0.533852
  2            5372          6668                                               3.492e-04     2.699e-01     3.548e-06     1.698e-07     1.608e+01     8.383e-06     1.799e+01      7.700000      7.900000      0.768077      0.776538      9.144919     10.472099      0.703196      0.718182     11.500000      0.824082     10.830648      0.116626      2.685967      2.938526      0.125437      4.527875      2.400000      2.400000      1.400000      1.400000      0.223846      0.302308      0.167600      0.199963     -0.354583      0.020338      1.400000      1.400000      3.366667      5.100000      1.294444      8.850000      4.000000      3.000000      0.263077      0.520000      0.494083      6.800000      7.000000      9.200000     18.400000      1.768421      5.772632      2.165904     31.319689     -1.135947      0.408052      6.400000     15.600000      2.056190      3.668725      1.797773      2.249806     13.800000     27.400000      3.770526     13.220000      0.714786
  1            2336          3496          5174         0.548          7101     5.853e-04     2.956e-01     3.303e-08     7.976e-07     1.349e+01     6.512e-06     1.403e+01      8.200000      8.200000      0.810128      0.783718     11.595321     10.822051      0.713043      0.738739     11.800000      0.865823     13.386724      0.145301      3.218491      3.192606      0.067000      9.163688      3.000000      3.000000      3.000000      2.000000      1.412820      0.371795      2.360574      0.301983      1.028250     -0.700177      2.800000      1.800000      7.510000      1.893333      9.919500      4.663111      5.400000      5.000000      0.713846      1.334125      0.464933      3.800000      4.800000      3.400000      5.400000      1.070526      1.509474      1.122077      1.669841      0.212117     -0.130495      2.800000      4.800000      2.690476      2.609524      5.882880      4.101927      8.600000     13.400000      1.290000      7.523000      0.828526
  2            5031          9729                                               7.724e-04     1.320e-01     3.073e-08     3.410e-07     1.184e+01     1.764e-06     1.813e+01      9.800000      8.200000      0.843974      0.787821      9.660384     12.520192      0.816667      0.745455     13.900000      0.876456     15.494921      0.127824      3.657907      3.286859      0.064500     17.952812      3.000000      3.200000      2.200000      3.400000      0.448205      0.772821      0.303321      1.364804     -0.346078     -0.131469      2.200000      3.400000      5.100000      5.358333     21.250000      6.785764      5.600000      5.800000      0.610513      1.400000      0.563919      2.200000      2.200000      1.400000      1.400000      0.453684      0.415789      0.512977      0.364662      0.211715      0.154142      1.400000      1.400000      1.900000      2.550000      2.690000      3.087500      4.400000      4.400000      0.434737      2.620000      0.834070
  2            9157          5038                                               2.038e-04     2.196e-01     1.319e-07     8.433e-07     1.193e+01     1.290e-06     8.676e+00      6.700000      7.500000      0.678462      0.756282      9.362868     16.856939      0.720430      0.614754     10.300000      0.764241     14.334960      0.114373      2.358460      2.601449      0.190062      5.494469     10.000000     10.000000     13.400000     14.800000      3.197180      3.804103     10.190831     11.222564     -0.132251     -0.037617      5.600000      7.000000      5.299838      5.642920     22.952257     17.989182     18.799999     20.400000      3.500641      4.234375      0.173280      2.600000      4.200000      1.600000      3.600000      0.573684      1.123158      0.334676      0.901426      0.668240      0.257630      1.400000      3.400000      5.700000      4.269048      6.250000      6.999972      5.800000      5.000000      0.848421      1.219000      0.304002
  1            8696           140           569         0.914          9934     3.518e-04     2.377e-01     2.461e-07     2.807e-07     1.061e+01     7.204e-06     9.966e+00     10.000000      9.500000      0.830256      0.819487     16.784792     16.710064      0.706714      0.685921     11.800000      0.829873     16.787971      0.011128      1.850903      1.834727      0.165250      0.997516      4.000000      4.200000      4.000000      4.400000      0.945128      1.011539      1.613567      1.687664     -0.227028     -0.387100      1.200000      1.600000      5.408889      5.483333     24.473679     33.043056      5.400000      5.600000      0.978333      0.982750      0.004494      9.200000     10.600000     21.000000     24.000000      7.394737      7.377895     33.035217     29.059576      0.573218     -0.098853      1.400000      4.400000      4.117281      3.298408      7.841158      8.867886     13.600000     25.400000      7.386316      7.208500     -0.024668
  2            6395          1692                                               3.917e-04     2.721e-01     1.668e-07     1.334e-07     8.402e+00     9.324e-06     5.240e+00      9.100000      9.700000      0.838333      0.830256     19.889359     12.168398      0.705426      0.795082     12.400000      0.863354     16.928181      0.064311      2.586575      2.440745      0.108313      4.353687      2.800000      3.800000      2.200000      3.000000      0.796923      0.704615      0.823332      0.708844      0.886542      0.322940      0.600000      1.400000     10.440000      8.480000     17.652000     17.768000      4.400000      3.600000      0.750769      0.790750      0.050561      8.000000      8.400000     16.600000     14.600000      5.235789      4.876842     17.582901     16.518646      0.585214      0.590570     10.200000      8.200000      4.726054      4.547922     10.147120     11.330640     16.000000     24.799999      5.056316      6.956500      0.273152
  1            7154          3142          3154         0.766          4447     2.604e-04     2.797e-01     3.161e-06     7.488e-08     3.971e+00     8.576e-06     1.936e+01      8.200000      9.500000      0.808333      0.817564      8.155369     14.446811      0.722467      0.725191     12.400000      0.863386     12.165427      0.108713      2.798718      2.944109      0.087438      3.979187      1.600000      2.000000      0.600000      1.000000      0.322650      0.398718      0.181558      0.258705      0.325222     -0.059564      0.200000      0.600000      5.100000      3.600000      2.450000     12.800000      2.200000      1.200000      0.216410      0.303000      0.285775      7.800000     10.400000     17.400000     17.600000      4.545263      4.784211     12.890738     11.438691     -0.254412     -0.214320     11.200000     11.400000      3.360689      3.159653      6.283896      4.688717     18.200001     28.799999      4.664737      7.926500      0.411501
  1             636          1962          2730         0.193          9617     5.624e-04     1.881e-01     1.727e-07     5.743e-07     1.879e+01     4.538e-06     1.335e+01      3.300000      2.900000      0.464872      0.432308      1.896667      2.409808      0.733333      0.783784      5.000000      0.620000      3.270870      0.429804      2.701267      2.655128      0.212875      4.522313      1.200000      2.000000      0.200000      1.000000      0.048718      0.408333      0.044028      0.310723     -0.167205     -0.279500      0.000000      0.800000      0.400000      1.250000      0.000000      2.337500      2.400000      1.200000      0.091410      0.304750      0.700048      1.400000      1.800000      0.400000      1.200000      0.131579      0.214474      0.094737      0.301441     -0.047920     -0.577728      0.400000      1.200000      1.200000      1.050000      0.000000      0.037500      3.000000      3.200000      0.138421      1.930000      0.928279
  2            9645          5370                                               1.645e-04     1.996e-01     2.921e-08     7.076e-07     1.404e+00     4.715e-06     1.983e+01      6.200000      6.200000      0.655641      0.719359      3.906090      5.491731      0.925373      0.756098      8.300000      0.755696      4.957690      0.164776      2.132441      2.090702      0.177813      1.257125      5.200000      5.800000      6.800000      7.800000      2.165897      2.101026      7.228789      7.447916      0.801866      0.427621      2.200000      3.200000      8.761264      7.865686     15.429585     18.033842      9.000000     10.000000      2.133461      2.335500      0.086508      7.800000      7.600000     17.600000      8.800000      5.256842      1.664211     18.267435      1.594336      0.346044     -0.933122     14.400000      5.600000      4.197552      2.280952      6.803075      1.736567     15.000000     23.600000      3.460526      6.826000      0.493037
  1            9298          1380          4016         0.921          8462     6.641e-04     1.960e-01     1.324e-07     3.415e-07     1.054e+01     2.332e-06     3.941e+00     10.800000     11.600000      0.858846      0.880641     26.161972     31.705256      0.624277      0.692537     15.300000      0.886899     29.736530      0.037357      2.542521      2.800078      0.096375      4.618203      6.000000      5.000000      5.600000      5.000000      1.253077      1.216410      1.596343      1.694954     -0.365117      0.125938      2.600000      2.000000      4.916667      6.344762     21.206547     12.703792      8.000000      7.600000      1.234744      1.290750      0.043391      4.800000      5.400000      5.600000      6.600000      1.905263      2.141053      3.415661      3.321593      0.854638      0.373012      2.200000      3.200000      3.944546      4.092857      6.601897      7.918793      8.400000      8.800000      2.023158      2.152000      0.059871
  2            5757          2780                                               5.013e-04     2.653e-01     1.031e-06     1.416e-07     1.741e+01     8.071e-06     1.794e+01      8.400000      9.300000      0.752564      0.770641     22.266331     25.829039      0.579310      0.586751     12.600000      0.807785     28.883793      0.106517      2.481869      2.720261      0.147188     20.305016      2.000000      1.600000      1.000000      0.600000      0.494231      0.265385      0.342052      0.197857     -0.158247     -0.107879      0.800000      0.400000      1.833333      0.933333      5.561111      5.377778      2.400000      1.400000      0.151923      0.153000      0.007039      8.000000      8.400000      8.800000     11.000000      1.785263      3.173684      1.911913      6.503319     -1.146537     -0.036690      5.200000      7.400000      1.998693      3.030044      2.318510      5.729917     16.000000     18.200001      2.479474      5.539500      0.552401
  2            4341          8636                                               9.234e-04     1.644e-01     4.803e-07     1.292e-07     1.552e+01     9.215e-06     1.501e+01     10.000000      8.600000      0.751282      0.769487     42.200352     16.771778      0.684932      0.641791     14.400000      0.845095     37.273613      0.180049      3.377265      3.255043      0.072312     32.235111      1.800000      2.200000      0.800000      1.200000      0.183846      0.303590      0.135816      0.194359      0.025335      0.080157      0.400000      0.800000      3.800000      6.200000      1.800000      0.000000      2.600000      1.600000      0.243718      0.281250      0.133447      7.600000      7.400000     14.000000     19.400000      3.949474      7.327368     12.328232     48.619900     -0.008899      1.330976      9.800000     15.200000      3.256191      4.987336      3.434054      3.917379     15.000000     33.400002      5.638421     16.721500      0.662804
  1            8019          2876          3014         0.138          7323     3.390e-04     2.808e-01     4.614e-08     9.231e-07     8.318e-01     5.155e-06     1.216e+00      8.400000      9.200000      0.825000      0.835641      9.499727     13.003590      0.800000      0.713178     12.300000      0.870506     12.313936      0.086731      2.649323      2.811173      0.090313      4.758578      7.600000      7.400000      9.000000      9.200000      2.077179      2.379744      3.608496      4.583485     -0.216972      0.266174      5.000000      5.200000      5.064946      7.082024     18.013525     36.771385     12.600000     14.200000      2.228462      2.824875      0.211129      9.400000      6.400000     23.400000     20.600000      5.690526      5.324211     39.388882     60.606949     -0.560108     -0.289792     10.600000      7.800000      2.709583      2.807005      5.771915      0.946948     15.800000     31.200001      5.507369     15.767500      0.650714
  2            3649          2647                                               8.273e-04     2.791e-01     2.838e-08     6.820e-07     1.375e+01     5.436e-07     1.429e+01      8.900000     10.700000      0.791410      0.814872     34.012547     39.212242      0.609589      0.625731     14.000000      0.844146     56.425644      0.092323      2.793224      2.841943      0.115875     80.092957      5.200000      4.400000      6.000000      4.400000      1.562564      1.007179      2.707444      1.540910      0.307133     -0.047071      3.800000      2.200000      7.290152      4.265476     25.120728      8.773803      8.400000      8.200000      1.284872      2.155000      0.403772      2.200000      2.000000      1.200000      1.000000      0.313684      0.298947      0.177210      0.194163     -0.115980      0.091123      1.200000      1.000000      1.900000      2.800000      1.350000      1.733333      3.200000      2.200000      0.306316      0.660000      0.535885
  1            2599          4112          6466         0.706          9932     6.068e-04     2.763e-01     9.773e-08     8.664e-07     1.618e+01     9.813e-06     8.015e+00      5.400000      4.700000      0.670000      0.628333      3.279487      3.665192      0.843750      0.746032      7.300000      0.764019      4.115712      0.259192      2.730366      2.447145      0.124000      2.714937      3.000000      3.600000      2.400000      2.600000      0.423590      0.561795      0.437627      0.359407     -0.523076     -0.065582      2.200000      2.400000      3.106667      4.325000     11.029778      4.646875      6.000000      5.200000      0.492692      1.483000      0.667773      4.200000      5.400000      3.400000      4.400000      1.031579      1.182105      0.659025      0.790927      0.344468     -0.123989      2.800000      3.800000      4.590476      3.498571      7.582086      5.638879      9.400000      9.800000      1.106842      4.183000      0.735395
  1            6726           719          2480         0.368          9181     1.398e-04     1.515e-01     1.911e-08     1.238e-08     2.272e+00     8.820e-07     1.828e+00      4.900000      5.500000      0.598590      0.653333      2.852692      2.846923      0.803279      0.873016      6.100000      0.639810      2.852500      0.042833      1.113503      1.278215      0.346687      0.153125      1.400000      1.200000      0.400000      0.200000      0.346154      0.466667      0.311346      0.249208     -0.099625      0.281265      0.200000      0.000000      0.800000      2.800000      1.800000      0.000000      1.400000      0.400000      0.081282      0.085500      0.049333      2.600000      3.000000      1.600000      2.000000      0.738596      0.910526      0.461868      0.607305     -0.055824     -0.034552      0.800000      1.200000      2.000000      2.146667      2.560000      3.625778      3.800000      2.800000      0.494737      0.769000      0.356649
  1            6733          3334          6354         0.990          9766     4.414e-04     1.755e-01     7.041e-06     1.763e-07     1.285e+01     7.846e-06     4.919e+00      7.700000      8.200000      0.729487      0.789103     11.295930     10.721186      0.781726      0.694915     11.800000      0.820190     11.673006      0.136607      2.566798      2.824107      0.120438      3.175000      4.400000      3.800000      3.400000      3.400000      1.202244      0.936538      1.259743      1.116870      0.309870      0.192203      1.600000      1.600000      6.013333      6.911111     25.352444     12.271605      6.200000      5.000000      0.855513      1.043250      0.179954      8.000000      7.600000     14.600000     10.600000      4.437895      2.703158     14.569680      4.180674      0.324073     -0.478713     11.000000      7.000000      3.742751      2.888529      3.621729      4.286989     15.600000     22.200001      3.570526      6.413500      0.443280
  2            2989          9472                                               2.264e-04     1.204e-01     1.541e-08     7.878e-07     1.049e+01     2.017e-07     2.768e+00      3.800000      4.600000      0.541667      0.539744      1.160256      1.469679      0.883721      0.958333      6.200000      0.697468      2.943845      0.363701      2.651713      2.658839      0.149687      6.499813      3.600000      3.200000      2.800000      3.400000      0.840705      1.346474      0.781959      2.509696     -0.178616      0.387447      2.000000      2.600000      4.440000      5.328571     16.912001     20.388775      6.200000      5.600000      0.874872      1.356500      0.355052      1.000000      1.200000      0.000000      0.200000      0.000000      0.173684      0.000000      0.083626      0.000000      0.306266      0.000000      0.200000      0.000000      1.800000      0.000000      0.000000      1.600000      0.600000      0.052105      0.510000      0.897833
  1            3615          1435          1557         0.907          9836     6.987e-04     2.246e-01     6.358e-08     1.291e-07     4.432e+00     6.848e-06     1.072e+01      8.100000      9.500000      0.785769      0.816410      8.589487     14.617628      0.729730      0.708955     12.300000      0.838070     12.374984      0.083670      2.632962      2.811210      0.125875      3.627312      2.000000      2.200000      1.000000      1.200000      0.352991      0.257692      0.234865      0.182471     -0.131759     -0.572966      0.600000      0.800000      3.300000      1.466667     14.050000      4.577778      2.800000      1.800000      0.183205      0.189500      0.033218      4.600000      4.600000      6.600000     10.200000      2.576842      2.763158      5.937901      9.707897      1.150802     -0.226337      2.800000      6.400000      5.209603      3.127273      5.762317      2.588359      8.400000     13.000000      2.670000      3.841000      0.304869
  1            3825          3870          5471         0.628          5894     2.780e-04     2.919e-01     3.144e-08     6.979e-07     4.279e+00     5.226e-06     5.768e+00      5.900000      5.500000      0.686410      0.572436      8.141923     16.500305      0.608247      0.552764      8.500000      0.696013     14.296673      0.173198      2.423905      2.364445      0.239063      8.419516      3.200000      3.800000      3.600000      4.200000      1.251026      0.728205      1.967342      1.364402      0.966678     -0.823561      1.800000      2.400000      8.950000      3.233333     12.204166      5.601111      5.800000      6.000000      0.989615      1.771750      0.441447      4.200000      4.200000      4.400000      4.400000      1.409474      1.189474      2.254141      1.895361      0.322550     -0.288348      4.000000      4.000000      3.854762      3.033333      4.644529      5.183333      8.400000     11.600000      1.299474      6.176000      0.789593
  1            4974          3125          3201         0.209          5963     2.099e-04     1.838e-01     2.277e-06     8.835e-07     1.174e+01     4.179e-06     1.750e+01      4.900000      3.800000      0.552308      0.455641      1.806298      2.279519      0.924528      0.800000      5.900000      0.604114      2.449165      0.283277      2.037350      1.721804      0.298250      1.706859      6.000000      6.600000      6.000000      8.400000      1.338205      2.085897      1.736536      2.570661     -0.346637      0.115718      3.000000      5.400000      4.961905      6.606948     22.164173     30.989662     11.000000     11.400000      1.712051      2.175375      0.212986      4.200000      4.800000      7.400000      4.800000      3.090526      1.303158      9.916492      1.507190      1.498116     -0.445295      6.800000      4.200000      5.797702      2.559740      4.056817      2.995792      8.800000     12.200000      2.196842      4.932000      0.554574
  2            7248          4194                                               5.058e-04     1.198e-01     5.002e-07     6.720e-07     7.647e+00     7.672e-06     4.023e+00      8.300000     10.100000      0.767179      0.842564     11.262612     16.911842      0.757991      0.753731     12.800000      0.851044     15.153806      0.101992      2.643184      2.857006      0.103937      4.917344      5.400000      3.400000      5.000000      3.600000      1.377692      1.131026      1.511211      1.575258      0.433685      0.961060      3.400000      2.000000      8.194762     11.201904     40.523197     15.003792      7.200000      7.000000      1.254359      1.511250      0.169986      5.600000      7.000000      7.800000     14.200000      1.562105      5.090526      2.561147     14.344584     -0.997909      0.922090      6.200000     12.600000      2.137143      4.619048      2.481515      6.294242     12.600000     24.400000      3.326316     12.521500      0.734352
  2            9275          3601                                               9.804e-04     2.289e-01     5.812e-06     2.059e-07     6.876e+00     1.674e-06     7.251e+00     16.100000     15.400000      0.917949      0.918846     44.597164     41.543736      0.741935      0.742169     22.700001      0.935601     43.646645      0.035583      3.477593      3.466270      0.047625      4.429500      3.200000      3.600000      3.000000      3.400000      0.920000      0.862308      1.799621      1.537910      0.045777     -0.152292      1.400000      1.800000      4.675000      4.700000     12.584375     24.170000      5.000000      4.800000      0.891154      0.930250      0.042028      4.200000      2.800000      5.800000      1.800000      1.900000      0.472368      3.872222      0.318080     -0.157607     -0.373118      5.600000      1.600000      1.886667      1.766667      1.761111      4.194445      6.600000      8.600000      0.948947      2.672000      0.644855
  1            6330           840          6145         0.930          9204     7.905e-04     1.103e-01     4.916e-08     4.601e-07     1.557e+01     4.706e-06     9.827e+00      9.900000     11.700000      0.853077      0.886667     16.321539     22.308910      0.668919      0.759740     13.500000      0.882342     19.693275      0.027243      2.128465      2.522670      0.105500      2.459063      6.000000      5.200000      6.800000      6.600000      1.353846      1.557436      2.122469      2.591872     -0.532214     -0.150962      2.600000      2.400000      3.964849      5.129643     10.522792     15.479713      8.200000      9.200000      1.455641      1.667625      0.127117      7.400000      4.400000      7.600000      3.800000      2.205263      1.143158      3.096502      1.258691     -0.067217      0.145850      6.800000      3.000000      3.125000      2.903333      6.554375      4.333278     11.000000     10.600000      1.674211      2.454000      0.317763
  2            5898          1689                                               3.657e-04     2.920e-01     5.414e-07     9.947e-07     1.432e+01     4.178e-06     1.484e+01      9.100000      9.100000      0.819615      0.804359     16.387611     21.180754      0.736842      0.612795     12.200000      0.838449     20.340372      0.060868      2.544409      2.458350      0.135750      7.086156      4.600000      6.600000      5.200000      6.200000      1.122564      1.192051      1.365751      1.486234     -0.009221     -0.408934      2.800000      3.800000      7.067619      4.807143     10.145329     14.137745      9.000000      9.000000      1.157308      1.265375      0.085403      8.600000      6.800000     13.800000      9.400000      3.701053      2.133684      5.138168      4.909947     -0.200585     -0.742565     11.200000      6.800000      2.924603      2.527778      3.063820      2.325401     15.200000     20.600000      2.917368      4.762000      0.387365
  2            6890          8176                                               1.634e-04     2.486e-01     8.936e-07     1.706e-07     1.919e+01     3.526e-06     1.580e+00      7.100000      5.900000      0.761282      0.703974      6.736987      7.153574      0.825581      0.732919      9.400000      0.798354     10.145597      0.151121      2.813122      2.659958      0.137562     12.988516      2.200000      2.400000      1.200000      1.400000      0.338462      0.376923      0.205656      0.456500     -0.178374     -0.310261      1.200000      1.400000      4.100000      2.350000     15.250000      6.037500      3.600000      2.600000      0.286154      0.480000      0.403846      7.800000      7.800000      8.800000     11.800000      2.705263      3.162105      3.511479      4.580184      0.353776     -0.196501      7.000000     10.000000      3.915476      3.445714      4.232691      7.209594     15.600000     25.000000      2.933684     11.389500      0.742422
  1             734          4301          5905         0.078          9417     8.649e-04     2.724e-01     1.531e-08     6.103e-07     1.664e+01     6.201e-06     4.313e+00      5.000000      4.600000      0.521667      0.577308      9.296025      4.547436      0.625000      0.621622      8.200000      0.714778     10.572025      0.372928      3.362858      3.223795      0.124063     14.764750      1.600000      2.200000      0.600000      1.200000      0.159231      0.180513      0.111833      0.156851      0.161396     -0.536472      0.600000      1.200000      3.400000      3.400000      1.800000      0.800000      3.400000      2.200000      0.169872      0.915000      0.814348      2.200000      1.600000      1.200000      0.800000      0.428070      0.470175      0.285473      0.546347     -0.235403      0.060811      1.000000      0.600000      2.000000      1.466667      3.200000      0.711111      3.400000      3.800000      0.269474      2.371000      0.886346
  1            6334           471          4457         0.373          6761     8.865e-04     2.043e-01     3.299e-08     8.940e-07     6.116e+00     7.703e-06     4.545e+00     12.100000     12.500000      0.876282      0.873462     22.601587     24.764791      0.689459      0.702247     15.300000      0.886646     25.158592      0.026114      2.443159      2.438145      0.101875      7.012000      8.600000      8.200000      9.600000     10.000000      1.947949      2.180000      2.961184      4.454588     -0.390508     -0.200409      2.000000      2.400000      4.896869      5.672051     21.672005     25.996761     11.400000     12.000000      2.063974      2.094625      0.014633      7.600000      8.400000     18.200001     14.400000      5.601053      2.923158     24.743385      9.257471      0.428610     -1.111071      9.000000      5.200000      4.260105      2.057565     10.823763      1.732425     13.800000     23.400000      4.262105      5.574000      0.235360
  2            6775          7990                                               8.665e-04     1.685e-01     7.207e-06     6.770e-07     1.298e+01     5.622e-06     1.857e+01     11.200000     12.500000      0.870000      0.883718     22.867693     30.050898      0.736842      0.755287     18.299999      0.922722     33.158741      0.093305      3.913949      3.898987      0.032563     27.785782      5.000000      4.200000      6.200000      4.400000      1.707051      1.001923      3.217507      1.632368     -0.010726     -0.263565      4.800000      3.000000      5.264444      4.028718     19.575531     13.323056      8.000000      9.200000      1.083590      2.076250      0.478102      8.600000      8.000000     20.000000     12.200000      5.312632      4.106316     40.172180      9.125854     -0.278218      0.786354     15.800000      8.000000      2.822438      4.957424      1.389324     11.763785     16.600000     30.000000      4.709474     11.011500      0.572313
  1            1394          2677          3431         0.570          9254     6.282e-04     1.366e-01     1.432e-07     7.904e-07     1.888e+01     7.935e-06     1.254e+01      4.700000      5.400000      0.575769      0.704744      1.699423      2.775513      0.921569      0.885246      7.400000      0.747532      5.586440      0.248164      2.433024      2.723096      0.147875     13.340313      2.400000      3.000000      1.400000      2.200000      0.315385      0.745513      0.194277      0.671404     -0.348519      0.193819      1.000000      1.800000      2.100000      4.616667      4.350000     22.565277      4.600000      4.400000      0.424359      1.883750      0.774727      3.600000      3.600000      3.400000      3.000000      0.589474      0.878947      0.685090      0.787730     -1.061487     -0.004646      3.200000      2.800000      1.866667      2.409524      1.111111      2.075737      7.200000     10.000000      0.734211      4.946000      0.851555
  2            8875          2757                                               8.901e-04     2.459e-01     1.924e-06     4.118e-07     1.193e+01     7.298e-06     1.243e+01     11.600000     11.300000      0.868846      0.865513     15.731138     15.972227      0.692537      0.784722     15.400000      0.892278     17.268656      0.053651      2.776412      2.729444      0.083250      6.389625      4.000000      4.400000      4.200000      4.000000      1.440000      0.935641      2.332558      0.859118      0.913700      0.162651      2.000000      1.800000      8.307576      6.946667     27.918400     14.945778      6.000000      6.000000      1.187821      1.716000      0.307797     10.400000      8.800000     19.799999     20.400000      7.625263      7.971579     40.090313     40.360683      1.361383      1.450281      7.400000      8.000000      5.101504      5.317925      6.160475      6.987452     18.799999     27.799999      7.798421     10.548000      0.260673
  1            6257          2888          8848         0.073          9232     2.217e-04     1.426e-01     3.273e-08     6.727e-07     1.628e+01     1.555e-06     2.937e+00      5.100000      5.500000      0.663333      0.640385      4.748654      3.865769      0.809524      0.859375      6.700000      0.686582      4.582927      0.095579      1.517522      1.548352      0.279563      1.304438      3.600000      5.200000      4.000000      5.800000      1.327244      1.463782      2.258837      2.049093      0.129175     -0.065919      1.800000      3.600000      5.269048      4.939231     16.338066     12.519997      7.400000      7.600000      1.116410      1.564000      0.286183      2.800000      4.400000      2.800000      4.600000      0.684211      1.284211      1.343392      1.260707     -0.067359      0.308534      2.600000      4.400000      3.275000      4.233333      1.571875      4.319445      6.800000      9.200000      0.984211      4.279500      0.770017
  1            2891          3532          4659         0.206          8195     5.238e-04     1.864e-01     1.841e-08     1.467e-07     5.725e+00     6.107e-06     1.782e+01      5.600000      7.300000      0.688205      0.771410      3.393782      5.036987      0.777778      0.793478      9.200000      0.801108      6.032500      0.161749      2.468552      2.833552      0.129375      7.388375      1.800000      1.800000      0.800000      0.800000      0.307051      0.266346      0.177166      0.168452      0.281618      0.217097      0.800000      0.800000      3.733333      5.100000      6.977778      1.250000      2.600000      1.600000      0.229359      0.355000      0.353918      6.000000      6.600000      6.400000      6.400000      1.444211      1.466316      1.671434      1.174598     -0.409033     -0.580194      6.000000      6.000000      1.877778      2.741111      6.590864      3.563771     12.400000     16.600000      1.455263      6.639000      0.780801
  1            9973          4677          5346         0.806          9518     9.692e-04     2.310e-01     2.246e-08     7.969e-07     1.246e+01     8.330e-06     1.362e+01     12.400000     14.300000      0.892179      0.896667     18.174070     25.715689      0.777429      0.760638     19.100000      0.916487     24.409664      0.046544      3.130381      3.204661      0.062000     10.833140      9.600000      9.000000     14.200000     12.000000      2.743590      3.298461      6.965449      6.496274     -0.605608      0.580801      8.000000      5.800000      4.564837      7.971522     18.143343     36.864811     17.000000     20.000000      3.021026      3.750250      0.194447      7.800000      9.000000     20.000000     23.600000      4.936842      8.535789     35.302589     36.647793     -0.434574      0.882374     11.800000     15.400000      2.672222      5.182091      2.255586     11.868370     16.799999     36.200001      6.736316     12.249000      0.450052
  1            1803          3764          5294         0.572          5720     9.537e-04     2.881e-01     2.824e-07     6.010e-07     1.641e+01     9.045e-06     4.931e+00      6.500000      5.900000      0.646795      0.586538      7.335641      7.095256      0.643564      0.698225      8.900000      0.666076     10.440506      0.137391      2.094044      1.870956      0.285750     13.099750      3.000000      1.600000      2.000000      0.600000      0.401026      0.064872      0.321962      0.053873     -0.324710     -0.462687      2.000000      0.600000      2.066667      1.400000      5.222222      0.000000      3.600000      2.600000      0.232949      0.450000      0.482336      4.400000      4.000000      4.000000      4.400000      1.172632      1.888421      1.481314      2.229930     -0.025440      1.191008      3.800000      4.200000      3.516667      5.255556      2.859722      3.795679      8.400000     14.000000      1.530526      8.544500      0.820876
  2             639          6129                                               8.038e-04     1.655e-01     6.168e-07     5.178e-07     1.887e+01     2.832e-06     1.807e+01      5.200000      4.500000      0.653205      0.608462      2.865577      2.067244      0.800000      0.833333      8.300000      0.784399      8.458418      0.323952      3.622252      3.439298      0.065875     23.791750      1.600000      1.200000      0.800000      0.200000      0.322115      0.046154      0.367168      0.037681      0.176732     -0.061317      0.800000      0.200000      1.650000      0.800000      2.137500      0.000000      2.600000      2.000000      0.147308      1.295000      0.886249      1.200000      1.200000      0.200000      0.400000      0.084211      0.050000      0.056140      0.090476      0.070391     -0.302567      0.200000      0.400000      0.800000      0.200000      0.000000      0.000000      2.200000      2.600000      0.053684      2.240000      0.976034
  1            1461          3008          3068         0.208          6578     2.874e-04     1.219e-01     1.334e-08     1.250e-07     2.033e+00     2.022e-06     1.570e+01      5.200000      4.100000      0.616538      0.543462      2.781987      2.390192      0.812500      0.820000      6.900000      0.691139      3.816013      0.275534      2.587514      2.353435      0.200500      4.987500      1.200000      1.000000      0.200000      0.000000      0.097436      0.000000      0.088055      0.000000     -0.167205      0.000000      0.200000      0.000000      0.400000      0.000000      0.000000      0.000000      1.200000      0.200000      0.009744      0.010000      0.025641      2.200000      2.400000      1.200000      2.000000      0.308421      0.782105      0.235049      0.864166     -0.161744      0.675576      1.200000      2.000000      1.766667      4.040000      0.761111      3.352000      4.600000      5.000000      0.545263      2.660000      0.795014
  2            4246          1973                                               3.177e-04     2.773e-01     2.864e-06     3.875e-07     9.091e+00     3.991e-06     1.623e+01      7.000000      7.200000      0.689231      0.717179      7.434503      6.194792      0.740741      0.800000      9.400000      0.767025      7.270467      0.151976      2.051139      2.261502      0.170750      2.141219      2.200000      3.000000      1.800000      3.000000      0.696581      1.500427      0.955776      2.214660     -0.221751      0.248504      0.600000      1.800000      2.560000      3.300000      1.712000     15.674000      3.800000      3.600000      0.659103      0.833000      0.208760      7.200000      5.400000      9.200000     10.800000      2.261053      2.871579      3.471267      8.087229     -0.484748     -0.302608      7.000000      8.600000      2.905555      3.155009      4.276731      5.911819     12.400000     17.799999      2.566316      4.234000      0.393879
  2            7130          6984                                               5.190e-04     1.492e-01     4.132e-06     1.732e-08     1.336e+01     9.044e-06     1.567e+01      7.300000      7.800000      0.764872      0.781282      4.224551      5.805657      0.839080      0.843243     11.200000      0.852247     10.599798      0.169135      3.119266      3.298810      0.070562     22.310297      1.000000      1.000000      0.000000      0.000000      0.000000      0.000000      0.000000      0.000000      0.000000      0.000000      0.000000      0.000000      0.000000      0.000000      0.000000      0.000000      1.000000      0.000000      0.000000      0.000000      0.000000      9.600000      9.400000     17.200001     16.000000      4.737895      4.289474     15.609496     17.166166     -0.133667     -0.194151     12.400000     11.200000      3.269319      3.267968      5.369618      4.677627     19.000000     32.799999      4.513684     13.574500      0.667488
  1             619           316          1350         0.136          4582     9.864e-04     2.097e-01     4.582e-07     4.242e-08     9.218e+00     3.035e-07     6.279e+00      4.400000      4.600000      0.509103      0.510385      2.135513      2.465385      0.862745      0.821429      5.700000      0.557627      2.400316      0.156284      1.259889      1.353239      0.395687      0.509500      1.000000      1.200000      0.000000      0.200000      0.000000      0.050000      0.000000      0.047561      0.000000     -0.224821      0.000000      0.200000      0.000000      0.200000      0.000000      0.000000      1.200000      0.200000      0.005000      0.005000      0.000000      1.000000      1.000000      0.000000      0.000000      0.000000      0.000000      0.000000      0.000000      0.000000      0.000000      0.000000      0.000000      0.000000      0.000000      0.000000      0.000000      1.000000      0.000000      0.000000      0.000000      0.000000
  1            1618          1291          3233         0.833          7329     8.624e-04     1.414e-01     2.345e-07     6.935e-07     7.415e+00     6.305e-06     1.639e+01      6.000000      5.700000      0.699359      0.699744      4.649936      2.611346      0.833333      0.890625      7.800000      0.762722      4.281994      0.150568      2.417569      2.432190      0.175688      2.754375      2.600000      2.200000      2.000000      1.600000      0.819551      0.710256      0.745646      0.646742      0.642287      0.799833      0.800000      0.400000      7.833333      9.533334      8.227777     13.177778      3.000000      2.400000      0.611923      0.653750      0.063980      2.400000      3.000000      1.400000      2.000000      0.245263      0.498947      0.211501      0.617121     -0.780511     -0.235942      1.400000      2.000000      1.200000      2.750000      0.933333      0.587500      4.800000      4.000000      0.372105      2.200000      0.830861
  2            8425          6822                                               6.647e-04     2.972e-01     1.959e-06     1.324e-08     1.525e+01     4.987e-07     5.143e+00     10.300000      9.800000      0.859872      0.821026     19.842724     29.147932      0.749091      0.715328     15.900000      0.890633     28.602440      0.105547      3.568357      3.457935      0.060438     17.447859      1.400000      1.400000      0.400000      0.400000      0.455769      0.358333      0.247736      0.212254      0.536057      0.299365      0.000000      0.000000      5.400000      4.200000      0.000000      0.000000      1.400000      0.400000      0.162821      0.165000      0.013209      1.400000      2.800000      0.400000      2.400000      0.182895      0.942105      0.208083      1.211431      0.139613      0.162542      0.400000      2.400000      0.900000      3.657143      0.050000      5.355102      3.400000      2.800000      0.450000      0.770000      0.415584
  2            8286          9439                                               5.843e-04     2.297e-01     4.791e-06     1.467e-07     1.952e+01     6.766e-06     1.710e+01     10.400000      9.100000      0.844744      0.829615     12.806330     11.964871      0.796935      0.798246     15.000000      0.891551     16.110487      0.113485      3.632226      3.491327      0.055438     15.332578      2.200000      2.000000      1.200000      0.800000      0.415064      0.169551      0.242871      0.123299      0.385937     -0.205698      0.800000      0.400000      7.666667      2.700000      7.511111      0.050000      2.800000      1.600000      0.233846      0.404500      0.421888      9.000000      9.600000     13.400000     23.799999      3.762105      9.744210      6.001136     70.704247     -0.203998      1.660708      7.000000     17.400000      3.138210      5.458047      5.482146      5.594471     18.600000     33.599998      6.753158     15.600500      0.567119
  2            4938          7617                                               2.734e-04     1.049e-01     5.541e-08     8.783e-07     1.254e+01     2.937e-06     1.448e+01      5.600000      5.800000      0.694744      0.673974      3.036410      2.500256      0.903226      0.920635      8.000000      0.775158      4.253671      0.207194      2.580450      2.607141      0.136312      6.005500      6.400000      7.000000      6.600000      8.600000      1.295641      1.523333      1.725500      1.863834     -0.366958     -0.378511      5.600000      7.600000      5.733333      4.044242     17.244444     13.247788     12.600000     14.200000      1.409487      2.007500      0.297889      4.800000      3.200000      5.800000      2.800000      2.104211      0.547368      4.284016      0.524144      0.763900     -0.359629      5.600000      2.600000      4.864243      2.773333      7.121910      0.364444      7.800000      9.000000      1.325789      2.688000      0.506775
  2             881          2362                                               4.852e-04     1.985e-01     3.197e-06     6.538e-07     2.442e+00     3.960e-06     1.024e+01      3.600000      4.000000      0.452692      0.566410      1.998718      1.381907      0.705882      0.941176      5.600000      0.615601      4.892496      0.292146      1.969814      2.009584      0.281000     12.733141      1.200000      1.600000      0.200000      0.600000      0.048718      0.375641      0.044028      0.224046     -0.167205      0.150678      0.200000      0.600000      0.400000      4.300000      0.000000      0.050000      1.800000      0.800000      0.084872      0.130000      0.347140      2.200000      1.600000      1.200000      1.000000      0.204211      0.525263      0.136842      0.551429     -0.720649      1.082523      1.200000      1.000000      1.600000      5.800000      3.200000      0.000000      3.200000      2.600000      0.364737      1.050000      0.652632
  2            8219          6318                                               7.084e-04     1.187e-01     3.745e-08     6.006e-07     1.961e+01     6.065e-06     6.782e+00      9.400000      9.700000      0.822179      0.836282     12.833782     17.056667      0.758065      0.715867     12.900000      0.861994     19.928497      0.072112      2.765223      2.790072      0.106063     20.431187      4.800000      6.800000      6.200000      7.800000      1.201538      1.702308      1.735736      2.254470     -0.250541      0.094910      4.400000      6.000000      5.057720      6.477156      8.764872     14.417088     10.400000     12.200000      1.451923      1.804000      0.195165      8.000000      5.800000     17.200001      7.000000      3.344211      1.602105     15.070704      2.529691     -1.213085     -0.527739     15.600000      5.400000      2.032452      2.371667      1.945143      2.629774     13.800000     23.600000      2.473158     10.730000      0.769510
  1            1584          1454          6044         0.470          7374     5.536e-04     1.419e-01     3.426e-08     4.571e-07     3.061e-01     7.454e-07     1.567e+01      4.900000      4.900000      0.564615      0.619487      1.489103      2.596346      0.924528      0.830508      6.000000      0.662025      2.546503      0.189355      1.781658      1.589583      0.269750      2.092062      1.600000      2.000000      1.000000      1.000000      0.826923      0.405983      0.750681      0.262943      1.149420      0.087371      0.600000      0.600000      9.800000      2.800000      0.000000      6.100000      2.400000      1.600000      0.369872      0.567000      0.347669      1.400000      1.400000      0.400000      0.400000      0.247368      0.144737      0.152102      0.122431     -0.057398     -0.351188      0.400000      0.400000      0.600000      0.600000      0.800000      0.000000      1.800000      0.800000      0.078421      0.190000      0.587258
  1            7175          1990          3186         0.472          3899     7.583e-04     1.544e-01     6.010e-08     5.215e-07     1.959e+01     7.979e-06     1.821e+01     11.600000     12.100000      0.873462      0.863205     17.886074     28.099215      0.825623      0.689459     15.600000      0.891234     25.269051      0.049557      2.805673      2.597451      0.086438     10.141438      5.000000      4.400000      4.400000      3.800000      0.825385      0.795385      0.796141      0.883180     -0.517533     -0.389663      3.000000      2.400000      4.633333      4.683333     19.267460     15.898611      7.400000      6.800000      0.810385      0.941000      0.138805      7.200000     10.600000      9.200000     12.800000      2.289474      2.758947      3.155762      2.566622     -0.340537     -0.892764      7.600000     11.200000      2.959394      2.639268      3.268271      5.558393     17.200001     20.600000      2.524210      3.491000      0.276938
  2            5729           148                                               7.304e-04     2.064e-01     2.572e-08     2.548e-07     5.169e+00     8.515e-06     2.070e+00     10.000000     10.500000      0.788590      0.827179     12.144022     14.057564      0.766284      0.801527     12.400000      0.816392     13.147480      0.020123      1.945805      1.982628      0.175313      0.839453      2.200000      2.800000      1.400000      2.400000      0.708974      0.765812      0.555970      0.719315      0.243056     -0.352900      0.000000      1.000000      2.433333      2.519048      6.094444     10.067233      3.000000      2.400000      0.442436      0.442750      0.000709      4.800000      6.600000      7.200000      9.000000      1.628421      3.082105      7.008705      7.652030     -0.525451      0.291179      0.800000      2.600000      1.933333      3.687831      1.775057      4.992192      8.600000      9.800000      2.355263      2.694500      0.125900
  1            6312          4757          8575         0.173          9231     6.951e-04     1.639e-01     1.258e-08     5.935e-07     7.410e+00     9.178e-06     1.061e+01      9.400000      8.800000      0.832564      0.810513      7.585112     10.904295      0.854545      0.739496     12.100000      0.849557     10.398509      0.062685      2.562392      2.356435      0.123125      5.019766      6.200000      5.200000      6.200000      6.800000      1.215641      1.342308      2.164903      3.037628     -0.345759     -0.550543      3.400000      4.000000      4.735000      4.281818      9.368875     20.366529      9.800000     10.200000      1.278974      1.518125      0.157530      7.400000     12.200000     21.799999     30.400000      8.373684      9.820000     46.249695     49.999527      1.239413      0.469907     10.600000     19.200001      5.069927      3.106519     11.269317      3.330000     19.600000     41.000000      9.096842     15.383500      0.408662
  1            3791          1988          6851         0.042          8605     6.581e-04     2.013e-01     3.470e-07     3.001e-07     4.787e-01     5.093e-06     1.499e+00      6.900000      6.600000      0.678846      0.684359      6.702933     11.365881      0.762431      0.653465      9.200000      0.719873      9.984043      0.098812      2.070481      2.126251      0.242812      4.202781      2.000000      2.200000      1.200000      1.200000      0.219551      0.239744      0.203489      0.177033     -0.276662     -0.358365      1.200000      1.200000      1.450000      3.300000      0.237500      2.450000      3.200000      2.400000      0.183718      0.205000      0.103815      6.800000      5.800000     11.600000      7.600000      2.207368      1.854737      4.588588      2.987591     -1.003029     -0.555924      8.600000      4.600000      2.217835      2.753333      1.784453      5.989666     12.200000     16.200001      2.031053      3.066500      0.337664
  2             861          2771                                               1.411e-04     2.643e-01     1.145e-08     5.691e-07     1.136e+01     7.904e-06     1.079e+01      2.300000      1.700000      0.222692      0.127564      0.572500      0.384551      0.793103      0.850000      2.600000      0.223133      0.502468      0.352920      0.893877      0.507441      0.730062      0.118500      1.400000      2.000000      0.600000      1.200000      0.147756      0.377564      0.204799      0.302714     -0.129954      0.294605      0.600000      1.200000      1.600000      5.300000      0.000000      4.850000      2.600000      2.000000      0.210128      0.715000      0.706114      3.800000      4.600000      6.200000      4.600000      1.811579      1.164211      5.775611      1.199343      0.057939     -0.133515      5.200000      3.600000      3.400000      3.044445      2.177324      1.672346      8.400000     14.800000      1.487895      8.464000      0.824209
  1            3821           322          7180         0.934          8157     7.844e-04     1.684e-01     9.024e-08     4.915e-07     1.183e+01     7.710e-06     3.598e-01      8.900000      8.700000      0.812692      0.802692      7.780705      9.647948      0.864078      0.763158     10.400000      0.825665      8.829320      0.042168      1.928534      1.816173      0.156813      0.889938      2.000000      1.600000      1.000000      0.600000      0.359402      0.223504      0.247740      0.172785     -0.001062     -0.042246      0.400000      0.000000      3.666667      3.000000      4.444445      0.000000      2.000000      1.000000      0.174872      0.179000      0.023063      8.000000      6.200000     11.000000      7.400000      3.007368      2.550526      4.621159      3.984489     -0.099434      0.674514      6.600000      3.000000      3.333918      4.133577      7.343663      5.404558     12.600000     14.000000      2.778947      3.207000      0.133474
  2            5081          8998                                               5.476e-04     2.842e-01     4.775e-08     3.501e-07     1.700e+01     9.037e-06     1.824e+01      9.500000     11.000000      0.853718      0.843462     17.419744     18.195898      0.683453      0.683230     15.400000      0.899494     22.199081      0.104993      3.508872      3.584001      0.050875     18.235874      3.800000      1.800000      3.000000      1.000000      0.529744      0.298462      0.433660      0.265688     -0.514430      0.178293      2.600000      0.600000      4.040000      4.500000      3.272000     11.250000      4.800000      4.000000      0.414103      0.963250      0.570099      8.200000      8.800000     17.600000     13.200000      5.011579      4.021053     19.902016      7.503269      0.008047      0.230377     15.200000     10.800000      3.600330      3.913139      6.290096      8.568072     17.000000     33.799999      4.516316     17.860500      0.747134
  2            8315          1801                                               3.961e-04     1.202e-01     3.090e-07     3.542e-07     1.117e+00     7.890e-06     1.679e+01      7.700000      7.300000      0.760385      0.749615      8.804487      6.328077      0.827957      0.829545      9.200000      0.775158      7.600823      0.049925      1.853964      1.771989      0.205187      0.514750      5.000000      5.800000      4.600000      6.000000      0.815128      1.104359      1.080670      1.213672     -0.686958     -0.194431      2.200000      3.600000      3.725000      6.123333     10.846875     14.300611      8.600000      8.200000      0.959744      1.227750      0.218291     11.600000     11.800000     50.599998     28.400000     17.575790     10.260000    242.163651     51.294075      0.777109      0.902843     29.400000      7.200000      3.530869      4.559429      5.059825      8.253198     23.400000     57.799999     13.917894     15.964500      0.128197
  2            4948          5072                                               4.954e-04     1.855e-01     7.883e-08     6.702e-07     7.282e+00     2.359e-06     1.347e+01      7.200000      7.600000      0.706795      0.772051      4.632500      8.250577      0.774194      0.737864      9.900000      0.788797      7.209842      0.117318      2.197067      2.340722      0.163062      3.356875      3.400000      3.200000      3.000000      4.600000      0.673718      1.172756      0.825787      3.707120     -0.366175     -0.033883      1.800000      3.400000      3.483333      5.658333      3.131944      1.241319      5.400000      6.400000      0.738590      0.848750      0.129791      4.600000      3.800000      5.600000      4.800000      1.473684      1.520000      1.970682      3.248945     -0.097063      0.421417      4.600000      3.800000      3.555556      3.907143      3.234568      1.271459      8.400000      9.400000      1.496842      3.390000      0.558454
  2            6049          9934                                               4.784e-04     2.662e-01     4.226e-08     5.040e-07     1.796e+01     6.688e-06     1.200e+00      8.200000      8.000000      0.801154      0.815000      7.713782     12.050641      0.788462      0.677966     11.800000      0.858544     11.577009      0.110655      3.000124      2.927697      0.092250      7.188562      7.800000      7.400000      7.400000      9.600000      1.830513      2.389487      1.821449      3.890233      0.161474      0.147196      5.800000      8.000000      6.176484      6.658889     15.003706     27.474882     14.400000     15.600000      2.110000      3.569000      0.408798      5.600000      6.400000      5.600000     10.600000      1.027368      2.930526      0.810905      8.177700     -1.118379      0.028121      4.400000      9.400000      2.142857      3.161616      3.549388      2.738374     12.000000     18.200001      1.978947      8.066000      0.754656
  2            2526          7620                                               8.710e-04     1.410e-01     1.266e-07     8.234e-07     1.844e+00     9.880e-06     9.829e+00      9.000000      8.600000      0.836026      0.828205     11.104679     17.368654      0.800000      0.704918     13.300000      0.882911     18.846424      0.107955      3.394149      3.400818      0.067562     18.920376      2.400000      2.600000      1.600000      2.000000      0.295128      0.483846      0.233216      0.595228     -0.269359     -0.100298      1.600000      2.000000      3.666667      5.600000      3.288889     12.400000      4.400000      4.600000      0.389487      1.620000      0.759576      4.800000      4.000000      6.000000      3.600000      1.980000      0.604211      2.053194      0.681448      0.375694     -0.878345      5.800000      3.400000      3.944444      2.027273      3.145248      0.332645      8.800000     14.800000      1.292105      8.578500      0.849379
  1            7478          1375          6379         0.261          9842     8.888e-04     2.104e-01     9.821e-08     1.000e-07     1.919e+01     1.699e-07     1.847e+01     14.100000     14.600000      0.903333      0.906538     32.779278     29.533943      0.715736      0.688679     20.200001      0.918576     33.612980      0.028910      3.029947      3.104173      0.068125     11.260485      2.200000      2.800000      1.200000      2.000000      0.313077      0.278462      0.209804      0.226886      0.140445     -0.714912      0.600000      1.400000      4.100000      2.250000      9.450000     10.137500      3.400000      2.600000      0.295769      0.303500      0.025472      1.400000      1.200000      0.400000      0.200000      0.100000      0.050000      0.090476      0.045238     -0.465756     -0.232878      0.400000      0.200000      0.400000      0.200000      0.000000      0.000000      1.600000      0.600000      0.030000      0.030000      0.000000
  1             646          5377          5709         0.538          7297     4.955e-04     1.151e-01     1.431e-07     3.469e-07     3.786e+00     8.347e-06     1.393e+01      3.500000      3.900000      0.476154      0.552564      1.279038      3.012756      0.760870      0.795918      6.500000      0.681835      8.485791      0.391401      3.322120      3.260452      0.154875     25.149876      1.200000      1.000000      0.200000      0.000000      0.025000      0.000000      0.023780      0.000000     -0.224821      0.000000      0.200000      0.000000      0.200000      0.000000      0.000000      0.000000      1.400000      0.400000      0.005000      0.205000      0.975610      3.200000      3.400000      2.200000      3.400000      0.620000      1.180000      0.383163      2.087914     -0.185063      0.254459      2.200000      3.400000      3.133333      3.400000      4.477778      6.288889      6.600000     13.200000      0.900000      9.780000      0.907975
  2            8540          5477                                               4.516e-04     1.381e-01     1.475e-07     1.054e-07     4.528e-01     1.913e-06     1.085e+01      8.900000     10.700000      0.808077      0.824744     29.521267     33.937851      0.661710      0.722973     13.200000      0.839525     33.451981      0.052990      2.196587      2.459871      0.137938      8.390047      2.600000      2.200000      2.000000      1.200000      0.417436      0.192821      0.587737      0.211102     -0.221598     -0.510915      1.600000      0.800000      4.860000      2.400000      3.522000      1.700000      3.600000      2.800000      0.305128      0.625500      0.512185      5.200000      4.800000      5.000000      4.200000      1.395790      1.104210      1.327619      0.879404      0.073034     -0.076890      4.400000      3.600000      3.785714      3.111905      2.584694      2.701672     10.000000     14.200000      1.250000      7.482000      0.832932
  1            6594          2421          3536         0.288          3632     1.272e-04     1.129e-01     7.280e-07     2.204e-07     1.806e+01     3.255e-06     1.151e+01      5.100000      4.700000      0.633205      0.611667      2.880128      1.383814      0.850000      0.886792      6.500000      0.662120      2.519454      0.112121      1.622287      1.566677      0.299188      1.637156      3.800000      3.400000      3.800000      3.600000      0.955128      1.726923      1.062324      3.950925     -0.078643      1.052632      1.800000      1.600000      4.755556      6.340000     11.227160     20.250000      5.600000      5.400000      1.072821      1.383125      0.224350      3.200000      4.400000      3.400000      4.200000      1.258947      1.176842      2.457043      1.202929      0.702502      0.133947      3.400000      4.200000      5.416667      3.800000      3.248611      3.155555      6.600000      7.600000      1.217895      2.220000      0.451399
  2            6613           552                                               4.714e-04     1.809e-01     1.276e-08     7.280e-07     1.168e+01     9.530e-06     5.981e+00      6.700000      6.800000      0.667308      0.692051      5.791026      5.257500      0.807229      0.790698      8.400000      0.693513      5.855079      0.038655      1.562246      1.624533      0.293000      1.582937      3.800000      4.000000      3.200000      3.200000      0.747692      0.609231      0.801257      0.723935     -0.245541     -0.470484      1.400000      1.400000      5.121428      3.550000     19.554848     16.050833      5.400000      4.600000      0.678462      0.678750      0.000425     10.000000     12.600000     22.200001     28.600000      8.341053     10.007368     38.765289     35.189278      1.166662      0.851742      3.200000      9.600000      4.798309      3.990166      6.484198      6.024358     20.600000     31.799999      9.174211      9.223000      0.005290
  1            5227          2418          2668         0.144          5241     6.913e-04     2.126e-01     2.057e-07     3.249e-08     1.159e+01     6.170e-06     1.093e+01      9.800000      9.400000      0.838846      0.821667     24.390753     12.895641      0.666667      0.659649     13.200000      0.862057     20.759853      0.069656      2.648107      2.573203      0.106937      9.292953      1.600000      1.200000      0.600000      0.200000      1.085897      0.492308      0.923293      0.250262      0.235261      0.312409      0.400000      0.000000      2.333333      3.200000      9.644444      0.000000      1.600000      0.600000      0.157821      0.187000      0.156040      5.800000      5.800000     10.200000      8.800000      3.647368      3.311579     13.211679      7.058279      0.576145      1.015468      7.200000      5.800000      4.304444      4.820595      5.313134      4.912344     11.200000     16.000000      3.479474      5.264000      0.339006
  2            1884          3427                                               6.313e-04     2.393e-01     3.641e-07     5.504e-07     5.700e+00     5.906e-06     1.160e+01      5.000000      5.400000      0.584231      0.668333      3.195946      3.284295      0.757576      0.782609      7.700000      0.741108      4.396752      0.264723      2.666381      2.810109      0.146938      4.730703      2.200000      2.200000      1.200000      1.200000      0.228718      0.337436      0.148813      0.304962     -0.227368      0.103797      1.200000      1.200000      6.300000      2.900000      0.450000     11.450000      3.400000      2.400000      0.283077      0.620000      0.543424      4.800000      4.400000      5.800000      4.800000      2.165263      1.580000      3.791696      2.612392      0.989263      0.256806      4.800000      3.800000      6.071111      3.857143      9.873976      5.210612      9.000000     12.000000      1.872632      5.759500      0.674862
  2            6038          3441                                               6.362e-04     2.876e-01     6.645e-08     6.834e-08     6.770e+00     6.762e-07     1.410e+01      9.100000      9.500000      0.827308      0.834359      8.924214     11.578910      0.831050      0.766129     12.700000      0.870190     14.593144      0.085890      2.698478      2.805187      0.091438     17.661829      2.000000      1.800000      1.000000      0.800000      0.130256      0.203333      0.106536      0.123169     -0.556129      0.092643      0.600000      0.400000      2.200000      6.200000      0.800000      0.000000      2.400000      1.400000      0.166795      0.201750      0.173260      1.400000      1.200000      0.400000      0.200000      0.521053      0.197368      0.250877      0.120092      0.612532      0.144523      0.400000      0.200000      3.600000      1.000000      0.000000      0.000000      1.600000      0.600000      0.143684      0.230000      0.375286
  1            6507          3785          4239         0.056          9683     2.516e-04     1.431e-01     6.155e-07     5.970e-08     1.646e+01     3.579e-06     1.227e+01      6.900000      7.700000      0.752051      0.748846      6.693590     10.283254      0.797688      0.726415     10.400000      0.802753     11.594347      0.119750      2.725548      2.473594      0.146250     12.692828      1.000000      1.400000      0.000000      0.400000      0.000000      0.096154      0.000000      0.084887      0.000000     -0.337525      0.000000      0.400000      0.000000      0.800000      0.000000      0.000000      1.400000      0.400000      0.019231      0.020000      0.038462      5.600000      6.200000      9.800000      6.800000      3.782105      2.133684     11.431506      2.620813      1.205619      0.378308      8.800000      5.800000      6.039440      4.501667      8.699001      8.946097     11.400000     15.600000      2.957895      4.805500      0.384477
  1            6021          5037          6825         0.481          7692     5.892e-04     2.986e-01     8.722e-06     9.933e-07     1.843e+01     6.337e-06     1.883e+01     12.400000     12.000000      0.888077      0.860769     20.378029     13.606891      0.763077      0.738462     17.799999      0.906424     21.315454      0.066721      3.287533      3.314637      0.062375     17.925453      4.200000      2.800000      3.600000      2.400000      0.825128      0.563333      0.689345      0.624696      0.258563     -0.080300      3.000000      1.800000      8.455000      5.571429     35.419876     10.881633      5.800000      5.400000      0.694231      1.195500      0.419297      6.800000      5.800000      9.000000      6.800000      2.940000      1.525263      4.990871      1.553099      0.647417     -0.928071      7.400000      5.200000      4.056061      1.848529      4.988832      1.444597     12.200000     16.000000      2.232632      6.103000      0.634175
  1            5806          3991          5725         0.567          8372     6.431e-04     1.220e-01     2.966e-07     4.933e-07     5.732e+00     7.954e-06     3.756e+00      9.400000     10.600000      0.835641      0.853077     13.528445     11.680833      0.731517      0.779412     14.400000      0.886867     18.761467      0.090384      3.152480      3.405810      0.071687     24.949703      5.800000      4.800000      6.400000      5.400000      1.953526      1.605449      3.505938      2.205718      0.023518      0.019484      3.800000      2.800000      5.266667      5.175757     25.516666     21.745546      8.600000      9.200000      1.423590      2.135750      0.333447      6.000000      6.800000     14.200000     12.600000      4.089474      2.180000     21.264256      9.159292      0.105826     -1.096029     10.400000      8.800000      3.321322      1.368254      1.771499      2.496715     12.600000     23.000000      3.134737      5.505500      0.430617
  2            4407          3214                                               7.073e-04     1.784e-01     1.474e-08     4.211e-07     1.662e+01     3.860e-06     1.477e+01      9.700000      9.200000      0.769359      0.825000     16.650961     10.699423      0.746154      0.786325     13.100000      0.833829     16.043007      0.083553      2.730599      2.769420      0.130437     10.036625      3.400000      3.600000      3.400000      3.400000      0.651795      0.795897      0.967456      0.925819     -0.474849      0.085948      2.200000      2.200000      3.045455      6.500000      4.513912     11.633333      5.600000      5.600000      0.723846      0.938750      0.228926      4.400000      5.600000      5.600000     11.200000      1.638947      2.898947      2.806188      9.666032      0.178894     -0.159407      4.800000     10.400000      4.738636      3.063283      7.402763      1.603848     10.000000     19.000000      2.268947      9.150000      0.752028
  2             190          1244                                               4.692e-04     1.068e-01     3.174e-08     8.477e-07     2.383e+00     5.554e-06     1.556e+01      2.100000      1.900000      0.180769      0.145256      0.298590      0.103333      0.954545      0.950000      2.800000      0.338734      0.473196      0.679735      1.629630      1.365154      0.489938      1.085375      1.200000      1.600000      0.200000      0.600000      0.012500      0.176282      0.011890      0.104983     -0.224821     -0.000202      0.200000      0.600000      0.200000      4.800000      0.000000      0.000000      1.800000      0.800000      0.075513      0.315000      0.760277      1.200000      1.600000      0.200000      0.600000      0.025000      0.264474      0.022619      0.148058     -0.232878      0.271825      0.200000      0.600000      0.200000      3.000000      0.000000      0.000000      2.200000      1.400000      0.115789      0.820000      0.858793
  1            3162          3765          5864         0.953          6997     4.580e-04     2.467e-01     1.582e-06     8.038e-07     5.062e+00     7.795e-07     1.484e+01      6.600000      6.100000      0.672179      0.653718      5.276474      5.470705      0.776471      0.777070      9.100000      0.729051      6.252057      0.163765      2.184959      2.229393      0.206500      3.738625      5.600000      3.000000      5.600000      2.200000      1.458974      0.376667      1.847343      0.326855      0.066815     -0.418062      4.800000      1.400000      5.880000      3.916667     14.212121      1.481944      7.600000      7.000000      0.917821      1.415875      0.351764      1.400000      2.000000      0.600000      1.000000      0.442105      0.354386      0.413255      0.228516      0.471752     -0.214592      0.600000      1.000000      2.400000      1.033333      0.000000      0.494444      2.400000      1.600000      0.238947      0.300000      0.203509
  2            4996          7549                                               9.336e-04     2.024e-01     3.511e-06     5.817e-08     5.227e+00     8.768e-06     1.867e+01      9.200000     10.200000      0.833846      0.842436     26.087692     14.635352      0.684015      0.868085     14.200000      0.881424     26.943394      0.092463      3.057661      3.254080      0.076375     27.016468      1.400000      1.600000      0.400000      0.600000      0.132051      0.240064      0.083394      0.134976      0.070458      0.309679      0.200000      0.400000      2.800000      5.800000      0.000000      0.000000      1.800000      0.800000      0.148846      0.212000      0.297895      6.600000      6.200000     13.800000     11.000000      4.845263      3.472632     18.955473      9.329885      0.566828      0.498923     10.600000      7.800000      3.569608      4.853333      2.462048     11.981334     12.800000     24.200001      4.158947     11.052500      0.623710
  1            4870          3769          4329         0.386          7596     7.023e-04     2.835e-01     1.420e-08     1.516e-07     7.385e+00     5.842e-06     9.107e+00      8.000000      8.300000      0.785000      0.814103      8.182564     10.504487      0.727273      0.741071     11.700000      0.857816     10.579209      0.125828      2.813764      2.983263      0.085375      5.348125      2.600000      2.600000      1.800000      1.800000      0.651282      0.732372      0.512532      0.587538      0.302415      0.681238      1.000000      1.000000      4.666667      8.466666     14.711111      6.144444      3.600000      2.800000      0.553462      0.694250      0.202792      4.800000      6.200000     11.800000      6.400000      4.155789      1.987368     32.166584      2.572810      0.837694      0.193880     10.400000      5.000000      4.489191      4.089827      1.727606      9.614273     10.600000     17.400000      3.071579      8.628000      0.643999
  1            6128          3642          5906         0.247          8850     9.644e-04     2.435e-01     1.170e-06     1.487e-07     1.167e+01     6.958e-06     1.292e+00     12.500000     11.600000      0.882436      0.859615     30.124264     23.210802      0.730994      0.713846     17.200001      0.897627     30.204819      0.056357      3.316811      3.128488      0.076438     15.305656      2.800000      3.800000      1.800000      3.000000      0.563462      1.116987      0.469068      1.309607      0.319136      0.517073      1.000000      2.200000      5.900000      6.400000     10.850000     19.958334      5.000000      4.000000      0.672179      1.132750      0.406595      7.800000      7.600000     16.400000     22.799999      5.784211      6.083158     19.620602     64.848061      0.922562     -0.218836     10.000000     16.400000      4.516774      2.820045      6.802052      1.589804     15.400000     32.799999      5.933684      9.087000      0.347014
  2            8728          5980                                               9.005e-04     1.399e-01     4.460e-08     7.269e-07     1.526e+01     8.713e-06     7.794e-01     13.300000     11.600000      0.897179      0.885513     33.585835     20.169294      0.692708      0.720497     17.799999      0.915127     31.954430      0.050227      3.374078      3.133551      0.061687     21.397499     10.000000      9.800000     11.800000     11.600000      2.787179      2.363846      4.155689      4.004570     -0.222759     -0.358069      7.800000      7.600000      5.494733      4.951795     26.117409     20.329620     18.799999     19.400000      2.575513      3.183000      0.190854     10.200000      8.400000     29.200001     27.200001     11.444210     11.414737     87.351578     76.373421      1.313407      1.705533     13.400000     11.400000      5.068302      5.742367     14.960423     14.367029     18.400000     40.599998     11.429474     15.020000      0.239050
  2            6127          3701                                               5.541e-04     1.012e-01     8.324e-07     2.653e-07     1.176e+01     4.273e-06     1.197e+01      8.100000      7.500000      0.756538      0.768974      5.240304      6.462100      0.890110      0.852273     10.500000      0.797690      6.998829      0.083258      2.280710      2.177131      0.168250      4.825687      4.200000      4.600000      3.800000      4.400000      1.080256      1.193590      1.187553      1.643129      0.514200      0.115785      1.800000      2.400000      6.545238      5.828571     12.946911     10.467347      7.000000      6.200000      1.136923      1.341375      0.152420      6.800000      5.000000      7.600000      8.600000      1.814737      1.976842      1.835934      6.973924     -0.427762     -0.655784      6.600000      7.600000      3.030000      2.477619      4.205500      1.738543     11.600000     16.200001      1.895790      5.569500      0.659612
  1            7687          4610          4829         0.789          9663     7.017e-04     1.717e-01     1.396e-06     8.062e-07     1.721e+01     9.607e-06     8.883e+00      9.000000      9.000000      0.840513      0.814744      8.219615      8.691090      0.865385      0.789474     12.000000      0.871709     10.231314      0.095535      2.783826      2.669389      0.085313      7.437812      6.800000      6.400000      7.400000      7.800000      1.568974      2.125897      1.781840      3.386280     -0.126592      0.375458      4.200000      4.600000      5.079487      7.234286     21.977810     25.247347     11.800000     12.000000      1.847436      2.293875      0.194622      8.800000      8.000000     17.799999     10.400000      4.728421      3.253684     14.367129      5.647758     -0.215668      0.170923     13.600000      6.200000      2.554510      3.613333      4.064385      3.697778     16.799999     32.400002      3.991053     18.656500      0.786077
  1            1466          1368          6875         0.002          9268     1.891e-04     1.724e-01     4.217e-06     1.424e-07     2.444e+00     4.794e-06     5.895e+00      2.700000      2.900000      0.369615      0.342949      0.483205      0.681971      0.900000      0.828571      3.800000      0.416076      0.743192      0.247902      1.070285      0.913677      0.525625      0.663516      1.000000      1.000000      0.000000      0.000000      0.000000      0.000000      0.000000      0.000000      0.000000      0.000000      0.000000      0.000000      0.000000      0.000000      0.000000      0.000000      1.000000      0.000000      0.000000      0.000000      0.000000      2.400000      2.800000      1.600000      1.800000      0.425263      0.371579      0.298758      0.315472      0.081878     -0.488130      1.600000      1.800000      3.666667      1.300000      0.044444      2.175000      4.800000      4.200000      0.398421      2.020000      0.802762
  1             854          1345          6738         0.529          9347     2.739e-04     2.554e-01     2.218e-08     2.504e-07     9.334e+00     3.345e-06     3.452e+00      3.600000      3.400000      0.471538      0.376538      1.922564      1.175321      0.705882      0.772727      4.600000      0.545886      1.800522      0.361394      1.979101      1.881179      0.335312      1.071187      1.000000      1.200000      0.000000      0.200000      0.000000      0.097436      0.000000      0.088055      0.000000     -0.167205      0.000000      0.200000      0.000000      0.400000      0.000000      0.000000      1.200000      0.200000      0.009744      0.010000      0.025641      2.000000      2.600000      1.200000      2.000000      0.503947      0.797368      0.412148      0.834935      0.323432      0.218224      1.000000      1.800000      2.666667      2.733333      0.577778      2.477778      4.200000      3.400000      0.520526      1.440000      0.638523
  2            7835           645                                               5.386e-04     2.960e-01     2.046e-06     7.739e-07     1.466e+01     8.473e-06     1.949e+01      9.600000      9.600000      0.778333      0.795897     13.806410     15.421170      0.711111      0.650847     12.900000      0.802247     14.611911      0.036510      2.080678      2.206484      0.183000      0.723266      7.200000      6.000000      8.200000      7.400000      1.992564      1.980513      2.514438      2.870967      0.144874      0.365671      2.200000      1.400000      6.568407      6.947771     26.705854     22.674845      8.600000      9.600000      1.986538      2.029000      0.020927      6.800000      5.600000     13.400000     11.600000      4.342105      3.517895     16.839872     17.952593      0.279996      0.183186      4.800000      3.000000      3.642570      3.450606      3.785977      3.227307     10.800000     16.400000      3.930000      3.902500     -0.007047
  2            1258          2662                                               5.676e-04     2.500e-01     1.318e-07     1.931e-07     1.737e+01     9.495e-06     8.001e+00      5.400000      4.900000      0.598333      0.503974      7.975064      4.571410      0.670807      0.653333      8.300000      0.679873     13.118497      0.314883      2.930209      2.815463      0.194625     27.352438      1.000000      1.400000      0.000000      0.400000      0.000000      0.307692      0.000000      0.198124      0.000000      0.176347      0.000000      0.400000      0.000000      3.200000      0.000000      0.000000      1.400000      0.400000      0.061538      0.080000      0.230769      5.600000      4.400000      5.400000      7.400000      1.347368      2.125263      1.078441      5.239070     -0.132289      0.078890      4.600000      6.600000      2.640000      2.896825      1.740889      3.758944     10.000000     18.600000      1.736316     11.775000      0.852542
  1            4451          1816          3552         0.310          6146     1.237e-04     2.241e-01     2.022e-08     1.169e-07     3.681e+00     5.738e-06     1.641e+01      4.100000      4.100000      0.545897      0.594359      1.661218      1.270897      0.803922      0.773585      5.200000      0.609335      1.623370      0.118049      1.241014      1.378355      0.352437      0.694687      2.000000      2.000000      1.000000      1.200000      0.417949      0.773077      0.277256      0.584869      0.124451      0.729778      0.200000      0.400000      4.200000      7.500000      8.100000     21.650000      2.400000      1.400000      0.357308      0.474000      0.246186      7.400000      7.400000     10.800000      8.200000      3.511579      1.406316      6.206082      1.732966      0.473936     -1.319764      9.000000      6.400000      4.325714      1.941818      6.451773      3.161553     14.600000     17.200001      2.458947      4.080500      0.397391
  1            5922           447          5765         0.254          9122     8.216e-04     2.807e-01     7.269e-06     6.182e-07     9.832e+00     2.395e-06     8.417e-01     11.900000     11.700000      0.860256      0.848718     26.644648     34.159985      0.666667      0.603093     15.700000      0.860443     30.812828      0.013291      2.311380      2.298124      0.133750      3.141641      4.000000      4.800000      4.400000      4.800000      0.917436      1.024872      1.266261      1.264050     -0.312297     -0.127169      1.200000      1.600000      3.793939      5.877273     12.221028      9.454993      5.800000      6.000000      0.971154      0.983750      0.012804      5.800000      3.800000      5.200000      3.000000      1.202105      0.888421      1.066566      0.674921     -0.417619      0.197035      3.200000      1.000000      2.794286      3.800000      3.184123      1.575000      6.800000      6.200000      1.045263      1.079000      0.031267
  2            4915          2421                                               6.462e-04     2.281e-01     7.119e-06     7.086e-07     1.960e+01     3.301e-06     9.511e+00      9.300000      9.300000      0.817692      0.834872     11.825753     23.553942      0.762295      0.607843     13.900000      0.872437     20.671618      0.099107      3.245249      3.094450      0.082562     12.662484      5.200000      4.000000      5.600000      4.600000      1.364359      1.478205      1.866370      2.856233     -0.134547      0.480229      3.200000      2.200000      4.300000      7.497778     11.658334     13.909975      7.400000      7.800000      1.421282      1.664750      0.146249      4.600000      4.600000      5.400000      5.600000      1.828421      1.438947      3.003971      4.277443      0.595141     -0.315253      3.600000      3.800000      5.150000      2.984444      9.590834      1.531975      8.000000      9.200000      1.633684      2.288000      0.285977
  2            3482          1558                                               5.495e-04     2.902e-01     8.807e-08     3.029e-07     4.922e+00     9.761e-06     1.954e+01      7.700000      8.300000      0.718590      0.789231     14.273894     24.026218      0.603922      0.656126     10.900000      0.797215     22.655439      0.102704      2.319636      2.744337      0.160563     14.803765      3.600000      3.400000      3.000000      3.000000      0.974359      0.661026      0.883119      0.569817      0.785232     -0.090279      1.800000      1.800000      9.216666      6.050000     15.965278     10.326389      5.200000      4.800000      0.817692      1.065250      0.232394      6.800000      6.000000      8.800000      7.800000      2.689474      2.048421      4.124595      2.738591      0.370911     -0.439916      7.600000      6.600000      3.859774      2.775556      2.948335      4.482198     12.600000     16.600000      2.368947      4.979500      0.524260
  1            4654            56          5370         0.830          9746     6.821e-04     1.970e-01     8.096e-08     4.120e-08     1.355e+01     6.150e-07     3.284e+00      7.300000      8.100000      0.791795      0.808333      5.676538      7.014295      0.869048      0.826531      8.900000      0.799747      6.380807     -0.000539      1.463939      1.538096      0.200563      0.457063      1.400000      1.200000      0.400000      0.200000      0.050000      0.025000      0.047561      0.023780     -0.449643     -0.224821      0.200000      0.000000      0.400000      0.200000      0.000000      0.000000      1.400000      0.400000      0.015000      0.014750     -0.016949      1.800000      1.400000      0.800000      0.400000      0.521053      0.386842      0.411278      0.214996     -0.171921      0.174637      0.400000      0.000000      1.066667      1.100000      1.644444      1.250000      1.800000      0.800000      0.181579      0.182000      0.002313
  2              27           925                                               5.224e-04     1.369e-01     9.105e-08     4.942e-07     1.811e+01     1.148e-06     3.908e+00      1.200000      1.200000      0.034615      0.043462      0.017308      0.021731      1.000000      1.000000      1.700000      0.182563      0.274826      0.877601      1.101614      1.063684      0.677500      1.009437      1.000000      1.000000      0.000000      0.000000      0.000000      0.000000      0.000000      0.000000      0.000000      0.000000      0.000000      0.000000      0.000000      0.000000      0.000000      0.000000      1.200000      0.200000      0.000000      0.200000      1.000000      1.000000      1.000000      0.000000      0.000000      0.000000      0.000000      0.000000      0.000000      0.000000      0.000000      0.000000      0.000000      0.000000      0.000000      0.000000      0.000000      1.000000      0.000000      0.000000      0.000000      0.000000
  2            6977          2990                                               4.769e-04     1.091e-01     3.373e-06     8.410e-07     8.559e+00     8.394e-06     1.034e+01      8.800000      8.400000      0.775128      0.766026     10.998302      9.122916      0.818605      0.898396     11.400000      0.817468     11.009960      0.107195      2.475475      2.513302      0.136812      4.252969      4.600000      4.400000      4.000000      5.200000      0.904103      1.493846      1.183313      2.455364     -0.173551      0.193434      2.600000      3.800000      4.391667      5.900000     20.720486     31.188776      7.400000      7.800000      1.198974      1.573000      0.237779      8.400000     11.400000     23.200001     26.600000     10.045263     10.164210     69.821548     51.704338      2.100973      1.383073      8.400000     11.800000      6.685734      4.863076      9.423842      6.729601     19.799999     35.000000     10.104737     12.082500      0.163688
  2            6787          7023                                               5.881e-04     2.132e-01     8.465e-06     7.762e-07     9.055e+00     3.798e-06     1.620e+01     10.600000      9.400000      0.843718      0.819872     12.894855     11.018750      0.794007      0.783333     15.000000      0.884525     13.217124      0.111923      3.495303      3.345769      0.064062      5.576109      5.600000      6.200000      5.400000      5.400000      1.164872      1.120769      1.001348      0.839322     -0.200351     -0.217780      4.000000      4.000000      5.292857      4.545455     23.136889     23.635124     10.600000      9.400000      1.142820      1.791000      0.361909      6.400000      4.400000      6.800000      4.600000      2.108421      1.683158      2.708410      1.649507      0.208247      0.769290      6.200000      4.000000      3.002309      3.705000      3.449489      3.238208     10.800000     17.400000      1.895790     10.275500      0.815504
  1            6596          3083          4542         0.509          9235     8.412e-04     1.884e-01     3.696e-06     4.470e-07     5.257e-01     7.939e-06     1.649e+01     12.200000     11.600000      0.882308      0.867308     19.880913     28.636602      0.767296      0.639118     17.100000      0.898070     25.127172      0.049688      3.106452      2.957700      0.079250      4.643172      6.400000      5.200000      7.200000      5.200000      1.306923      1.340513      1.888042      2.030944     -0.557581      0.057279      4.800000      2.800000      5.046349      5.477778     13.710402     16.825308     10.200000     10.000000      1.323718      1.554375      0.148392      7.400000      9.200000     10.800000     12.800000      3.531579      3.392632     11.106806      5.852426      0.207502     -0.330357      7.400000      9.400000      4.019629      3.100440      7.761885      4.003238     16.600000     22.200001      3.462105      7.356500      0.529381
  2            7624          7917                                               7.929e-04     1.372e-01     1.174e-08     4.752e-07     1.200e+01     7.572e-06     1.581e+01      9.700000     10.400000      0.838333      0.816667     15.374920     13.226795      0.695341      0.727273     13.500000      0.857627     15.948889      0.067006      2.681194      2.581588      0.113000      7.224766      3.800000      3.800000      2.800000      3.200000      0.591795      0.582821      0.369438      0.489215      0.055740     -0.351538      2.600000      3.000000      6.950000      4.173333      7.051786     17.911112      6.400000      5.800000      0.587308      1.165000      0.495873      8.200000      9.800000     11.200000     21.000000      2.349474      6.597895      4.599666     24.415939     -0.948491      0.449343      6.400000     16.200001      2.329093      3.903636      3.536811      6.704282     18.000000     29.600000      4.473684     12.209000      0.633575
  1            8298           569          1925         0.283          4570     9.049e-04     1.729e-01     2.681e-06     2.960e-07     4.604e+00     8.060e-06     1.282e+00     13.000000     11.800000      0.895000      0.863205     26.765961     16.348639      0.795107      0.749206     16.000000      0.889652     22.359941      0.023178      2.562497      2.332952      0.100062      4.248297      6.000000      4.600000      5.000000      3.400000      1.017179      0.758718      0.898755      0.532735     -0.223770     -0.103981      3.000000      1.400000      5.926190      4.783333     24.360855     22.865278      7.600000      6.400000      0.887949      0.916250      0.030888      9.200000      8.600000     24.600000     26.600000     10.140000     10.352632     71.637108     74.966637      1.797606      1.493353      3.400000      5.400000      5.247549      5.050251      8.010242      7.970157     15.200000     30.000000     10.246316     10.009000     -0.023710
  2            7654          1892                                               1.034e-04     2.520e-01     7.563e-07     8.246e-07     1.389e+00     6.027e-06     1.115e+01      6.300000      5.900000      0.697564      0.675641      3.470128      3.777372      0.887324      0.836879      7.800000      0.732880      4.119953      0.117761      1.824816      1.737119      0.222000      2.141187      6.400000      5.800000      6.000000      7.600000      1.688718      1.564615      2.142777      3.017066      0.415546     -0.452788      2.600000      4.200000      6.950000      4.839773     20.670834     11.669086      9.600000     10.200000      1.626667      1.701625      0.044051      8.400000      8.000000     14.400000     13.400000      2.856842      4.285263      6.870844     15.376057     -0.941392      0.375217      7.200000      6.200000      2.486026      3.758438      6.687165      5.287838     15.400000     20.600000      3.571053      6.364000      0.438867
  1            6343          3758          6698         0.802          7451     9.716e-04     1.437e-01     1.729e-07     8.581e-07     5.472e+00     2.909e-06     9.448e+00     11.000000     10.800000      0.869103      0.844103     26.465513     22.904215      0.694006      0.757895     15.400000      0.883829     29.478304      0.059020      3.082981      2.878705      0.089625     20.168327      4.800000      4.600000      5.800000      4.600000      1.325128      1.279487      2.080743      1.243466      0.107608      0.558237      3.400000      2.200000      6.680000      8.668333     23.217293     32.395653      7.200000      8.000000      1.302308      1.864250      0.301431      4.800000      5.000000      4.800000      4.200000      1.398947      1.221053      1.931701      0.927664      0.229911      0.113506      4.400000      3.800000      3.267857      3.184762      3.092453      5.772172      9.800000     13.200000      1.310000      7.084000      0.815076
  2            8404          2985                                               7.651e-04     1.432e-01     1.727e-07     6.956e-07     1.740e+01     1.655e-07     2.838e+00     10.100000     10.300000      0.819231      0.856667     11.820128     14.447757      0.756554      0.834008     13.300000      0.873418     15.060237      0.076484      2.531075      2.633822      0.092000      8.265562      4.800000      5.600000      5.200000      6.800000      1.208974      1.911026      3.378175      5.133016     -0.156020      0.364979      2.000000      3.600000      5.259091      6.081905     15.909814     23.861696      8.600000      8.800000      1.560000      1.726750      0.096569      1.200000      1.000000      0.200000      0.000000      0.100000      0.000000      0.090476      0.000000     -0.232878      0.000000      0.200000      0.000000      0.200000      0.000000      0.000000      0.000000      1.200000      0.200000      0.010000      0.010000      0.000000
  2            2409          3126                                               5.690e-04     1.633e-01     2.215e-06     6.670e-07     1.234e+01     5.312e-06     9.958e+00      6.700000      6.500000      0.666538      0.705641      6.555224      5.558830      0.783626      0.884354      9.900000      0.754177      7.182662      0.164405      2.598607      2.598177      0.179438      4.749109      3.400000      3.000000      2.400000      2.200000      0.389744      0.626154      0.321910      0.961416     -0.647776      0.267443      2.200000      2.000000      3.673333      5.250000     13.886444      5.920833      5.200000      4.400000      0.507949      1.024000      0.503956      3.800000      2.600000      4.000000      3.000000      1.571579      1.000000      3.635049      1.374926      0.794325      0.463753      3.600000      2.600000      3.866667      4.060000      5.290598      1.222000      5.800000      7.000000      1.285789      2.431000      0.471086
  1            1481           740          3406         0.912          3549     4.390e-04     1.165e-01     3.252e-08     7.584e-07     4.723e+00     3.651e-06     1.530e+01      4.600000      4.400000      0.528077      0.583718      2.139102      1.236667      0.836364      0.977778      5.700000      0.604715      1.695665      0.147870      1.446030      1.628414      0.347688      0.115125      3.000000      2.200000      3.000000      2.000000      0.863846      0.526667      1.167939      0.662577      0.651825      0.160123      1.600000      0.600000      9.228572      4.957143     10.014966      7.919388      3.800000      3.600000      0.695256      1.215250      0.427890      3.000000      3.800000      2.200000      5.000000      0.431579      1.489474      0.325714      3.245174     -0.679232      0.122411      1.800000      4.600000      2.400000      3.325000      2.800000      1.456875      6.400000      7.200000      0.960526      2.416000      0.602431
  2            3042          9217                                               8.810e-04     1.344e-01     8.631e-08     9.551e-07     7.684e+00     5.655e-06     2.121e+00      8.300000      7.900000      0.785385      0.752180     13.463141     12.050321      0.674797      0.699115     13.200000      0.855981     23.068132      0.182840      4.027686      3.879536      0.059000     41.367874      3.800000      3.800000      4.800000      3.400000      1.524615      0.924359      3.253370      0.904503      0.637048      0.348564      4.200000      2.800000      8.103030      6.533333     17.498440     32.136112      7.200000      8.000000      1.224487      2.790500      0.561194      6.600000      5.200000      8.200000      4.400000      2.380000      1.448421      2.297527      1.410693      0.133642      0.500199      7.400000      3.600000      3.623030      4.200000      4.687853      3.737778     11.800000     19.600000      1.914211     11.559000      0.834397
  2            3137          2268                                               2.684e-04     1.668e-01     2.315e-06     8.192e-07     2.241e+00     1.224e-06     1.731e+01      3.600000      3.800000      0.521538      0.479359      1.187051      2.293910      0.878049      0.873563      4.700000      0.573956      1.749066      0.224334      1.464690      1.392457      0.354375      0.120937      2.800000      3.600000      2.000000      3.200000      0.299231      0.798205      0.394890      0.857395     -0.599843     -0.057508      1.200000      2.400000      2.500000      6.060000      2.283333     21.010000      5.600000      4.400000      0.548718      0.775375      0.292319      2.400000      2.600000      1.600000      1.600000      0.538947      0.382105      0.441793      0.241108      0.279948     -0.073278      1.400000      1.400000      3.450000      4.033333      2.587500      0.227778      4.400000      3.400000      0.460526      1.162000      0.603678
  2            6032           129                                               1.033e-04     1.939e-01     3.135e-07     5.394e-07     1.433e+01     5.573e-06     1.944e+01      4.800000      4.500000      0.543462      0.553974      4.330256      4.398205      0.806723      0.796460      5.000000      0.548703      4.414304     -0.001673      0.843679      0.854664      0.451313      0.416000      4.000000      3.800000      3.800000      3.600000      0.829744      0.722051      1.190075      1.262760     -0.166753     -0.387342      1.000000      0.800000      5.326667      5.111111     14.846444     19.316050      5.000000      4.600000      0.775897      0.770500     -0.007005      9.000000      8.400000     15.000000     15.000000      4.511579      4.625263     11.458959      8.845503      0.129077      0.458547      3.200000      3.200000      3.853989      4.583680      7.594875      7.438668     13.200000     18.200001      4.568421      4.440000     -0.028924
  2            3454           809                                               2.116e-04     1.153e-01     1.111e-08     7.735e-07     1.701e+01     3.686e-06     2.130e+00      4.700000      5.000000      0.625769      0.647051      3.538077      4.053525      0.783333      0.833333      6.500000      0.669019      4.284098      0.090529      1.521210      1.605270      0.299188      2.118562      3.600000      5.000000      3.800000      6.000000      1.192051      1.371539      1.797142      2.334949      0.662310     -0.185205      0.800000      3.000000      7.802857      5.757576     12.437102     20.695848      6.000000      6.800000      1.281795      1.800250      0.287991      5.600000      6.000000      7.000000      8.400000      2.000000      2.165263      2.902846      4.087569     -0.044135     -0.354098      3.400000      4.800000      3.529167      2.841818      4.969080      2.900347      9.600000     11.800000      2.082632      2.165500      0.038268
  1            3907           592          3809         0.385          6747     9.019e-04     1.973e-01     1.607e-08     9.381e-07     4.112e+00     8.806e-06     1.495e+01      9.500000      9.500000      0.796410      0.801154     21.357868     21.667116      0.711610      0.676157     12.700000      0.810443     21.931990      0.027423      2.178968      2.172023      0.178188      2.732641      5.800000      6.000000      5.400000      5.800000      1.216154      1.217949      1.384007      1.365548     -0.275962     -0.407109      1.800000      2.200000      5.058974      4.751923     19.911671     14.856819      8.200000      7.600000      1.217051      1.251875      0.027817      6.400000      5.400000      7.400000      6.600000      1.766316      1.691579      1.937076      2.136034     -0.560871     -0.241057      5.000000      4.200000      2.864444      2.333333      5.693753      1.297111     10.800000     11.600000      1.728947      2.487000      0.304806
  2            7486          7214                                               2.999e-04     2.880e-01     1.834e-07     1.257e-07     6.833e+00     5.647e-06     5.002e+00      8.200000      8.500000      0.752820      0.729103     10.363975     19.306795      0.713043      0.653846     12.000000      0.810411     18.358702      0.157071      2.862363      3.096584      0.121875     14.658875      3.000000      2.800000      2.000000      1.800000      0.327949      0.414359      0.252159      0.250932     -0.511900      0.353479      1.800000      1.600000      2.983333      9.200000     10.281944      4.933333      4.600000      3.600000      0.371154      0.482500      0.230769      7.600000     10.400000      8.600000     19.600000      2.272632      5.951579      2.659933     21.418201     -0.248589      0.369939      7.000000     18.000000      2.983636      3.824758      4.584116      7.263022     18.000000     31.000000      4.112105     12.277000      0.665056
  2            1508          2579                                               8.913e-04     2.167e-01     5.922e-06     2.667e-07     5.346e+00     9.060e-07     9.257e+00      6.300000      6.100000      0.705000      0.700385      3.706026      5.930449      0.807692      0.757764      9.600000      0.809399      6.971741      0.231215      3.142430      3.121261      0.086562      8.747250      1.400000      2.000000      0.400000      1.000000      0.065385      0.201795      0.054588      0.147198     -0.174021     -0.160709      0.400000      1.000000      1.400000      3.800000      0.000000      0.000000      2.400000      1.400000      0.133590      0.150000      0.109402      1.600000      1.200000      0.800000      0.200000      0.321053      0.089474      0.329351      0.065803     -0.084382     -0.017220      0.800000      0.200000      0.550000      0.600000      0.337500      0.000000      2.200000      1.400000      0.123158      0.540000      0.771930
  2            9948           629                                               8.786e-04     1.167e-01     1.678e-07     3.491e-07     7.087e+00     8.103e-06     5.697e+00     11.200000     11.500000      0.862179      0.841538     28.814167     27.722147      0.649275      0.662824     13.800000      0.859399     28.168711      0.017655      2.152870      2.097228      0.133250      1.020594      4.800000      4.600000      4.400000      5.000000      1.078462      1.195128      1.188208      1.424435      0.234048     -0.088339      0.800000      1.400000      4.607576      5.945000     10.075471     27.972376      6.200000      5.800000      1.136795      1.182375      0.038550     11.400000     11.600000     25.000000     22.200001      6.396842      6.795789     24.739956     24.549540     -0.385749      0.234719     10.200000      7.400000      2.753161      3.410671      4.029483      5.835123     21.600000     32.400002      6.596316      7.246000      0.089661
  2             860          5360                                               7.144e-04     1.568e-01     8.338e-06     5.634e-07     1.604e+01     4.811e-06     7.709e+00      5.300000      4.200000      0.588077      0.563718      2.507099      2.997692      0.883333      0.815534      8.200000      0.760791      3.431974      0.387101      3.624424      3.492588      0.058938      2.821953      2.400000      1.800000      1.400000      0.800000      0.380256      0.058974      0.283802      0.051910      0.184510     -0.481126      1.400000      0.800000      5.900000      0.666667     19.250000      0.044444      3.800000      2.800000      0.219615      1.105000      0.801253      2.200000      2.200000      1.400000      1.400000      0.426316      0.350526      0.336268      0.383041      0.182042     -0.229505      1.200000      1.200000      2.666667      2.266667      2.511111      0.711111      4.400000      7.800000      0.388421      6.097000      0.936293
  1            2776          3143          5317         0.935          5742     8.469e-04     1.030e-01     8.591e-06     7.006e-07     7.243e+00     9.895e-06     3.643e+00      8.000000      7.900000      0.791795      0.771410      4.425224      5.158574      1.006289      0.934911     11.700000      0.852152      6.694632      0.152108      3.040492      2.940114      0.079062      7.755391      4.200000      2.800000      3.800000      2.000000      0.754872      0.658974      0.829908      0.489334     -0.514179      0.868293      3.200000      1.400000      4.291667     11.000000     12.399652     17.000000      5.800000      5.200000      0.706923      1.105750      0.360685      4.800000      5.000000      5.200000      5.400000      1.587368      1.823158      2.100262      2.011707      0.263049      0.365217      5.000000      5.200000      3.927778      3.372381      3.385031      6.269519      9.800000     13.000000      1.705263      5.848000      0.708402
  2             725           784                                               1.158e-04     1.063e-01     1.679e-07     8.218e-07     1.549e+01     3.298e-06     1.590e+01      2.200000      2.100000      0.276154      0.216667      0.228397      0.140256      0.956522      0.954545      2.600000      0.269652      0.210744      0.156904      0.479426      0.444473      0.707687      0.113563      2.400000      1.800000      1.800000      1.400000      1.000855      0.733333      0.878107      0.946381      0.492266      0.384865      0.800000      0.400000      5.280000      3.840000      6.581333      5.472000      2.600000      2.200000      0.520256      0.595750      0.126720      2.200000      2.400000      1.200000      2.000000      0.251316      0.944737      0.167982      1.113603     -0.624102      0.612653      1.200000      2.000000      0.933333      3.866667      0.311111      1.511111      4.000000      3.600000      0.478421      1.130000      0.576619
  2            3348          6181                                               3.078e-04     1.785e-01     7.147e-07     4.413e-07     1.270e+01     5.158e-06     6.309e+00      6.000000      5.400000      0.750385      0.671282      6.367356      2.865320      0.764331      0.870968      8.500000      0.801994      6.567195      0.201775      3.019979      2.809349      0.109125      7.936703      4.200000      3.000000      3.400000      3.200000      0.890598      1.730769      0.865226      2.407090     -0.570512      0.670086      3.000000      2.800000      1.675000      6.400000      4.284375     12.177778      6.000000      6.200000      0.786410      1.094000      0.281161      6.200000      3.800000      9.000000      3.000000      2.600000      0.580000      3.208989      0.561142      0.130922     -0.791509      8.400000      2.400000      3.838217      1.366667      5.342351      0.577778     10.000000     17.200001      1.590000      9.062000      0.824542
  1            8984          5125          6352         0.885          8256     8.536e-04     1.120e-01     7.752e-07     5.881e-07     2.862e+00     9.346e-06     1.493e+01     12.400000     12.300000      0.881410      0.890641     26.523573     14.805753      0.797428      0.839590     17.100000      0.919399     24.709122      0.068728      3.361701      3.343843      0.048062     17.008844      5.000000      4.400000      5.400000      4.600000      1.051026      1.216667      1.477404      2.346710     -0.631302      0.510304      3.800000      3.000000      2.521429      8.419047      4.985459      9.685805      7.800000      8.400000      1.133846      1.326000      0.144912     11.000000     11.400000     25.000000     21.200001      4.741053      6.243158     23.881426     11.470292     -1.259389      0.126299     16.799999     13.000000      1.761590      3.474950      2.507603      6.384854     22.400000     40.599998      5.492105     16.745501      0.672025
  1            6760          3638          6758         0.970          7072     1.852e-04     1.122e-01     1.321e-08     2.872e-07     1.417e+01     8.175e-06     1.545e+01      4.800000      5.500000      0.631026      0.696154      1.629487      2.206667      0.923077      0.901639      6.200000      0.734304      2.161361      0.175062      1.630747      1.804332      0.196750      1.056875      2.800000      3.400000      3.200000      2.800000      0.709231      0.783590      1.148877      0.908332     -0.050691      0.207125      1.800000      1.400000      5.422222      6.566667     12.619753      8.627778      4.800000      4.600000      0.746410      0.936750      0.203192      9.400000      9.400000     23.600000     21.600000      6.175789      7.697895     22.539900     31.006933     -0.340565      0.901873     12.800000     10.800000      2.640198      4.402018      3.492839      5.998046     18.799999     35.200001      6.936842     14.905000      0.534596
  1            4671          3199          9445         0.770          9942     1.617e-04     1.194e-01     2.821e-08     7.581e-07     1.811e+01     8.286e-06     1.652e+01      4.700000      5.000000      0.608462      0.627949      1.902564      2.121282      0.839286      0.909091      6.500000      0.675253      2.320348      0.154042      1.797036      1.892778      0.269125      1.318875      4.600000      4.200000      4.000000      3.200000      0.998718      0.721795      0.911726      0.592309      0.085598     -0.170934      3.400000      2.600000      5.873333      5.133333     11.332222     14.666667      7.200000      6.600000      0.860256      1.168750      0.263952      5.600000      5.400000      7.800000      7.600000      3.098947      1.993684      7.119343      3.186366      1.389354     -0.326416      6.200000      6.000000      5.592828      3.125000      4.013649      4.848264     10.800000     14.600000      2.546316      4.837500      0.473630
  1             960          2329          6904         0.408          8002     8.047e-04     1.617e-01     2.063e-08     8.774e-07     1.812e+01     2.291e-06     1.600e+01      4.400000      4.700000      0.640128      0.603205      1.860641      1.402308      0.830189      0.921569      6.400000      0.731614      2.326709      0.259291      2.410291      2.399248      0.161187      2.827750      3.400000      3.000000      3.600000      2.000000      1.051282      0.416923      1.797406      0.302419      0.238914      0.014810      3.400000      1.800000      5.653333      5.466667     21.445778      9.271111      5.800000      5.400000      0.734103      1.628000      0.549077      1.200000      2.200000      0.200000      1.200000      0.089474      0.484211      0.065803      0.284545     -0.017220     -0.256183      0.200000      1.200000      0.600000      2.100000      0.000000      7.650000      3.000000      2.000000      0.172105      0.870000      0.802178
  2            5915          9215                                               4.383e-04     1.267e-01     1.768e-08     7.401e-07     1.977e+01     1.463e-06     8.209e+00      6.800000      7.100000      0.756795      0.728846      7.412756      7.152756      0.701031      0.755319      9.800000      0.810063      9.676424      0.150907      2.759147      2.778937      0.124375      9.819125      9.400000      8.800000     10.400000     10.600000      2.133590      2.657692      4.121154      4.507061     -0.445997      0.180490      9.200000      9.400000      4.759758      6.806364     22.088711     33.897675     17.600000     19.799999      2.395641      4.594625      0.478599      3.200000      2.400000      2.600000      1.600000      0.622368      0.336842      0.391012      0.286341     -0.448670     -0.836901      2.600000      1.600000      1.300000      1.333333      0.250000      1.244444      5.400000      6.400000      0.383684      2.980000      0.871247
  1            9679          5621          7412         0.486          9907     3.204e-04     1.520e-01     3.198e-06     8.000e-08     7.686e+00     5.881e-06     1.086e+01      9.800000      9.300000      0.834103      0.836538     12.423173      9.741667      0.790323      0.826667     13.200000      0.870095     12.323418      0.075745      2.868376      2.735917      0.096000      5.456062      3.800000      3.800000      4.400000      4.200000      1.507179      1.247692      2.720020      1.989260      0.906603      0.633216      1.600000      1.400000      8.804762      7.616667     12.804648      4.815278      5.600000      5.800000      1.377436      1.873000      0.264583      7.600000      8.400000     13.600000     14.800000      2.861053      4.560000     16.032459     20.315187     -0.952432      0.224045      6.400000      7.600000      2.327936      3.650107      2.948562      2.897147     15.400000     21.200001      3.710526      7.632000      0.513820
  2            5968          9358                                               7.139e-04     1.189e-01     4.499e-06     5.104e-07     6.631e+00     2.829e-06     3.830e+00      8.400000      8.900000      0.768333      0.794744      7.031475     16.660032      0.913043      0.777293     13.900000      0.832975     14.402635      0.115581      3.347697      3.556032      0.116875     10.691969      4.000000      3.800000      3.400000      4.400000      0.568590      1.216667      0.541683      3.482794     -0.623682     -0.495238      3.000000      4.000000      3.591667      2.683077      9.566319      8.387030      7.000000      7.400000      0.714103      1.651000      0.567473      5.600000      5.000000     14.000000      5.400000      4.482105      1.616842     40.219837      2.177889      0.326153     -0.007217     12.000000      3.400000      3.742930      3.807778      2.564712      8.913031     10.600000     19.600000      3.049474     10.966500      0.721928
  2            6194           377                                               8.685e-04     2.310e-01     9.367e-07     5.718e-07     1.929e+00     6.961e-06     1.385e+01     10.200000     10.300000      0.853590      0.856410     21.470385     21.354664      0.653846      0.675410     12.700000      0.863608     21.295408      0.019043      2.112000      2.094675      0.128000      0.608016      4.600000      4.600000      4.800000      4.400000      1.446154      1.139423      1.756097      1.211020      0.168781     -0.379855      1.800000      1.400000      5.293182      3.333333     10.540677     11.051111      6.000000      6.200000      1.034231      1.053750      0.018524      8.200000      7.400000     12.600000     16.000000      3.510526      2.857895     10.684974     10.403559     -0.137270     -1.474314      4.600000      8.000000      3.181960      1.825828      2.903319      1.895639     14.000000     20.600000      3.184211      3.610000      0.117947
  1            9416          1413          4354         0.889          7366     9.846e-04     2.357e-01     3.409e-08     2.182e-07     8.679e+00     5.530e-06     8.023e+00     13.400000     15.100000      0.895513      0.905000     27.963125     51.400017      0.716578      0.635789     19.000000      0.911740     40.534637      0.023641      2.754458      2.953681      0.077063      5.353687      4.200000      4.200000      5.600000      4.800000      1.305385      1.735128      2.291893      3.113311      0.211240      1.009817      2.400000      1.600000      6.792064      9.403174     12.382905     16.095188      5.600000      7.200000      1.520256      1.689250      0.100041      9.000000      7.800000     17.000000     17.000000      2.792632      5.024210     11.208081     16.763014     -1.523326     -0.006136      6.400000      6.400000      1.588674      3.133935      2.067062      3.192262     15.600000     23.400000      3.908421      5.013500      0.220421
  2            8301            19                                               5.766e-04     1.152e-01     1.766e-06     2.205e-07     1.191e+00     2.396e-06     1.662e+01      8.500000      9.500000      0.839487      0.851026      8.434151      9.257565      0.801887      0.811966     10.500000      0.852532      8.898556      0.016095      1.736920      1.854928      0.140375      0.650453      3.400000      4.200000      2.200000      3.400000      0.733974      0.882051      0.546648      0.776904      0.277715      0.136744      0.000000      1.200000      4.883333      5.515000      7.865278      7.373875      4.800000      3.400000      0.646410      0.642750     -0.005695      5.400000      6.800000     13.800000     15.000000      5.388421      5.157895     20.709925     20.710810      1.123510      0.761749      0.400000      1.600000      5.663809      4.640368      9.468485      5.727242      8.000000     15.400000      5.273158      5.239500     -0.006424
  1            2953            75          1969         0.312          5028     9.848e-04     1.097e-01     6.778e-07     7.326e-08     3.399e+00     7.278e-06     1.953e+01      7.200000      6.700000      0.770769      0.746667      5.940961      6.387372      0.847059      0.817073      7.900000      0.760538      6.223671      0.005277      1.392897      1.348023      0.237687      0.543250      2.400000      2.200000      1.600000      1.400000      0.306154      0.247949      0.275914      0.189785     -0.282567     -0.177799      0.400000      0.200000      4.933333      3.400000      5.044445      8.888889      2.600000      1.800000      0.277051      0.273500     -0.012985      7.400000      6.800000     15.600000     14.600000      4.261053      3.335789     21.588995     16.535299     -0.105977     -0.699382      2.400000      1.400000      3.136566      2.537517      1.980754      2.281019      9.400000     17.000000      3.798421      3.695000     -0.027989
  1            9714           455          5945         0.090          8026     7.018e-04     2.563e-01     2.437e-08     8.257e-07     1.013e+01     9.032e-06     1.530e+01     12.600000     12.700000      0.840513      0.841923     56.992340     55.411346      0.532770      0.600473     16.000000      0.851740     56.574413      0.023996      2.349921      2.372186      0.138000      4.281750      6.800000      7.000000      8.400000      8.600000      1.651538      1.283333      2.968891      2.460382     -0.470557     -1.070048      2.200000      2.400000      4.847186      3.403077     14.018676      9.263969      9.400000     10.800000      1.467436      1.479000      0.007819      6.800000      8.000000     19.000000     21.000000      5.996842      6.638947     24.143654     41.804905      0.196397      0.163344      3.800000      5.800000      3.745720      3.640734      6.392852      5.761365     13.200000     24.799999      6.317895      7.678500      0.177197
  2            6731            23                                               4.792e-04     2.839e-01     4.784e-06     8.634e-07     3.782e+00     6.801e-06     1.606e+01     11.300000     11.100000      0.874872      0.854359     35.789265     34.265961      0.693252      0.637931     14.100000      0.868829     34.834732      0.009394      2.146229      2.069599      0.127062      0.989500      5.400000      5.400000      7.800000      7.600000      1.631795      1.390769      4.632776      3.658090     -0.450945     -0.569427      1.800000      1.600000      4.330642      4.196264      9.888140      7.763667      6.600000      9.400000      1.511282      1.510375     -0.000601      8.600000      8.000000     16.200001     17.000000      6.063158      2.794737     22.459827      8.148945      1.358302     -1.453722      2.800000      3.600000      5.797166      1.815000     12.441074      3.311200     11.200000     19.799999      4.428947      5.643500      0.215213
  1            3063          2794          5452         0.036          6917     6.095e-04     2.338e-01     7.294e-07     2.722e-07     1.381e+01     9.355e-06     5.550e+00      6.800000      7.700000      0.695128      0.760385     21.541218     11.760641      0.641509      0.684444     10.700000      0.795823     19.216599      0.155911      2.779579      2.815815      0.137812     10.966937      3.200000      3.600000      2.600000      2.400000      0.509231      0.416410      0.450623      0.276147     -0.107809     -0.487292      2.200000      2.000000      4.700000      4.150000     13.700000     14.487500      5.600000      4.600000      0.462821      0.582500      0.205458      4.600000      6.200000      9.600000      8.800000      1.923158      2.681053     11.342406      6.668154     -0.838563      0.383905      7.400000      6.600000      2.324242      4.032631      0.749659      4.980758     10.400000     16.799999      2.302105      6.156000      0.626039
  1            4068          3366          3963         0.218          9122     6.345e-04     1.400e-01     1.701e-06     9.367e-07     1.617e+01     7.293e-06     1.126e+01      7.700000      8.900000      0.788718      0.821538      4.995833     17.795448      0.777778      0.684615     11.600000      0.850506     14.690316      0.099719      2.714872      2.793587      0.105250     13.583750      5.200000      5.400000      5.400000      5.600000      1.318205      1.189487      1.690947      1.192490      0.113809     -0.047543      3.600000      3.800000      5.265303      6.256264     13.213072     13.951645      8.800000      9.200000      1.253846      1.525875      0.178277      3.800000      5.400000      3.400000      6.800000      0.877895      2.337895      1.045915      4.348310     -0.269263      0.632370      3.400000      6.800000      2.133333      4.041667      2.691111      6.841986      9.200000     11.000000      1.607895      3.760000      0.572368
  2            3451          6871                                               3.481e-04     1.002e-01     1.946e-07     7.643e-08     8.167e+00     2.769e-06     9.130e+00      6.200000      6.600000      0.711282      0.788333      2.683910      5.316026      0.925373      0.804878      8.400000      0.805190      4.645016      0.127235      2.334998      2.371762      0.140813      2.747937      1.400000      1.600000      0.400000      0.600000      0.036859      0.329167      0.033904      0.180245     -0.392027      0.742577      0.400000      0.600000      0.600000      8.200000      0.000000      0.000000      2.000000      1.000000      0.146410      0.220000      0.334499      2.800000      1.400000      2.200000      0.400000      0.528421      0.142105      0.551869      0.089073     -0.581336      0.187956      2.200000      0.400000      2.150000      1.800000      0.337500      0.000000      4.000000      4.000000      0.335263      2.070000      0.838037
  1            9321          1004          5965         0.689          6102     7.688e-04     1.778e-01     6.210e-08     8.534e-07     2.260e-01     2.752e-06     5.388e+00      9.000000      9.400000      0.795769      0.827564     12.379167     12.535513      0.782609      0.789916     11.600000      0.826994     12.671409      0.036058      2.058662      2.138478      0.158063      1.468438      8.600000     10.800000     11.800000     13.200000      2.833846      2.927949      6.371571      6.802761      0.171388     -0.109494      3.000000      4.400000      6.351905      5.524675     20.934465     18.776295     14.800000     16.200001      2.880898      2.892500      0.004011      5.200000      5.800000      5.400000      6.000000      1.420000      1.558947      1.705425      1.591585     -0.425559     -0.232866      3.600000      4.200000      3.008333      3.513809      5.223264      6.254761      9.600000      9.600000      1.489474      1.758000      0.152745
  2            3254          6549                                               4.109e-04     2.943e-01     2.586e-08     1.126e-07     2.030e+00     7.254e-06     1.342e+01      6.000000      6.900000      0.653846      0.681667     12.182372     22.482821      0.566038      0.673171      9.800000      0.740728     17.642895      0.177505      2.537753      2.614880      0.188125      2.092313      2.400000      1.800000      1.400000      0.800000      0.245897      0.272821      0.165866      0.163702     -0.258379      0.459123      1.200000      0.600000      5.500000      6.000000      0.250000     12.800000      3.000000      2.000000      0.259359      0.413000      0.372012      4.800000      3.200000      5.800000      2.600000      1.094737      0.709474      1.650526      0.567875     -1.085669     -0.189420      5.400000      2.200000      2.075000      2.483333      3.909375      3.948611      7.800000     10.600000      0.902105      5.066500      0.821947
  2            6354          1253                                               3.913e-04     1.227e-01     1.614e-07     4.122e-07     1.377e+01     1.675e-06     1.397e+01      7.900000      7.700000      0.778846      0.671667     10.872228      8.506474      0.782178      0.762376      9.800000      0.745348     10.136008      0.051694      1.905653      1.615425      0.235062      2.248766      4.200000      4.800000      5.000000      6.000000      1.595897      1.652564      2.867406      3.442091      0.416575      0.071996      1.200000      2.200000      6.810390      6.473333     11.159201     10.409778      6.400000      7.200000      1.624231      1.720500      0.055954      3.000000      5.400000      4.000000      6.200000      0.753684      1.629474      2.009591      2.791078     -0.904611      0.036005      0.800000      3.000000      2.004762      4.377778      0.118934      3.951543      6.200000      7.000000      1.191579      1.555000      0.233711
  1            2979          6797          7413         0.023          9178     9.406e-04     1.523e-01     1.719e-08     2.994e-07     9.419e+00     3.451e-06     1.179e+01      9.300000      8.200000      0.799103      0.768205      8.695160      8.354087      0.889952      0.867725     13.700000      0.846392     16.466057      0.136568      3.527870      3.322815      0.092437     31.794891      2.800000      2.400000      2.600000      1.400000      0.579167      0.341026      0.848136      0.284211     -0.451681     -0.205441      2.600000      1.400000      3.200000      2.600000     12.300000      3.500000      4.200000      4.000000      0.368077      0.595000      0.381383      2.800000      2.400000      2.000000      2.600000      0.642105      0.793684      0.443364      1.628928      0.387805     -0.018452      2.000000      2.600000      5.116667      1.977143      4.415278      1.723102      5.000000      7.000000      0.717895      4.030000      0.821862
  1            6470          2012          3159         0.763          8767     6.082e-04     1.319e-01     3.069e-08     6.628e-07     7.031e+00     2.099e-07     5.773e+00      8.500000      8.400000      0.793462      0.851154      8.949359      8.469680      0.794393      0.785047     10.400000      0.858544     10.335965      0.079260      2.568871      2.439881      0.106125      6.859938      4.800000      4.200000      5.800000      4.600000      1.530513      1.346667      2.233359      1.729549      0.241017      0.367927      2.800000      1.600000      7.592308      7.433333     28.961243     18.589445      6.600000      7.400000      1.438590      1.635000      0.120129      1.400000      1.600000      0.400000      0.600000      0.418421      0.278947      0.227360      0.349903      0.227174     -0.320922      0.200000      0.400000      1.100000      0.700000      0.050000      0.050000      1.800000      0.800000      0.139474      0.208000      0.329453
  2            1978          8652                                               9.283e-04     2.380e-01     3.330e-07     7.068e-07     1.691e+01     8.916e-06     1.251e+01      5.500000      5.500000      0.623333      0.615513      3.789295      3.946474      0.774648      0.774648      9.800000      0.772089     29.130381      0.327559      3.699903      3.857960      0.079062     99.980247      2.000000      1.600000      1.000000      0.600000      0.502564      0.330769      0.289915      0.180277      0.376331      0.311025      1.000000      0.600000      6.100000      4.400000      0.250000     16.200001      2.800000      2.200000      0.250000      1.080000      0.768519      7.000000      6.600000     17.200001      9.400000      6.950526      2.873684     45.195873      5.692520      1.497455      0.228415     15.200000      7.400000      6.190329      3.982424     16.053837      7.966173     13.600000     31.600000      4.912105     17.518499      0.719605
  2            7558          5921                                               6.067e-04     2.714e-01     1.178e-08     1.146e-07     1.723e+01     6.004e-06     1.090e+01     11.100000     11.000000      0.853205      0.859872     32.812565     18.605770      0.702532      0.800000     15.400000      0.887373     35.628132      0.066550      3.001300      2.929963      0.082562     40.465374      3.400000      2.400000      3.000000      1.600000      0.711538      0.330769      0.859722      0.335846      0.086322     -0.100234      2.400000      1.000000      6.180000      3.483333      3.898000      7.881945      4.600000      4.000000      0.521154      0.633000      0.176692      7.000000      6.200000     12.600000      8.400000      4.097895      1.529474      9.667318      2.666728      0.500606     -1.165362     10.000000      5.800000      4.015238      1.965357      5.782013      1.874357     13.000000     19.799999      2.813684      8.080500      0.651793
  2            3382          6593                                               4.353e-04     1.387e-01     3.147e-06     7.805e-07     1.431e+01     5.043e-06     1.968e+01      7.300000      6.900000      0.748718      0.765128     13.014087      5.677741      0.705314      0.826347     10.500000      0.832089     11.025040      0.163403      3.045427      2.909730      0.094625      7.099844      5.600000      6.400000      7.600000      7.400000      1.927179      1.421282      4.403948      2.157945      0.116837     -0.599621      5.800000      5.600000      7.171154      3.153626     34.785225     17.430786     11.600000     13.400000      1.674231      3.949750      0.576117      3.800000      5.400000      3.000000      5.400000      0.709474      1.092632      0.425408      1.019760     -0.178177     -0.721133      2.800000      5.200000      2.625000      2.694697      1.959375      5.324102      9.200000     11.200000      0.901053      5.071000      0.822313
  1            2079          1514          5789         0.047          8439     8.970e-04     1.852e-01     7.927e-07     3.282e-08     6.429e+00     7.460e-06     1.746e+01      8.100000      6.000000      0.740000      0.661282     13.186073      5.434551      0.723214      0.789474     10.300000      0.770633     15.861262      0.164451      3.000365      2.625504      0.161125     26.341766      1.000000      1.000000      0.000000      0.000000      0.000000      0.000000      0.000000      0.000000      0.000000      0.000000      0.000000      0.000000      0.000000      0.000000      0.000000      0.000000      1.000000      0.000000      0.000000      0.000000      0.000000      5.600000      5.200000      6.400000      6.800000      1.725263      1.617895      3.072186      3.277421     -0.518133     -0.619399      4.400000      4.800000      2.510000      1.884848      1.589500      2.173095     10.400000     12.000000      1.671579      3.274000      0.489438
  1            8506           925          2699         0.696          7412     8.961e-04     1.015e-01     3.892e-08     9.395e-07     1.282e+01     2.989e-07     1.097e+00     11.200000     11.200000      0.873333      0.864359     16.537180     21.934278      0.739274      0.645533     14.100000      0.878861     20.063066      0.023477      2.318326      2.327440      0.111375      4.229765     10.800000      9.600000     19.200001     17.000000      4.048461      3.173077     26.779922     22.409164     -0.286292     -0.534520      6.600000      4.400000      5.203750      4.175131     18.678926      6.341088     16.400000     23.600000      3.610769      3.743875      0.035553      3.000000      3.000000      1.800000      2.400000      0.560000      0.469474      0.323910      0.410593     -0.004664     -0.526863      0.800000      1.400000      2.933333      1.900000      2.577778      0.805556      4.000000      3.200000      0.514737      0.567000      0.092175
  1            6567          4020          5407         0.670          6980     2.631e-04     1.654e-01     5.914e-07     3.364e-08     1.523e+01     4.915e-06     1.070e+01      5.400000      5.500000      0.660385      0.644615      3.693141      3.816795      0.750000      0.733333      7.400000      0.733734      4.010332      0.197355      2.145098      2.131560      0.187063      1.196437      1.200000      1.800000      0.200000      0.800000      0.065385      0.254167      0.048346      0.148037      0.032115      0.092643      0.200000      0.800000      1.200000      5.800000      0.000000      0.000000      2.000000      1.000000      0.127821      0.235000      0.456083      4.200000      5.400000      7.400000     11.800000      1.317895      4.369473      3.785887     10.846823     -1.231051      1.037925      3.400000      7.800000      1.862308      5.017083      2.244948      6.057830      9.200000     15.200000      2.843684      4.051000      0.298029
  2            4669          7665                                               7.121e-04     2.718e-01     6.598e-06     5.535e-07     6.164e+00     1.252e-06     1.975e+01      9.000000      9.800000      0.807180      0.831667     10.364936      8.228991      0.731707      0.903226     13.800000      0.880633     13.132251      0.128509      3.241256      3.336492      0.059687     15.614234      4.400000      4.600000      4.800000      6.000000      1.136923      1.920769      1.757285      3.784782     -0.070496      0.321325      3.200000      4.400000      5.403333      6.100000      8.593278     17.646429      8.200000      9.400000      1.528846      2.753875      0.444838      4.600000      4.200000      6.000000      4.800000      1.925263      1.275789      4.149735      1.544394      0.509005     -0.100520      5.400000      4.200000      4.784365      3.971429      5.567429      6.051633      8.600000     10.400000      1.600526      3.680000      0.565074
  2            7768          5864                                               4.762e-04     2.972e-01     1.039e-08     3.318e-07     2.472e+00     9.747e-06     1.144e+01      8.200000      8.400000      0.826282      0.830769      9.702435      8.101475      0.745455      0.823529     11.700000      0.872563     10.485174      0.094757      2.786676      2.836015      0.084500      6.698812      3.400000      3.800000      4.200000      3.400000      1.927885      1.358654      4.867009      2.094580      0.759345      0.401633      3.200000      2.400000      6.374892      6.000000     26.548363     20.966667      5.800000      6.600000      1.314615      2.084250      0.369262      7.800000      7.000000     16.000000     12.200000      4.712632      4.378947     13.000708     20.030910      0.262167      0.789977     12.600000      8.800000      3.900000      3.508485      5.040667      3.718102     14.600000     25.000000      4.545789      8.042000      0.434744
  2            6756          5556                                               4.929e-04     2.018e-01     1.158e-07     9.021e-07     8.613e+00     6.896e-06     6.644e+00      7.500000      6.900000      0.809231      0.724872      7.642051      7.977484      0.735294      0.679803      9.800000      0.822342      8.634790      0.124409      2.535684      2.368174      0.123750      3.649328      5.000000      5.200000      5.400000      6.200000      1.332308      1.608718      2.390098      2.720276     -0.022302      0.309805      2.200000      3.000000      6.150000      7.754848     31.462103     29.860413      8.400000      8.400000      1.470513      2.137875      0.312161      9.800000      9.800000     19.200001     17.600000      5.615789      4.435790     17.461716      9.162473      0.159436     -0.426714     12.800000     11.200000      3.421381      2.844274      3.925837      4.458195     19.600000     31.600000      5.025789     11.560000      0.565243
  1            2646          2939          4679         0.800          7818     9.645e-04     2.692e-01     5.371e-06     6.344e-07     1.532e+01     9.022e-06     7.518e+00      8.600000      9.300000      0.744359      0.801667      8.268702     12.900064      0.800000      0.666667     13.600000      0.834747     16.255201      0.136076      3.072213      3.355376      0.105062     22.928953      1.800000      2.000000      0.800000      1.000000      0.184615      0.395299      0.123551      0.257476     -0.196269      0.114188      0.800000      1.000000      0.600000      4.700000      0.600000      0.250000      2.800000      1.800000      0.173974      0.255000      0.317748      6.000000      5.200000      9.800000     10.000000      3.566316      3.227368      9.641158     11.443598      0.971617      0.528513      8.400000      8.600000      5.779167      4.138961     11.675441      3.357631     11.200000     19.000000      3.396842      7.048500      0.518076
  1            1351          4376          5646         0.050          8319     6.734e-04     1.258e-01     9.361e-06     3.137e-07     1.446e+01     5.780e-06     2.813e+00      5.100000      4.700000      0.671154      0.580256      3.288782      2.393173      0.894737      0.878505      7.200000      0.724114      3.856321      0.236820      2.541817      2.439866      0.179937      4.152656      1.600000      1.800000      1.400000      1.000000      0.723932      0.592735      1.938917      0.521187      0.275124      0.545591      1.000000      0.600000      4.800000      5.500000      0.000000      0.050000      2.400000      2.000000      0.395000      1.035000      0.618357      1.600000      3.400000      1.000000      2.400000      0.153684      0.509474      0.303926      0.365592     -0.468614     -0.457006      1.000000      2.400000      0.550000      2.650000      0.037500      7.409722      5.000000      8.600000      0.331579      6.720000      0.950658
  2            2559          8630                                               6.029e-04     1.149e-01     3.357e-06     8.002e-07     1.592e+01     9.702e-06     2.462e+00      8.200000      6.100000      0.802949      0.686026     12.753093      3.076939      0.845361      0.762500     11.200000      0.820696     13.801780      0.168774      3.531594      2.996663      0.105000     23.648468      4.000000      4.600000      3.200000      4.800000      0.844103      0.872308      0.932553      1.311744      0.234543     -0.574635      3.000000      4.600000      5.633333      4.231746     13.916667      8.488612      8.400000      8.400000      0.858205      2.776750      0.690932      5.000000      5.200000      7.400000      6.800000      2.086316      1.622105      3.973545      2.932214      0.129232     -0.427773      6.200000      5.600000      3.324762      2.775476      1.163760      2.422707     10.200000     21.600000      1.854210     14.489000      0.872026
  2            4773          5541                                               2.309e-04     2.121e-01     7.713e-06     8.831e-07     9.580e+00     4.495e-06     1.213e+00      5.200000      5.800000      0.642051      0.640000      4.303718      3.488606      0.806202      0.928000      8.500000      0.769177      4.503786      0.282230      2.903758      3.109971      0.105875      2.594922      5.000000      4.600000      5.400000      8.000000      1.288718      3.031026      5.432690     14.826993     -0.677836      0.926312      3.000000      5.600000      3.000000      7.566667      4.988889     25.866552      9.200000     11.400000      2.159872      3.769125      0.426957      6.200000      4.600000     10.400000      8.000000      4.216842      2.809474     12.977878     11.335400      1.017747      0.667909      7.200000      4.800000      4.567307      4.058333      6.160740      7.464931     10.600000     16.400000      3.513158      6.797000      0.483131
  2            2007          9537                                               5.718e-04     1.582e-01     2.316e-06     1.116e-08     4.797e+00     1.406e-06     1.627e+01      6.100000      6.200000      0.698077      0.704615      3.563766      8.219038      0.767296      0.700565      9.900000      0.821614     10.017369      0.251974      3.544219      3.534117      0.061125     16.592140      1.000000      1.000000      0.000000      0.000000      0.000000      0.000000      0.000000      0.000000      0.000000      0.000000      0.000000      0.000000      0.000000      0.000000      0.000000      0.000000      1.000000      0.000000      0.000000      0.000000      0.000000      1.400000      2.200000      0.400000      1.600000      0.105263      0.466316      0.075789      0.437989     -0.047920      0.119731      0.400000      1.600000      1.200000      2.866667      0.000000      0.222222      3.400000      3.400000      0.285789      1.970000      0.854929
  1            4366          5935          7758         0.902          8549     2.384e-04     2.548e-01     2.641e-07     9.061e-07     7.958e+00     6.487e-06     2.271e+00      7.300000      6.400000      0.680897      0.679103      9.294295      4.016539      0.708738      0.771084      9.700000      0.738449      7.326187      0.145869      2.482857      2.371982      0.204563      2.982312      4.000000      4.800000      3.600000      4.200000      0.616154      0.891026      0.407442      1.124630     -0.654681     -0.379385      3.200000      3.800000      2.300000      3.227273      5.441667     10.794463      8.000000      7.400000      0.753590      1.316500      0.427581      4.000000      5.400000      4.000000      8.200000      1.128421      1.898947      1.238084      3.325480      0.270483     -0.574595      3.200000      7.400000      4.473016      2.274167      1.646359      6.097080      9.000000     11.600000      1.513684      3.721500      0.593260
  2            5293          9142                                               8.886e-04     2.879e-01     3.269e-08     2.034e-07     6.707e+00     7.200e-06     3.227e+00     10.700000     11.200000      0.860641      0.844615     25.549664     33.040321      0.627566      0.678788     17.100000      0.904905     39.748222      0.107390      3.855919      3.841032      0.044125     42.755016      3.400000      2.600000      3.200000      2.000000      0.653846      0.220769      0.965728      0.214895     -0.288207     -0.534294      2.600000      1.400000      3.470476      3.880000      4.918023      0.048000      5.000000      4.600000      0.437308      0.779750      0.439169      8.200000      8.800000     15.600000     26.600000      5.404211      8.316842     20.910097     68.058250      0.794706      0.334643      7.600000     18.600000      4.160362      3.152097      8.435106      3.853998     17.000000     35.400002      6.860526     15.693500      0.562843
  1            7576          1204          1234         0.335          5274     9.681e-04     2.743e-01     4.292e-08     4.825e-07     8.782e+00     6.189e-06     8.314e+00     13.500000     14.300000      0.882820      0.904487     34.865864     32.017628      0.639810      0.650000     18.600000      0.914272     35.242855      0.043619      2.961697      2.952924      0.065625      8.786469      4.800000      4.200000      4.800000      3.800000      1.055128      0.921026      0.961202      0.734184     -0.090385      0.121022      2.400000      1.400000      5.753334      6.746666     19.402445     25.765778      6.400000      6.200000      0.988077      1.067500      0.074401      9.000000      8.000000     14.400000     12.800000      4.220000      3.446316      9.252080     10.770270      0.279717     -0.156217      8.600000      7.000000      3.829048      3.267293      3.725033      5.418616     16.000000     21.400000      3.833158      4.125000      0.070750
  2            3387          9605                                               7.928e-04     2.826e-01     1.230e-08     3.091e-07     7.931e+00     2.036e-07     1.974e+01      8.300000      8.200000      0.730385      0.800769     11.492628     12.663269      0.775701      0.742081     13.200000      0.816614     18.661963      0.115796      3.112991      3.293879      0.133625     26.610750      2.200000      1.800000      1.200000      1.200000      0.324359      0.109231      0.266924      0.127353      0.118673     -0.745310      1.200000      1.200000      3.800000      2.000000      5.533333      0.000000      3.000000      2.400000      0.216795      0.575000      0.622965      1.400000      1.200000      0.400000      0.200000      0.263158      0.159649      0.160123      0.083626      0.289046      0.252352      0.400000      0.200000      2.000000      1.400000      0.000000      0.000000      2.000000      1.000000      0.126842      0.670000      0.810683
  1            7672            97          2236         0.641          3909     3.043e-04     2.663e-01     1.733e-07     2.042e-07     1.767e+01     2.956e-06     1.998e+01      8.500000      7.700000      0.782436      0.744103     10.971602      9.164230      0.772727      0.762376      9.500000      0.766044     10.082136      0.007531      1.573402      1.466900      0.231250      0.559563      3.800000      3.200000      3.200000      2.600000      0.496667      0.458718      0.574476      0.597451     -0.886726     -0.610672      1.000000      0.400000      3.320000      3.530000     12.908000      9.305500      4.200000      3.600000      0.477692      0.474750     -0.006198      5.400000      7.000000      6.400000      7.400000      2.255790      2.284210      2.888015      2.773345      0.903403      0.330383      1.200000      2.200000      5.118182      3.995238      6.609386      7.541857      8.400000      8.600000      2.270000      2.194000     -0.034640
  1            8492            12          2034         0.536          4378     4.761e-04     2.455e-01     2.209e-06     2.746e-07     7.405e+00     1.497e-07     4.906e+00     10.700000     11.300000      0.859103      0.881538     21.632900     20.745497      0.764286      0.736156     13.200000      0.867753     21.290142     -0.006782      1.887877      1.959321      0.134750      1.458187      3.600000      3.800000      3.000000      3.000000      0.742051      0.827692      0.678163      0.700292      0.230049      0.356223      0.400000      0.400000      8.733334      8.270000     23.277779     18.958834      4.200000      3.400000      0.784872      0.793000      0.010250      1.200000      1.200000      0.200000      0.200000      0.189474      0.189474      0.154386      0.154386     -0.118310     -0.118310      0.000000      0.000000      0.400000      0.400000      0.000000      0.000000      1.200000      0.200000      0.037895      0.036000     -0.052632
  1             130          1218          6345         0.701          6630     3.802e-04     2.666e-01     1.181e-06     7.557e-07     1.623e+01     2.093e-06     8.179e+00      1.900000      2.100000      0.247179      0.215128      0.144359      0.442885      1.000000      0.840000      2.900000      0.459715      0.450744      0.661589      1.919045      1.868870      0.317437      0.635312      1.200000      1.000000      0.200000      0.000000      0.025000      0.000000      0.023780      0.000000     -0.224821      0.000000      0.200000      0.000000      0.200000      0.000000      0.000000      0.000000      1.400000      0.400000      0.005000      0.205000      0.975610      1.200000      1.200000      0.200000      0.200000      0.336842      0.100000      0.224561      0.090476      0.070391     -0.232878      0.200000      0.200000      0.800000      0.200000      0.000000      0.000000      1.600000      1.000000      0.043684      0.650000      0.932793
  1            8319          1080          5221         0.535          7012     4.796e-04     2.822e-01     1.340e-08     2.498e-07     3.429e+00     4.623e-07     4.087e+00      9.800000      9.200000      0.820256      0.857949     19.012741     14.628846      0.687719      0.666667     12.000000      0.861234     17.745377      0.049092      2.219625      2.270508      0.117188      4.493141      4.800000      5.400000      5.400000      5.600000      1.253333      1.475128      2.302322      2.456364      0.066161      0.084232      1.400000      1.600000      6.516667      5.730000     17.440531     16.815500      6.800000      7.000000      1.364231      1.426250      0.043484      2.000000      2.600000      1.400000      2.000000      0.543421      1.006579      0.699130      1.034538      0.068142      0.680974      0.200000      0.800000      2.800000      4.250000      0.800000      2.870833      2.800000      2.200000      0.620000      0.715000      0.132867
  1            8011           534          1217         0.661          5889     6.579e-04     1.803e-01     2.948e-06     3.222e-07     1.637e+01     1.075e-07     1.988e+01     12.200000     11.400000      0.870513      0.860385     21.605978     24.551313      0.743902      0.662791     16.100000      0.881456     23.688215      0.035082      2.705291      2.532181      0.102937      3.561734      3.000000      4.600000      2.200000      4.400000      0.571026      0.899487      0.484146      0.944880      0.005881     -0.327812      0.400000      2.600000      5.380000      4.852857      7.538000     11.001173      5.000000      4.800000      0.735256      0.780000      0.057364      1.800000      1.400000      0.800000      0.600000      0.686842      0.739474      0.471804      0.627193      0.204800      0.634134      0.200000      0.000000      2.100000      3.200000      4.850000      0.000000      1.800000      0.800000      0.285263      0.280000     -0.018797
  1            4974          5078          7593         0.276          9186     4.564e-04     2.289e-01     1.683e-08     7.333e-08     6.042e+00     2.761e-06     1.124e+01      8.400000      9.900000      0.799359      0.845769      9.121026     18.597565      0.682927      0.660000     13.900000      0.866582     19.116488      0.095151      3.198335      3.286014      0.090500     21.458876      2.000000      2.200000      1.200000      1.600000      0.186859      0.475962      0.150624      0.499040     -0.315649      0.018713      0.800000      1.200000      3.050000      3.850000      0.037500     10.837500      3.000000      2.400000      0.265128      0.625000      0.575795      5.400000      4.000000      9.800000      6.600000      2.782105      2.697895      6.814720      7.683102      0.136001      1.535675      8.000000      4.800000      3.729394      6.713333      4.048205      5.215778      9.000000     14.600000      2.740000      6.302000      0.565217
  1            8636          2440          6303         0.225          7968     2.222e-04     1.984e-01     3.676e-08     2.704e-07     2.588e+00     1.309e-06     1.957e+01      6.600000      7.400000      0.744744      0.725256      4.619167      7.789872      0.846154      0.822222      9.100000      0.768734      6.497864      0.083605      1.862884      2.069917      0.198375      1.468938      4.800000      3.200000      5.000000      2.800000      1.084872      0.863590      1.185230      0.970233     -0.309522      0.601006      3.200000      1.000000      5.704286      8.750000     32.462765     26.309723      6.000000      6.000000      0.974231      1.024000      0.048603      5.000000      3.800000      5.400000      4.000000      1.298947      1.396842      1.596625      2.211412     -0.474281      0.495046      3.400000      2.000000      2.780000      3.891428      3.526889      2.019918      7.400000      7.400000      1.347895      2.215000      0.391470
  2            9847          4261                                               6.559e-04     2.036e-01     1.291e-06     7.453e-08     1.016e+01     9.056e-06     6.284e+00     10.700000     10.900000      0.833333      0.855641     22.226187     29.982933      0.697068      0.654655     15.000000      0.869589     30.500677      0.054950      2.720062      2.880953      0.105938     18.669891      1.400000      2.000000      0.400000      1.000000      0.155769      0.680769      0.120472      0.367779     -0.192707      0.058782      0.200000      0.800000      1.400000      2.300000      0.000000      2.850000      2.200000      1.200000      0.167308      0.199000      0.159258      9.000000      7.200000     19.600000     12.600000      5.767368      3.528421     27.268766      8.292609     -0.028086     -0.094273     14.200000      7.200000      3.039876      3.486316      4.490715      5.375380     16.000000     27.000000      4.647895      7.195000      0.354010
  1            1742          2411          2776         0.717          2947     2.408e-04     1.572e-01     3.272e-07     4.581e-07     1.124e+01     6.756e-06     7.409e+00      3.800000      3.100000      0.466154      0.409744      1.334551      1.364551      0.904762      0.775000      4.900000      0.500285      2.038386      0.219174      1.640842      1.331310      0.438937      2.788375      1.800000      3.400000      0.800000      2.800000      0.135641      0.621538      0.086138      0.674961     -0.166135     -0.037922      0.600000      2.600000      3.600000      4.546667      0.000000      7.345778      4.200000      3.400000      0.378590      0.483000      0.216170      2.400000      3.600000      1.600000      3.400000      0.547368      1.211579      0.446539      1.175021      0.354585      0.541496      1.200000      3.000000      3.400000      3.766667      1.800000      3.580555      6.000000      6.800000      0.879474      3.406000      0.741787
  2             806          3155                                               2.980e-04     2.416e-01     2.907e-07     4.325e-07     1.661e+01     5.507e-06     3.858e+00      2.900000      2.700000      0.284744      0.361026      0.591090      0.502051      0.852941      0.870968      4.200000      0.566772      1.337642      0.599079      2.400892      2.621423      0.195438      3.152062      1.200000      1.200000      0.200000      0.200000      0.047436      0.032479      0.040738      0.029352     -0.112704     -0.167205      0.200000      0.200000      0.600000      0.400000      0.000000      0.000000      1.600000      0.800000      0.023974      0.425000      0.943590      2.200000      1.800000      1.200000      0.800000      0.367105      0.382895      0.316548      0.257094     -0.176581      0.400201      1.200000      0.800000      1.150000      2.200000      1.937500      0.400000      3.800000      4.400000      0.300000      3.060000      0.901961
  2            2988          5050                                               2.334e-04     2.203e-01     1.863e-06     6.060e-08     9.330e+00     3.246e-06     1.194e+01      4.500000      4.500000      0.597179      0.511026      1.698013      2.898974      0.947368      0.891089      6.400000      0.651203      3.123244      0.256349      2.204902      2.288823      0.254125      3.372688      1.400000      1.200000      0.400000      0.200000      0.097436      0.048718      0.088055      0.044028     -0.334411     -0.167205      0.400000      0.200000      0.800000      0.400000      0.000000      0.000000      1.600000      0.600000      0.029231      0.030000      0.025641      2.200000      4.600000      1.400000      5.400000      0.436842      1.685263      0.507040      2.142328      0.228295      0.293025      1.200000      5.200000      2.500000      4.083333      0.050000      6.426389      6.600000      6.800000      1.061053      2.911500      0.635565
  2            9193          2032                                               7.864e-04     2.748e-01     8.814e-06     2.729e-07     1.352e+01     1.668e-06     1.847e+01     15.000000     14.800000      0.905769      0.914487     36.058750     37.106506      0.699301      0.727273     21.500000      0.923165     38.221497      0.027718      3.211241      3.239610      0.064125      8.302656      3.400000      3.200000      2.800000      2.400000      0.667949      0.592564      0.687326      0.606354      0.024987      0.067531      1.600000      1.200000      5.116667      5.283333     16.148611     13.348611      4.800000      4.000000      0.630256      0.710750      0.113252      4.200000      4.600000      5.800000      5.000000      2.215790      1.253684      3.321387      1.719237      0.693203     -0.632306      4.200000      3.400000      4.205454      2.630000      3.693306      4.325500      8.000000      9.200000      1.734737      2.145000      0.191265
  1            2275           916          1218         0.650          4894     8.970e-04     2.008e-01     3.563e-06     1.215e-07     9.771e+00     5.476e-06     1.828e+01      6.700000      6.600000      0.766538      0.785513      2.937051      3.902484      0.911565      0.830189      8.900000      0.815570      3.841246      0.091637      2.247272      2.208739      0.145875      1.835828      1.200000      1.000000      0.200000      0.000000      0.050000      0.000000      0.047561      0.000000     -0.224821      0.000000      0.200000      0.000000      0.200000      0.000000      0.000000      0.000000      1.200000      0.200000      0.005000      0.005000      0.000000      4.000000      3.400000      8.800000      9.200000      3.948421      2.046316     15.695411     11.466032      2.007493     -0.400307      3.200000      3.600000      6.961905      3.558681      4.616724      1.913442      6.800000     12.400000      2.997368      5.312000      0.435736
  2            2613          7250                                               3.437e-04     2.509e-01     1.515e-07     3.873e-07     1.505e+01     6.018e-06     7.705e+00      6.300000      5.900000      0.743590      0.659487     12.120706      5.063334      0.724138      0.648352     10.200000      0.805032     12.742042      0.225432      3.456704      3.335440      0.094062     16.822187      2.200000      2.000000      2.200000      1.400000      0.898718      0.505556      1.564032      0.632981      0.218194      0.213961      1.800000      1.000000      3.175000      5.000000      0.621875      0.320000      3.400000      3.200000      0.421282      0.899000      0.531388      3.600000      4.200000      3.400000      3.800000      0.797895      1.029474      0.703024      0.947179     -0.210754     -0.110443      3.200000      3.600000      2.814286      3.263636      4.913265      3.407025      7.800000     12.200000      0.913684      7.329500      0.875342
  2            8690          1689                                               9.482e-04     1.497e-01     7.820e-08     6.001e-07     1.325e+01     4.267e-06     1.941e+01     11.500000     10.900000      0.885000      0.856282     13.144808     15.162292      0.836364      0.724252     14.400000      0.890222     14.424838      0.042365      2.550584      2.388821      0.090687      1.779266      7.200000      5.800000      7.200000      6.000000      1.650000      1.563333      1.606902      1.637712     -0.158522      0.268513      2.600000      1.400000      6.107692      7.221410     34.611244     29.782452      8.800000      8.600000      1.606667      1.654500      0.028911      6.000000      6.800000      9.000000      9.800000      2.507368      2.768421      5.427335      4.834241      0.048720      0.208567      6.200000      7.000000      3.635472      4.183963      4.873388      5.311522     12.200000     16.000000      2.637895      4.366500      0.395879
  1            8147           474          4204         0.096          6915     6.969e-04     2.525e-01     1.043e-06     9.459e-07     1.044e+01     6.150e-06     2.420e+00     10.700000      9.700000      0.847821      0.820897     14.639631     14.240112      0.823077      0.754864     13.300000      0.840981     14.440443      0.014909      2.322120      2.033328      0.152562      0.724250      9.000000      8.600000     11.400000      9.600000      2.336410      1.888205      4.979005      3.612630     -0.479009     -0.585055      4.600000      2.800000      4.791032      4.403889     22.153299     14.849591     13.200000     14.200000      2.112308      2.351750      0.101815      7.800000      9.200000     12.400000     13.400000      4.252632      4.176842     14.593127     13.546556      0.692112      0.330973      3.000000      4.000000      4.454500      3.638756      7.577095      4.555880     12.800000     16.400000      4.214737      4.132000     -0.020023
  1            4839           801          3386         0.773          4232     5.513e-04     1.924e-01     1.145e-07     2.645e-07     1.750e+01     8.976e-06     1.702e+00      8.800000      8.200000      0.829103      0.832436      8.804615      9.444423      0.830189      0.719298     10.300000      0.851551      9.391218      0.046828      2.157297      2.131267      0.128188      1.509688      2.400000      1.800000      1.600000      0.800000      0.319231      0.235256      0.270722      0.138431     -0.114007      0.038619      1.200000      0.400000      5.000000      5.100000      0.360000      2.450000      2.800000      2.000000      0.221795      0.226000      0.018607      9.000000      7.800000     20.000000     18.799999      4.696842      5.738947     14.777633     30.880489     -0.629704      0.350959      6.400000      5.200000      2.693333      3.914805      5.639908      6.605008     15.600000     25.200001      5.217895      5.943500      0.122084
  1            4097           655          7060         0.679          8798     8.580e-04     2.007e-01     1.374e-07     4.465e-08     1.218e+01     4.979e-06     1.539e+01      9.700000     10.700000      0.817820      0.838462     16.024487     18.507437      0.619808      0.658462     12.900000      0.844051     17.629873      0.036689      2.148598      2.257037      0.140437      2.300750      1.200000      1.600000      0.200000      0.600000      0.148077      0.378846      0.104357      0.248329      0.074159      0.122593      0.000000      0.400000      1.400000      3.100000      0.000000      0.050000      1.600000      0.600000      0.105385      0.109000      0.033169      4.200000      3.800000      9.200000      9.600000      3.901053      4.306316     12.608533     16.446165      1.842650      2.149904      2.000000      2.400000      6.447500      7.799545      4.941219      6.000453      6.600000     11.600000      4.103684      4.159000      0.013300
  2            7774          2036                                               4.506e-04     1.856e-01     1.990e-08     9.952e-07     5.834e-02     1.293e-06     1.934e+01      7.000000      7.200000      0.766154      0.713718      6.275321      6.796603      0.813953      0.837209      9.200000      0.771487      7.455886      0.078004      2.086795      2.048838      0.197750      3.960500     10.000000      9.400000     14.600000     14.000000      3.838974      4.203846     18.856358     17.071854      0.192403      0.595841      5.200000      4.600000      6.500714      6.937727     22.546988     29.361506     16.000000     19.200001      4.021410      4.353875      0.076361      5.600000      4.000000      4.600000      4.200000      1.210526      1.340000      0.829630      1.552164     -0.353911      0.457831      3.600000      3.200000      2.896429      3.696429      4.405293      2.834222      8.400000      7.800000      1.275263      1.552000      0.178310
  2             337          5319                                               5.963e-04     2.704e-01     3.433e-08     9.444e-07     5.702e+00     2.199e-06     7.788e+00      2.800000      3.100000      0.308974      0.377179      0.576410      0.566090      0.848485      0.885714      5.300000      0.611203      4.760459      0.607129      3.475459      3.388710      0.127375     16.575937      1.600000      1.600000      0.600000      0.600000      0.176603      0.204167      0.114869      0.147919      0.001355      0.135274      0.600000      0.600000      3.800000      3.800000      0.000000      0.000000      2.800000      2.200000      0.152308      1.320000      0.884615      1.200000      1.200000      0.200000      0.200000      0.094737      0.197368      0.077193      0.120092     -0.118310      0.144523      0.200000      0.200000      0.400000      1.000000      0.000000      0.000000      1.800000      1.200000      0.058421      0.970000      0.939772
  2            2146          6692                                               6.340e-04     2.916e-01     4.817e-06     8.073e-07     5.838e+00     3.185e-06     1.836e+01      6.800000      6.000000      0.727692      0.677564      9.229904     13.538141      0.626728      0.612245     10.700000      0.801203     15.509486      0.216813      3.604235      3.386794      0.102688     16.864780      2.800000      2.800000      2.200000      2.000000      0.553526      0.437821      0.841106      0.395671     -0.405462     -0.244864      1.800000      1.600000      2.185714      4.400000      6.870408      5.866667      5.000000      4.200000      0.396538      1.180250      0.664022      2.400000      3.000000      2.200000      2.200000      0.804211      0.432632      0.829128      0.325375      0.438706     -0.582226      2.000000      2.000000      3.657143      1.370000      2.983674      3.465500      5.200000      6.800000      0.618421      3.949000      0.843398
  1            8447          7931          9036         0.373          9073     4.762e-04     2.125e-01     1.541e-06     4.035e-07     8.102e+00     1.888e-06     1.767e+01     10.300000     10.300000      0.843590      0.841667     12.708109     18.663029      0.749091      0.735714     14.900000      0.889810     19.218176      0.099221      3.127584      3.273619      0.064187     14.738078      5.000000      4.600000      5.600000      4.200000      1.284615      1.220513      2.222039      1.139924      0.002136      0.519367      4.200000      2.800000      6.032143      7.100000     18.326977     20.594999      8.200000      8.400000      1.252564      1.556125      0.195075      4.600000      3.800000      4.200000      4.600000      1.400000      2.305263      1.078544      4.281189     -0.156887      0.917713      4.000000      4.400000      2.414444      4.516667      2.270438      4.124802      8.000000      8.800000      1.482105      2.814000      0.473310
  1            6181          3475          4989         0.330          6252     7.093e-04     2.688e-01     3.050e-06     2.423e-07     1.164e+01     4.904e-06     9.815e+00     10.900000     10.000000      0.807820      0.815769     28.299952     24.611956      0.689873      0.632911     15.900000      0.846171     27.921539      0.077947      3.093684      3.047664      0.120312      7.111859      2.400000      2.600000      1.400000      1.600000      0.267692      0.354359      0.184688      0.253697     -0.184204     -0.100550      1.000000      1.200000      4.150000      5.533333      0.937500     10.511111      3.600000      2.600000      0.311026      0.360250      0.136639      4.200000      6.400000      5.600000      9.000000      1.025263      3.509474      2.217956     10.328744     -1.193152      1.369027      4.200000      7.600000      1.508333      6.254804      2.227431      9.292251     10.400000     13.800000      2.267368      5.124000      0.557500
  2            6031           505                                               7.236e-04     1.821e-01     4.598e-07     1.781e-07     8.395e+00     5.284e-06     7.888e+00      9.400000     10.200000      0.850256      0.846410     12.874807     11.302949      0.728682      0.784615     12.300000      0.862373     12.289003      0.032303      2.078865      2.244240      0.123938      1.394938      2.200000      2.600000      1.400000      1.800000      0.511859      0.441346      0.585652      0.540648      0.189606     -0.298012      0.200000      0.600000      3.700000      3.400000     11.350000      7.500000      2.800000      2.000000      0.381282      0.383500      0.005783      5.200000      6.600000      6.200000      8.200000      1.811579      2.787369      2.173562      4.487274      0.142921      0.810029      4.400000      6.400000      3.701905      5.153680      4.070617     10.624164     11.000000     12.600000      2.299474      2.947500      0.219856
  1            3242          3504          4295         0.402          4972     1.931e-04     2.407e-01     1.199e-07     8.548e-07     8.548e+00     6.256e-06     1.747e+01      4.400000      4.600000      0.557820      0.599615      1.706859      3.816346      0.800000      0.793103      6.000000      0.670665      3.309051      0.238627      1.942961      2.152950      0.239688      2.300500      4.800000      7.200000      5.600000      7.600000      1.725128      1.774615      3.542891      2.764399      0.662953     -0.220194      4.800000      6.800000      8.621667      4.660317     37.290985     16.952776     10.600000     12.400000      1.749872      2.894750      0.395502      5.000000      4.800000      9.000000      8.800000      2.234737      2.810526      9.753099     10.495360     -0.487629      0.542332      7.000000      6.800000      2.726667      4.253947      1.688857      2.759790      9.600000     15.800000      2.522632      5.441000      0.536366
  1            5505          4863          5706         0.468          7763     9.604e-04     1.389e-01     6.066e-07     2.423e-08     2.046e+00     9.054e-06     1.201e-01     10.000000      7.900000      0.806923      0.789231     14.796779      6.903461      0.772201      0.782178     13.900000      0.866804     13.640614      0.145833      3.526578      3.436184      0.066188     11.564953      1.000000      1.200000      0.000000      0.200000      0.000000      0.408974      0.000000      0.242025      0.000000      0.211191      0.000000      0.200000      0.000000      2.200000      0.000000      0.000000      1.200000      0.200000      0.040897      0.145000      0.717949      9.400000     11.400000     23.600000     16.000000      8.688421      4.493684     36.123451     12.397344      0.998794     -0.179403     17.200001      9.600000      4.131981      2.860000      4.877064      4.301445     20.799999     40.799999      6.591053     23.188499      0.715762
  1            1368          3426          4204         0.968          5807     5.155e-04     1.810e-01     2.407e-07     8.440e-08     4.986e+00     7.829e-06     8.685e+00      5.300000      5.400000      0.691282      0.618974      1.779808     10.032308      0.913793      0.739726      8.200000      0.797247      7.854446      0.300776      3.362812      3.328213      0.064187      7.991437      1.200000      1.000000      0.200000      0.000000      0.050000      0.000000      0.047561      0.000000     -0.224821      0.000000      0.200000      0.000000      0.200000      0.000000      0.000000      0.000000      1.200000      0.200000      0.005000      0.005000      0.000000      3.200000      5.200000      2.200000      5.000000      0.371579      1.304211      0.246032      1.506583     -0.798806     -0.390604      2.000000      4.800000      1.600000      2.731667      1.688889      3.459653      8.400000     14.600000      0.837895     10.365000      0.919161
  2            5013          4280                                               2.648e-04     2.866e-01     3.640e-08     2.724e-07     3.690e+00     3.113e-06     1.118e+01      5.100000      4.600000      0.625000      0.567051      2.397885      9.728270      0.894737      0.525714      6.500000      0.642025      6.431234      0.132225      1.685254      1.628046      0.313125      1.757375      4.200000      4.000000      3.400000      4.400000      0.622308      1.204359      0.672285      2.966821     -0.606060     -0.104402      2.800000      3.800000      3.050000      5.190000      6.587500     13.629500      7.000000      7.200000      0.913333      1.421875      0.357656      4.800000      4.000000     11.200000      5.000000      5.006316      1.734737     27.737812      2.258034      2.114579      0.453704      9.200000      3.000000      8.123587      3.436667      4.124411      5.153278      8.400000     14.400000      3.370526      5.574500      0.395367
  1            3215          5423          5987         0.399          7713     3.026e-04     2.115e-01     7.379e-08     4.653e-07     5.254e+00     3.393e-06     1.050e+01      4.900000      4.400000      0.572308      0.580385      2.607308      4.062180      0.859649      0.676923      6.900000      0.699873      3.785696      0.297043      2.660569      2.313458      0.179688      1.948000      3.600000      2.800000      2.600000      1.800000      0.454872      0.388205      0.310965      0.255301     -0.604848      0.024456      2.600000      1.800000      3.766667      5.660000      9.994445      6.562000      5.400000      4.400000      0.421538      0.690000      0.389075      4.000000      3.600000      4.000000      3.600000      1.398947      0.726316      1.674302      1.095862      0.475991     -0.657334      3.800000      3.400000      3.994444      1.816667     10.210957      1.815278      7.600000     10.600000      1.062632      5.048000      0.789495
  1            5904          3750          7870         0.108          8972     2.335e-04     1.813e-01     7.495e-06     2.113e-07     9.882e+00     4.964e-06     1.542e+01      6.200000      6.900000      0.741410      0.775000      5.110961      9.065176      0.746988      0.754098      9.400000      0.813639      8.653248      0.126232      2.434029      2.738279      0.132313      6.536860      2.600000      2.400000      1.600000      1.400000      0.266410      0.298462      0.190834      0.198975     -0.487181     -0.102727      1.400000      1.200000      3.200000      4.200000     14.100000      3.333333      3.800000      2.800000      0.282436      0.381750      0.260155      8.800000      8.400000     12.000000     14.000000      2.861053      4.772632      4.238797     12.440446     -0.554735      0.685336      9.000000     11.000000      2.920295      4.731740      7.511375      9.216894     17.000000     24.799999      3.816842      7.802500      0.510818
  2            4276          2124                                               8.461e-04     2.041e-01     1.114e-08     2.932e-07     2.865e+00     5.209e-06     1.786e+01      7.700000      7.300000      0.694615      0.756026     11.804551      8.333205      0.712963      0.708738     10.200000      0.766044     11.366567      0.099727      2.276164      2.340881      0.194250      5.629313      4.000000      5.000000      3.400000      5.000000      1.141026      1.440769      1.210329      1.579309      0.959350      0.737317      1.200000      2.800000      9.307143      9.606667     19.042603     24.604221      6.800000      6.200000      1.290897      1.525750      0.153926      4.600000      6.600000      7.800000     10.800000      2.370526      3.793684      6.798831      6.632036      0.188050      0.913400      4.800000      7.800000      3.866667      5.197727      2.902778      9.776539     11.000000     15.600000      3.082105      4.151000      0.257503
  2            2013          9873                                               4.500e-04     1.824e-01     8.839e-08     6.747e-08     1.017e+01     5.276e-06     1.626e+01      4.500000      4.800000      0.575641      0.611282      1.607628      2.194679      0.818182      0.842105      7.900000      0.746076      9.098924      0.337455      3.227207      3.446459      0.105125     28.526251      1.400000      1.200000      0.400000      0.200000      0.155769      0.048718      0.115081      0.044028     -0.127426     -0.167205      0.400000      0.200000      0.700000      0.400000      1.250000      0.000000      1.600000      0.600000      0.040897      0.045000      0.091168      2.000000      3.400000      2.600000      2.600000      0.913684      0.680000      2.528856      0.663726      0.466710     -0.296135      2.600000      2.600000      3.440000      2.820000      1.152000      2.698000      5.400000     11.400000      0.796842      8.220000      0.903061
  2            1901          5209                                               1.819e-04     1.365e-01     3.742e-08     4.459e-08     1.957e+01     8.689e-06     1.834e+01      4.100000      3.800000      0.565513      0.489872      1.169295      1.164423      0.931818      0.926829      5.500000      0.632437      1.524494      0.280990      2.034883      2.053431      0.265438      1.471000      1.400000      1.000000      0.600000      0.000000      1.157692      0.000000      1.172791      0.000000      0.279639      0.000000      0.600000      0.000000      2.600000      0.000000     10.000000      0.000000      1.400000      0.600000      0.115769      0.235000      0.507365      6.200000      7.200000      9.200000      9.400000      3.353684      2.388421     11.711858      3.530465      0.349833     -0.595445      7.000000      7.200000      4.194445      2.777778      6.747994      4.903427     13.400000     24.200001      2.871053     14.336500      0.799738
  1            4257          5102          6498         0.933          9289     3.521e-04     1.625e-01     1.610e-08     2.162e-07     6.900e+00     2.074e-07     1.400e+01      5.700000      4.900000      0.546538      0.503846      6.149423      4.061731      0.770270      0.731343      7.400000      0.590063      7.290348      0.197511      1.962077      1.730978      0.346687      8.885125      1.600000      2.000000      0.600000      1.200000      0.332479      0.400427      0.205389      0.419403      0.180580     -0.244445      0.400000      1.000000      2.000000      2.566667      8.133333      5.427778      2.600000      1.600000      0.219872      0.280000      0.214744      1.200000      1.200000      0.200000      0.200000      0.050000      0.197368      0.045238      0.120092     -0.232878      0.144523      0.200000      0.200000      0.200000      1.000000      0.000000      0.000000      1.600000      0.600000      0.049474      0.260000      0.809717
  1            2797          2044          6378         0.167          9960     9.867e-04     2.739e-01     4.767e-06     2.147e-07     1.695e+01     1.222e-06     1.683e+01      9.900000      9.800000      0.829359      0.825897     21.850288     13.462548      0.712230      0.675862     15.100000      0.877816     19.038065      0.105888      3.333174      3.137811      0.073250      6.340328      1.200000      1.800000      0.200000      1.400000      0.025000      0.628205      0.023780      1.084006     -0.224821     -0.262404      0.200000      1.400000      0.200000      1.266667      0.000000      0.777778      2.000000      1.600000      0.130641      0.145000      0.099027      1.800000      2.400000      0.800000      1.400000      0.173684      0.422105      0.117243      0.303086     -0.331715      0.137145      0.800000      1.400000      2.200000      2.400000      0.000000      2.233333      3.600000      2.600000      0.297895      1.020000      0.707946
  1            8838          3473          6427         0.439          7620     6.093e-04     2.093e-01     3.628e-08     8.883e-07     6.605e+00     9.333e-06     7.323e-01     11.100000     11.400000      0.872949      0.877436     16.808846     13.337996      0.707006      0.794425     14.700000      0.896044     15.540518      0.044433      2.725141      2.735038      0.083625      2.598703      7.200000      6.400000     10.800000     10.000000      2.959231      2.666154      7.271595      6.432356      0.516585      0.188065      4.800000      4.000000      8.477381      6.593651     43.238823     26.762409     11.400000     14.800000      2.812692      3.370875      0.165590      9.800000     10.200000     24.799999     23.600000      5.948421      9.403158     34.891491     47.008472     -0.677984      1.525533     12.000000     10.800000      2.450909      5.258134      3.765611     10.535472     19.799999     35.599998      7.675789     11.519000      0.333641
  2            4293          4058                                               9.808e-04     1.622e-01     1.645e-08     2.980e-07     1.122e+01     8.309e-06     4.981e+00      8.900000      8.900000      0.809103      0.802436     12.181651     20.490641      0.784141      0.635714     13.300000      0.849240     18.064032      0.095973      2.944483      2.897608      0.108375      7.641953      2.600000      4.200000      2.000000      3.400000      0.616667      1.090705      0.601694      1.003132      0.058137      0.221718      1.200000      2.600000      4.666667      5.880000     24.511110     20.419428      5.400000      4.600000      0.682949      1.002750      0.318924      7.600000      6.600000     11.400000      7.200000      3.184211      1.810526      4.499064      1.894703      0.122616     -0.268587     10.200000      6.000000      3.085008      3.228095      5.441687      5.938910     14.200000     19.000000      2.497368      6.614500      0.622440
  1            6529          1030          2173         0.452          6603     1.646e-04     2.475e-01     4.619e-06     2.675e-07     2.644e+00     5.147e-06     8.399e+00      5.800000      5.900000      0.597949      0.627564      5.185673      7.481330      0.800000      0.659218      7.700000      0.627943      6.513865      0.047166      1.446599      1.468382      0.357250      1.029109      2.600000      3.600000      1.600000      4.200000      0.414359      0.992564      0.272339      4.054004      0.088580     -0.551013      0.800000      3.400000      5.120000      3.325000      6.848000      0.996875      4.400000      5.000000      0.703462      0.865500      0.187219      7.400000      7.800000     12.000000     19.200001      1.927368      6.378947      6.560507     29.908560     -1.468608      0.531073      5.800000     13.000000      1.708088      3.889943      2.492450      5.866032     14.600000     25.000000      4.153158      8.702500      0.522763
  2            9137          5295                                               7.063e-04     1.638e-01     2.457e-06     2.941e-07     1.027e+01     3.306e-07     1.441e+00     12.100000     10.800000      0.877692      0.871026     15.800481     12.200561      0.896296      0.805970     15.400000      0.897025     15.247473      0.048795      2.868163      2.759300      0.080875      5.625484      4.200000      4.800000      4.600000      5.200000      1.233077      1.655128      2.493373      2.594916      0.386900      0.751932      1.600000      2.200000      7.966667      9.685000     23.494444     27.528875      6.600000      6.800000      1.444103      1.623000      0.110226      2.200000      1.600000      2.200000      0.600000      0.739474      0.264474      1.827694      0.148058     -0.108328      0.271825      2.200000      0.600000      1.866667      3.000000      0.711111      0.000000      3.000000      2.800000      0.401579      0.670000      0.400628
  2            6265          3607                                               8.828e-04     1.353e-01     2.268e-07     4.492e-07     1.532e+01     8.886e-06     1.192e+01      9.900000      9.000000      0.857949      0.825897     21.265320      9.302308      0.649180      0.714286     12.700000      0.874494     16.483339      0.071724      2.797723      2.662565      0.093750      5.502313      3.600000      3.800000      4.200000      3.600000      1.159487      0.863846      1.690810      1.112723      0.232441     -0.047868      2.200000      1.600000      6.643333      4.133333     21.167278     11.265778      6.000000      5.800000      1.011667      1.150250      0.120481      8.400000      6.800000     13.800000      8.600000      4.100000      2.851579     16.107897      4.318480      0.186785      0.547412     10.400000      5.200000      3.589636      5.082082      4.002197     12.337008     15.200000     23.600000      3.475790     12.342500      0.718389
  2            1170          4157                                               9.843e-04     1.751e-01     1.006e-08     8.675e-07     1.992e+01     4.544e-06     1.368e+01      6.400000      7.100000      0.756154      0.785513      4.628269      4.649038      0.800000      0.845238     10.200000      0.830158      8.871646      0.133179      2.962996      3.028244      0.112000     16.952250      1.400000      1.400000      0.400000      0.400000      0.189103      0.073718      0.128004      0.067808     -0.073883     -0.392027      0.400000      0.400000      0.900000      0.600000      2.450000      0.000000      2.000000      1.000000      0.052564      0.260000      0.797830      1.600000      1.400000      0.600000      0.600000      0.153684      0.127368      0.099148      0.176023     -0.098836     -0.255252      0.600000      0.600000      2.000000      0.800000      0.000000      0.000000      2.800000      3.400000      0.140526      2.370000      0.940706
  2            2897          6996                                               9.597e-04     1.537e-01     7.867e-07     5.122e-07     6.364e+00     3.191e-06     9.332e+00      8.100000      7.900000      0.771923      0.789103     17.490177      8.043782      0.669421      0.718182     12.400000      0.840127     17.608936      0.131205      3.175332      3.244921      0.101750     19.764078      4.200000      4.600000      3.400000      3.600000      0.837436      0.811538      0.647129      0.596993      0.108645     -0.198809      3.400000      3.600000      5.100000      5.140476     13.905556     17.819586      8.200000      8.000000      0.824487      2.140000      0.614726      4.800000      2.600000      4.200000      2.200000      1.320000      0.440000      1.225542      0.882796      0.418251     -0.640749      4.000000      2.000000      4.033333      1.566667      4.456349      0.427778      7.400000     10.200000      0.880000      6.029000      0.854039
  1            1807          4099          5373         0.628          9652     9.160e-04     1.233e-01     1.925e-06     1.673e-07     1.937e+01     2.612e-06     1.736e+01      8.200000      6.400000      0.768462      0.762436     14.852436      4.378077      0.748858      0.800000     11.500000      0.838576     16.629288      0.159804      3.352125      3.209062      0.090125     28.186188      2.200000      1.400000      1.400000      0.600000      0.524359      0.280769      0.432429      0.272170      0.443333      0.278901      1.200000      0.400000      7.600000      4.400000      0.500000      0.000000      2.400000      1.800000      0.322051      0.524000      0.385398      2.000000      2.800000      1.000000      1.800000      0.100000      0.683158      0.086667      0.439482     -0.838013      0.774916      1.000000      1.800000      0.600000      5.133333      0.000000      2.977778      4.800000      4.400000      0.391579      3.150000      0.875689
  2            4716          8758                                               7.753e-04     2.468e-01     2.420e-07     8.187e-07     7.049e+00     5.077e-06     1.704e+01      8.900000     10.100000      0.841795      0.866923     12.127212      9.303590      0.712000      0.748148     14.500000      0.897911     15.972271      0.091278      3.326255      3.592048      0.059625     21.300406      8.600000      6.800000     10.000000      8.400000      2.547692      2.292564      4.747733      3.729435     -0.043395      0.435326      9.000000      7.400000      6.021825      7.546568     30.329845     25.568895     14.800000     17.400000      2.420128      3.695750      0.345159      5.400000      6.800000      6.200000     13.000000      1.773684      4.809474      2.117321     17.241943      0.302930      0.734120      5.000000     11.800000      4.282857      4.692766      5.562408      7.886414     12.200000     23.799999      3.291579     12.565500      0.738046
  2            2301          3176                                               3.523e-04     2.663e-01     5.353e-06     2.991e-07     7.366e+00     4.611e-06     4.021e-01      4.900000      4.200000      0.613846      0.593846      5.543077      3.931923      0.705036      0.677419      6.600000      0.707215      5.478734      0.252378      2.453971      2.283643      0.192000      3.164750      1.400000      1.000000      0.400000      0.000000      0.117308      0.000000      0.099143      0.000000     -0.286138      0.000000      0.400000      0.000000      1.000000      0.000000      0.000000      0.000000      1.400000      0.400000      0.023462      0.025000      0.061538      2.000000      3.400000      1.800000      2.200000      1.057895      0.696053      1.277694      0.373816      1.292155     -0.144339      1.800000      2.200000      6.100000      2.220000      1.350000      1.958000      4.600000      4.400000      0.701579      1.470000      0.522735
  1             469          2739          3324         0.581          6786     7.333e-04     1.488e-01     4.840e-07     7.153e-07     1.916e+01     9.231e-06     1.532e+01      3.500000      4.500000      0.420513      0.580513      1.048846      2.187933      0.875000      0.900000      6.700000      0.670854      4.224791      0.400933      2.901717      3.252076      0.163062     10.376204      2.000000      1.000000      1.200000      0.000000      0.336667      0.000000      0.303000      0.000000      0.239758      0.000000      1.200000      0.000000      6.300000      0.000000      0.050000      0.000000      3.000000      2.200000      0.168333      1.485000      0.886644      1.800000      1.600000      1.200000      0.600000      0.289474      0.242105      0.287224      0.143124     -0.005233      0.467265      1.200000      0.600000      2.500000      3.200000      1.250000      0.000000      3.400000      4.800000      0.265789      3.530000      0.924706
  1            5101           529          5429         0.945          7040     9.037e-04     1.632e-01     1.963e-06     4.074e-07     8.708e+00     7.444e-06     6.331e+00      8.800000      8.600000      0.818462      0.798205      9.267467      6.484006      0.758621      0.873096     10.900000      0.829525      8.581725      0.050132      2.136248      1.890775      0.149813      3.182437      3.800000      4.200000      3.400000      3.600000      0.813077      0.798205      0.856032      0.916141     -0.030699     -0.170553      1.200000      1.400000      6.200000      5.030000     19.950001      8.492167      5.400000      4.800000      0.805641      0.831500      0.031099      6.200000      6.600000      7.200000     11.200000      1.924211      3.320000      2.400557     11.107101     -0.032019      0.048527      4.400000      8.400000      3.640000      3.254338      7.448000      2.252721     11.400000     15.600000      2.622105      3.040000      0.137465
  2            5948          4630                                               9.769e-04     2.940e-01     1.658e-07     1.089e-07     1.457e+01     5.058e-06     1.991e+01     12.600000     11.900000      0.889359      0.864487     58.691059     36.141026      0.588785      0.596491     18.500000      0.907532     54.736225      0.064296      3.587616      3.218994      0.062625     31.285532      1.600000      2.000000      0.600000      1.000000      0.210000      0.196410      0.109617      0.131787      0.418682     -0.312090      0.400000      0.800000      7.000000      2.400000      0.000000     12.400000      2.400000      1.400000      0.203205      0.275000      0.261072      6.200000      3.800000      7.000000      3.200000      2.063158      0.751579      2.385375      0.574514      0.103501     -0.679878      6.800000      3.000000      3.825469      2.211111      5.862269      3.410494      9.400000     10.600000      1.407368      3.178000      0.557153
  2            7965          7753                                               4.245e-04     2.237e-01     2.850e-06     1.276e-07     2.868e+00     4.271e-06     1.864e+01     10.600000      9.600000      0.862051      0.819487     24.066010     14.971699      0.648318      0.730038     14.800000      0.885665     25.312757      0.095520      3.330814      3.161399      0.070562     23.861860      4.800000      3.400000      4.000000      3.000000      1.120000      0.822051      0.968416      0.948734      0.418279      0.441758      2.600000      1.600000      6.797619      7.048572     16.442829     13.676776      6.800000      5.600000      0.971026      1.456250      0.333201      7.600000      8.000000     14.400000     21.799999      5.573684      7.902105     17.935644     26.633165      1.342692      1.045264      6.200000     13.600000      5.444735      4.987247      8.520933      8.645552     15.600000     28.000000      6.737895      8.490500      0.206420
  1            4028          6009          8967         0.559          9689     4.746e-04     2.683e-01     9.850e-07     3.671e-07     3.383e+00     8.866e-06     9.508e+00      6.100000      5.800000      0.632692      0.635128     11.733974     12.881154      0.701149      0.597938      8.600000      0.712089     13.739557      0.195650      2.332200      2.302131      0.211688      6.271750      3.600000      2.800000      3.200000      2.000000      0.502051      0.255385      0.545880      0.230935     -0.814384     -0.736322      2.800000      1.600000      1.840000      2.116667      4.792000      1.998611      5.200000      4.800000      0.378718      1.020500      0.628890      5.400000      5.800000      6.000000      8.400000      1.926316      1.340000      2.650270      2.106461      0.278980     -1.334630      4.600000      7.000000      3.941282      1.756373      4.113530      2.253719     11.200000     20.000000      1.633158     12.343500      0.867691
  2            8611          9540                                               4.702e-04     2.645e-01     1.862e-08     7.508e-08     4.926e+00     3.634e-06     3.241e+00      9.900000      9.300000      0.840897      0.750897     21.518766     18.640865      0.626582      0.654930     14.100000      0.841392     25.254545      0.101119      3.057041      2.878513      0.114250     21.444172      1.000000      1.600000      0.000000      0.600000      0.000000      0.309615      0.000000      0.254609      0.000000     -0.007603      0.000000      0.600000      0.000000      2.500000      0.000000      0.450000      1.600000      0.600000      0.061923      0.075000      0.174359      6.800000      7.000000     13.000000      8.200000      3.095789      2.051579     13.496268      2.583141     -0.609601     -0.614808     10.800000      6.000000      2.532857      1.770551      1.618253      1.991529     13.600000     22.400000      2.573684     10.514000      0.755214
  2            7374          6348                                               5.769e-04     2.658e-01     4.867e-07     4.077e-07     2.844e-01     9.319e-06     1.305e+01      8.900000     10.300000      0.825256      0.830641      8.627756     18.734856      0.805430      0.792308     14.400000      0.879335     18.537052      0.109110      3.369434      3.350890      0.070562     19.864265      3.800000      4.400000      3.400000      4.800000      1.059744      0.754359      1.200514      1.095566      0.659214     -0.798258      2.400000      3.800000      8.115000      3.875000     27.028875     15.039732      6.800000      7.200000      0.907051      1.131250      0.198187      8.000000     10.400000     11.400000     28.000000      3.146316      9.424211      5.787819     70.719681      0.116641      0.693500      5.200000     21.799999      3.979091      4.002843      7.060743      5.540851     18.400000     33.799999      6.285263     11.090500      0.433275
  1            4919           701          6783         0.386          7112     2.805e-04     2.000e-01     3.925e-08     5.771e-07     9.364e-01     9.916e-06     2.976e+00      5.200000      4.700000      0.661923      0.643718      1.726859      1.819487      0.962963      0.824561      5.900000      0.668354      1.771313      0.045259      1.235225      1.169699      0.316500      0.081312      5.800000      4.400000      6.000000      4.600000      1.483077      1.077692      2.004091      1.731745     -0.115565     -0.115645      2.400000      1.000000      5.001818      5.333333     17.821680      9.544444      7.000000      7.000000      1.280385      1.445500      0.114227      9.400000      9.000000     19.400000     19.200001      5.867368      4.451579     17.569244     11.450599      0.295652     -0.814602      7.400000      7.200000      3.583302      2.446442      4.787480      4.422157     17.600000     26.600000      5.159474      7.968500      0.352516
  2            7549          6358                                               3.141e-04     1.055e-01     2.054e-06     4.740e-07     1.838e+01     6.407e-06     1.141e+01      6.800000      7.900000      0.777949      0.763205      3.484343     10.712292      0.964539      0.669492     10.500000      0.832468      8.359596      0.137410      2.886253      2.852904      0.107188      5.336969      4.400000      4.200000      5.600000      5.000000      1.413846      1.426923      2.295181      2.805558     -0.002970      0.284710      3.800000      3.200000      6.240000      5.521667     24.916000     12.561819      7.200000      8.800000      1.420385      2.292750      0.380489      7.800000      6.600000     10.800000     10.000000      3.023158      2.424211      6.000613      3.193623     -0.072222     -0.315068      8.400000      7.600000      3.469177      2.466667      4.818489      4.260111     14.400000     23.600000      2.723684     11.004000      0.752482
  2            7232          2781                                               2.725e-04     1.484e-01     7.007e-06     1.496e-07     3.713e+00     7.612e-06     3.680e+00      7.000000      6.900000      0.690385      0.659872     11.079439     10.412164      0.736842      0.779661      9.300000      0.699082     10.946305      0.065572      1.802095      1.859832      0.277562      1.329281      2.600000      2.200000      1.600000      1.200000      0.490064      0.258974      0.355073      0.172589     -0.050354     -0.181845      1.200000      0.800000      3.350000      3.366667      8.837500     11.294444      3.400000      2.400000      0.299615      0.322500      0.070960      7.600000      7.000000     14.400000      9.600000      3.065263      1.921053      6.068583      4.635127     -0.943932     -0.951250     11.000000      6.200000      2.155018      2.117949      2.376753      0.956385     14.400000     21.000000      2.493158      6.343000      0.606943
  2            4779          1372                                               7.615e-04     2.555e-01     1.532e-07     9.315e-07     4.132e+00     1.098e-06     1.984e+01     10.300000     10.800000      0.863077      0.839872     16.856266     18.262869      0.705479      0.744828     13.600000      0.876804     18.260744      0.055594      2.527242      2.531458      0.098500      3.647625      5.200000      4.200000      5.400000      4.200000      1.108974      1.150256      1.973034      1.467190     -0.579649      0.080239      2.400000      1.200000      3.709524      5.273334      9.130499     23.806444      6.800000      6.600000      1.129615      1.223000      0.076357      2.400000      1.600000      1.400000      0.600000      1.007895      0.352632      0.969660      0.228822      0.062257     -0.198338      1.200000      0.400000      1.480000      1.100000      1.088000      2.450000      2.800000      1.800000      0.272105      0.294000      0.074472
  1            6209          2646          3659         0.978          6394     3.920e-04     2.905e-01     8.938e-06     9.763e-07     1.241e+01     9.058e-06     1.981e+01      9.600000     10.300000      0.836538      0.806282     42.662838     45.989136      0.528926      0.565934     14.800000      0.868861     47.203903      0.102941      3.139240      3.082114      0.084875     13.584078      6.800000      7.600000     11.200000      9.600000      2.373333      2.990000      5.205066      6.226830     -0.267039      0.603201      5.600000      4.000000      5.539927      7.720635     19.254398     32.405838     12.600000     15.200000      2.681667      3.330625      0.194846      5.200000      9.800000     15.200000     12.200000      3.935790      3.112632     29.091188      9.236230     -0.331463     -0.549506     11.000000      8.000000      2.936537      2.688889      2.712394      3.218827     14.600000     23.799999      3.524210     11.284500      0.687695
  1             201          4341          5070         0.576          6663     3.878e-04     2.019e-01     1.325e-07     6.217e-07     1.282e+01     2.255e-06     6.824e+00      2.100000      2.800000      0.205385      0.394744      0.260064      0.873590      0.840000      0.875000      4.300000      0.589114      6.023497      0.654939      3.010073      3.396760      0.129063     21.582188      1.200000      1.400000      0.200000      0.400000      0.086154      0.029487      0.049104      0.027123      0.237663     -0.392027      0.200000      0.400000      2.400000      0.600000      0.000000      0.000000      2.000000      1.200000      0.057821      0.675000      0.914340      1.400000      1.200000      0.400000      0.200000      0.109211      0.047368      0.072410      0.038596     -0.105556     -0.118310      0.400000      0.200000      0.500000      0.400000      0.450000      0.000000      2.400000      4.200000      0.062632      3.670000      0.982934
  1            3646          1648          3784         0.867          6448     4.814e-04     1.081e-01     3.007e-08     6.669e-07     5.568e+00     8.158e-06     4.774e+00      6.100000      7.000000      0.742308      0.727308      5.669872      5.860705      0.726190      0.813953      8.500000      0.785063      6.295743      0.118613      2.181784      2.229711      0.165937      2.383563      3.600000      4.800000      3.600000      5.000000      1.067949      0.956154      1.477150      1.698496      0.494187     -0.221763      2.000000      3.400000      8.550000      4.438095     21.037500      7.668934      6.800000      7.000000      1.012051      1.146750      0.117461      7.200000      7.800000      9.800000     10.600000      2.938947      3.078947      4.902289      4.760540      0.412694      0.264704      7.400000      8.200000      4.199603      3.992949      5.237896      4.443341     14.400000     18.000000      3.008947      4.288000      0.298287
  2            6082          6611                                               1.367e-04     1.642e-01     3.634e-08     5.966e-07     1.512e+01     5.146e-06     8.887e+00      6.200000      5.800000      0.686923      0.590385      4.325513      4.135321      0.826667      0.794521      8.000000      0.708449      6.030142      0.176890      2.244722      2.206889      0.223500      7.320437      6.000000      7.200000      5.600000      6.600000      1.141282      1.368718      1.175184      1.633912     -0.272194     -0.215324      4.200000      5.200000      4.744444      4.196154     10.759828     20.087288     11.800000     10.800000      1.255000      1.808625      0.306103      7.400000     10.200000     15.600000     21.000000      6.045263      7.890526     30.115215     34.601826      1.338461      1.245268      8.800000     14.200000      5.328398      4.899967      5.036155      7.744640     17.600000     34.599998      6.967895     18.156500      0.616231
  2            6616          4055                                               5.673e-04     2.111e-01     6.600e-08     3.429e-07     3.152e+00     5.827e-06     1.033e+01     10.700000      9.700000      0.868718      0.826282     19.475449      9.857757      0.727891      0.776000     14.100000      0.880475     16.520380      0.071648      2.916546      2.784204      0.087375      8.055750      3.600000      4.800000      3.600000      4.600000      0.570513      0.927436      0.823174      1.129727     -0.362653     -0.454507      2.400000      3.400000      5.026667      3.680000      8.296445     19.680000      6.800000      7.000000      0.748974      1.298500      0.423200      7.800000      6.000000     14.400000     13.200000      3.053684      4.252632      8.104111     15.998908     -0.725772      0.525254      9.400000      8.200000      2.154622      4.078170      2.180414      4.272977     13.400000     22.600000      3.653158      5.587500      0.346191
  2            2343           413                                               7.637e-04     1.910e-01     3.133e-08     1.968e-07     1.963e+01     5.379e-06     1.909e+01      6.000000      6.400000      0.735256      0.696923      3.414359      3.623141      0.882353      0.876712      7.400000      0.740823      3.676345      0.063735      1.606480      1.553258      0.235062      0.798437      1.600000      2.400000      0.600000      1.400000      0.114103      0.308013      0.092374      0.215436     -0.302296     -0.274136      0.200000      1.000000      2.000000      3.733333      0.000000      3.644444      2.600000      1.600000      0.168846      0.183000      0.077343      3.400000      4.200000      3.600000      4.800000      1.154737      1.466316      1.856848      3.083013      0.295566      0.051727      1.800000      3.000000      3.533333      3.110000      4.888889      6.350167      6.000000      6.600000      1.310526      1.676000      0.218063
  2            8170          6239                                               3.772e-04     2.133e-01     8.436e-07     2.057e-07     1.351e+01     9.451e-06     1.389e+01      9.200000      8.200000      0.813205      0.805000     24.093958     11.003141      0.669091      0.719298     11.700000      0.855665     18.181278      0.101499      2.579051      2.603352      0.098937      3.376703      3.400000      3.200000      3.400000      2.800000      1.112564      0.658718      1.394455      0.728498      0.833178     -0.047080      2.200000      1.600000      9.566667      6.150000     16.861111      8.287500      5.400000      5.000000      0.885641      1.246500      0.289498     11.800000      8.200000     37.000000     19.799999     13.378947      6.412632    134.644577     21.513695      1.075867      0.475455     28.000000     10.800000      4.080844      3.739337      4.138087      3.035363     20.000000     48.200001      9.895789     22.924500      0.568331
  2            1748          7017                                               1.147e-04     2.942e-01     1.149e-08     7.994e-07     7.255e-01     7.600e-07     3.879e+00      3.400000      4.100000      0.460256      0.504872      0.791859      1.553526      0.918919      0.836735      6.000000      0.637658      3.536646      0.389037      2.693256      2.581648      0.211125      9.396250      2.000000      2.600000      1.400000      2.600000      0.494872      1.021026      0.565171      1.389557      0.551137      1.084262      1.200000      2.400000      7.900000      8.600000      3.750000     11.688889      4.200000      4.200000      0.757949      1.805000      0.580084      1.400000      1.000000      0.400000      0.000000      0.151316      0.000000      0.085443      0.000000      0.053170      0.000000      0.400000      0.000000      1.800000      0.000000      0.000000      0.000000      2.200000      1.600000      0.060526      1.330000      0.954491
  2            5608          9386                                               7.557e-04     2.570e-01     3.958e-06     6.495e-07     1.376e+01     4.574e-07     1.444e+01      8.000000      8.900000      0.757564      0.785513     10.846955     19.494055      0.796020      0.692607     12.500000      0.836487     19.832188      0.142438      2.895904      2.897946      0.100188     19.172173      5.200000      5.200000      4.800000      6.200000      1.131539      1.355385      1.029355      2.163213      0.223498     -0.384587      4.000000      5.400000      5.950000      4.747879     24.359722     13.521932      9.800000     10.400000      1.243461      1.906125      0.347650      2.400000      2.200000      1.400000      1.400000      0.395789      0.361053      0.345553      0.329485     -0.001159     -0.187556      1.400000      1.400000      2.700000      2.266667      0.950000      0.044444      4.000000      3.200000      0.378421      1.150000      0.670938
  1             304          4758          6404         0.409          7780     3.733e-04     2.271e-01     1.079e-08     1.511e-08     9.478e+00     7.218e-06     7.557e+00      2.600000      2.300000      0.267949      0.289103      0.437756      2.223077      0.787879      0.638889      4.300000      0.506013      2.379794      0.616641      2.476799      2.519444      0.272188      4.211563      1.000000      1.000000      0.000000      0.000000      0.000000      0.000000      0.000000      0.000000      0.000000      0.000000      0.000000      0.000000      0.000000      0.000000      0.000000      0.000000      1.200000      0.200000      0.000000      0.200000      1.000000      1.800000      1.200000      0.800000      0.200000      0.213684      0.020000      0.140089      0.018095      0.047426     -0.232878      0.800000      0.200000      2.300000      0.200000      0.050000      0.000000      3.000000      4.200000      0.116842      3.340000      0.965017
  1            2843           556          2743         0.617          9411     7.262e-04     1.542e-01     6.726e-07     3.793e-07     1.170e+01     4.904e-06     1.243e+01      6.900000      5.800000      0.719744      0.727308      5.848382      4.087564      0.797688      0.768212      8.200000      0.749177      5.115629      0.065659      1.862778      1.726876      0.225812      0.831641      2.200000      2.400000      1.000000      1.400000      0.605128      0.588889      0.411415      0.470591      0.482137      0.052625      0.200000      0.600000      5.600000      3.760000      4.800000      9.792000      2.800000      1.600000      0.358205      0.357000     -0.003376      4.800000      3.800000      4.000000      3.000000      0.749474      0.652632      0.607396      0.486149     -1.062459     -0.479874      3.200000      2.200000      1.858571      1.466667      1.301418      2.200000      7.200000      6.200000      0.701053      0.768500      0.087765
  2            7459          8161                                               4.174e-04     2.246e-01     5.205e-08     8.724e-07     8.954e+00     2.789e-06     7.477e+00      7.600000      8.600000      0.793462      0.807436      7.904487     19.874294      0.703704      0.674510     12.500000      0.851930     19.303656      0.113351      3.070822      3.233890      0.097875     22.080812      4.800000      5.600000      5.000000      6.400000      1.295385      1.871795      1.741115      2.395818      0.229746      0.569343      3.600000      5.000000      6.461905      7.665000     37.245918     25.794304      9.400000     10.000000      1.583590      2.624875      0.396699      7.200000      4.000000      9.200000      6.600000      2.740000      2.035789      4.238513      3.560301     -0.001564      0.121164      7.800000      5.200000      3.638947      2.160000      6.899784      2.947102     10.800000     17.400000      2.387895      7.418000      0.678095
  2            5009          5965                                               2.863e-04     2.718e-01     1.871e-08     8.013e-07     5.116e+00     2.524e-06     1.493e+01      6.600000      6.700000      0.717564      0.720513      5.787484     11.759167      0.814815      0.638095      9.500000      0.797057      9.610598      0.176506      2.732723      2.787235      0.126875      3.745891      6.800000      7.600000      9.400000      9.800000      1.636923      2.646154      2.865935      3.837890     -0.582003      0.133547      6.200000      6.600000      2.892143      5.475641     10.525358     25.560324     13.800000     16.000000      2.141538      3.086000      0.306047      5.400000      4.400000      8.000000      4.200000      2.826316      1.192632      6.075661      1.157020      0.924765      0.069523      7.200000      3.400000      5.515238      3.633333      8.202951      3.487778      9.600000     11.800000      2.009474      3.785000      0.469095
  2            9395           595                                               3.905e-04     1.603e-01     2.437e-08     4.088e-07     1.737e+01     2.069e-06     4.048e+00      9.200000      8.000000      0.844487      0.800897     22.224102     23.355513      0.694340      0.632411     10.300000      0.836614     23.015917      0.032489      1.946214      1.750404      0.149813      2.032625      5.200000      4.400000      6.600000      5.800000      1.524103      2.001026      5.488198      6.556241     -0.155433      0.786465      2.000000      1.200000      5.112527      8.505128     18.405008     22.844740      6.400000      7.800000      1.762564      2.075750      0.150878      5.600000      5.400000      6.800000      5.600000      2.019737      1.809211      2.496164      2.087183     -0.479110     -0.319710      3.200000      2.000000      2.108572      2.221111      3.695078      3.037772      8.800000      8.800000      1.531579      1.647500      0.070362
  2            1567          5400                                               6.584e-04     1.551e-01     9.168e-07     8.171e-08     1.532e+01     6.295e-06     1.230e+01      6.000000      5.200000      0.692949      0.632564      4.845192      3.328526      0.789474      0.787879      8.800000      0.789810      7.772183      0.274844      3.160416      3.167251      0.086313     14.761375      1.800000      1.600000      0.800000      0.600000      0.242308      0.091538      0.147316      0.064545      0.329336     -0.148420      0.800000      0.600000      6.600000      2.000000      0.000000      0.000000      2.400000      1.400000      0.166923      0.360000      0.536325      2.600000      4.200000      1.800000      3.400000      0.333684      1.042105      0.258908      0.758730     -0.637189      0.548321      1.400000      3.000000      1.900000      5.061111      2.672222      3.592438      6.800000     13.400000      0.687895      9.934000      0.930754
  1            8116           772          1166         0.379          8694     9.431e-04     2.723e-01     1.310e-06     3.307e-07     1.167e+01     6.949e-06     1.236e+01     11.900000     11.400000      0.885641      0.873462     17.384663     21.631378      0.809524      0.726115     15.100000      0.895760     19.981998      0.034841      2.618247      2.497967      0.088437      2.847609      7.200000      5.800000      7.200000      6.400000      1.516154      1.752564      1.528564      1.957501     -0.211183      0.338483      3.000000      2.200000      5.498214      6.141667     15.983020     15.187986      9.400000      9.400000      1.634359      1.794500      0.089240      6.400000      8.400000     18.600000     20.000000      7.132632      7.388421     23.354019     17.367949      1.263785      1.028907      3.800000      5.200000      5.022283      3.802164      8.562278      4.185808     12.600000     23.799999      7.260526      7.919000      0.083151
  2             372           789                                               5.952e-04     2.924e-01     1.074e-06     6.884e-07     7.254e+00     5.715e-06     1.432e+01      3.000000      3.400000      0.386538      0.474359      1.326026      1.741987      0.789474      0.829268      4.300000      0.522532      1.781060      0.296240      1.515850      1.699380      0.387688      1.052562      1.400000      1.000000      0.400000      0.000000      0.289103      0.000000      0.169003      0.000000      0.131188      0.000000      0.400000      0.000000      3.400000      0.000000      0.000000      0.000000      1.400000      0.400000      0.057821      0.135000      0.571700      1.200000      1.200000      0.200000      0.200000      0.159649      0.159649      0.083626      0.083626      0.252352      0.252352      0.200000      0.200000      1.400000      1.400000      0.000000      0.000000      1.800000      0.800000      0.095789      0.540000      0.822612
  1            8828          4164          5968         0.711          6463     1.121e-04     1.997e-01     4.799e-08     2.120e-07     1.709e+01     7.789e-06     1.144e+01      7.900000      6.800000      0.710769      0.655256      7.302372      3.774359      0.724771      0.800000      9.500000      0.725538      6.280237      0.109912      2.083898      1.863598      0.233000      3.207313      2.600000      3.200000      1.600000      2.800000      0.551709      0.738462      0.401882      0.759678     -0.142321     -0.257021      1.200000      2.400000      3.250000      2.990909      9.537500      9.881405      4.400000      4.000000      0.387051      0.479500      0.192802      8.000000      9.000000     17.400000     18.200001      5.776842      5.761053     15.505664     21.146561      0.474478      0.491334     11.400000     12.200000      4.020288      4.479366      7.107334     10.092689     16.799999     29.600000      5.768948      8.523000      0.323132
  2            8825          5414                                               9.845e-04     1.333e-01     3.105e-07     7.313e-07     1.621e+01     4.857e-06     1.475e+01      9.000000     10.800000      0.782179      0.852051     14.740240     14.050961      0.687023      0.683544     14.000000      0.851519     16.128065      0.077674      2.678937      2.935879      0.114937      7.563015      7.600000      8.200000      9.000000      8.000000      1.802051      1.579231      2.855876      1.538517     -0.458558     -0.483322      6.400000      5.400000      4.930128      4.267778     17.971102     11.770725     14.400000     14.400000      1.690641      2.082875      0.188314      3.600000      5.000000      5.000000      5.000000      1.940000      1.022105      5.042724      0.892247      0.914609     -0.896935      4.600000      4.600000      5.128572      2.091667      6.431633      3.604653      8.600000     15.200000      1.481053      9.807000      0.848980
  2            4484          5166                                               9.416e-04     2.185e-01     1.353e-08     5.490e-07     2.984e+00     8.827e-06     3.007e+00     10.000000     10.500000      0.853205      0.830128     17.971987     24.395000      0.657895      0.729167     13.800000      0.870823     23.741472      0.063620      2.587273      2.718329      0.100750     11.163187      4.600000      5.200000      4.800000      5.200000      1.102821      1.109744      2.016354      2.529101      0.143143     -0.379851      3.000000      3.400000      7.093333      4.970000      9.704445     20.129499      8.400000      8.200000      1.106282      1.291750      0.143579      8.600000      5.200000     16.200001      6.600000      3.938947      2.425263     14.174068      4.493255     -0.420452      0.757600     14.600000      5.000000      2.870463      5.030303      3.413182      8.670340     13.800000     27.200001      3.182105     13.766500      0.768852
  1            4953          3541          8502         0.571          9368     7.408e-04     2.264e-01     1.342e-06     3.730e-07     1.788e+01     4.429e-06     1.129e+01      7.500000      9.000000      0.724744      0.795897      6.554039     10.583253      0.793651      0.803571     12.300000      0.811013     12.084236      0.117264      2.546605      2.914590      0.139563     14.315016      3.600000      4.000000      4.200000      4.200000      1.052308      1.003077      2.325658      1.472337     -0.091176     -0.058276      2.600000      2.600000      4.082222      3.406667      7.793605     12.477555      6.400000      6.800000      1.027692      2.114500      0.513979      4.000000      3.200000      3.200000      2.800000      0.713158      1.198684      0.702019      2.240232     -0.851375      0.107415      3.000000      2.600000      1.357576      2.527273      1.148577      1.791736      7.000000      7.600000      0.764737      4.196000      0.817746
  1            2038           158          2057         0.582          5361     7.808e-04     1.141e-01     2.704e-06     5.927e-07     1.887e+01     2.380e-06     3.652e+00      6.500000      6.300000      0.714231      0.751795      3.571154      3.453333      0.896552      0.893617      7.600000      0.750316      3.559177      0.042984      1.432190      1.548289      0.232812      0.361000      3.000000      2.800000      2.200000      2.000000      0.610577      0.654487      0.502328      0.510422      0.050232      0.238145      0.600000      0.400000      5.840000      6.266667     16.591999     17.466667      3.400000      2.600000      0.506026      0.500750     -0.010535      2.200000      2.000000      1.200000      1.000000      0.171579      0.240000      0.117421      0.164177     -0.706898     -0.180435      1.200000      1.000000      0.750000      2.400000      0.137500      0.200000      3.200000      2.200000      0.205789      0.230000      0.105263
  1            8846           189          3705         0.990          5914     4.192e-04     1.098e-01     2.245e-06     8.383e-07     1.683e+01     9.633e-06     3.235e+00      7.800000      8.900000      0.769487      0.786026      6.719728      7.278910      0.800000      0.827907      9.700000      0.775380      6.982433     -0.006506      1.451521      1.545121      0.226938      0.283266      9.400000      8.600000     11.200000     12.400000      2.694359      2.580513      4.316931      4.786901      0.179954     -0.495185      2.600000      3.800000      6.624120      4.228115     30.081873     14.718054     12.600000     15.000000      2.637436      2.723250      0.031512      9.800000      9.200000     20.600000     21.000000      5.352632      6.576842     17.591351     23.247307     -0.457857      0.173039      3.800000      4.200000      2.556796      3.183765      3.750008      3.829171     15.600000     24.799999      5.964737      6.022000      0.009509
  2            6424          8271                                               3.113e-04     2.010e-01     3.615e-06     2.986e-07     1.331e+01     1.107e-06     4.867e+00      6.900000      7.300000      0.755256      0.761154      9.456923      7.841891      0.730159      0.829545     10.800000      0.830823     12.331243      0.158975      2.916905      3.038208      0.098375     14.975718      4.800000      5.200000      5.000000      5.400000      1.268974      1.490256      1.543324      2.198915     -0.015327      0.455123      4.200000      4.600000      6.150000      7.443572     19.648611     23.299437      9.000000      9.600000      1.379615      1.841000      0.250616      2.400000      3.200000      1.400000      2.400000      0.140000      0.767368      0.119048      0.624667     -1.112985      0.304822      1.400000      2.400000      0.800000      3.850000      0.000000      1.026389      5.400000      5.600000      0.453684      2.540000      0.821384
  2            3643          5164                                               8.482e-04     1.116e-01     1.264e-06     2.886e-08     4.618e+00     5.735e-06     7.348e+00      8.100000      7.700000      0.819359      0.775513     10.090641     14.591586      0.790244      0.736842     11.100000      0.845506     14.101831      0.105949      2.910138      2.750177      0.107625      7.571891      1.200000      1.000000      0.200000      0.000000      0.450000      0.000000      0.247818      0.000000      0.261021      0.000000      0.200000      0.000000      2.600000      0.000000      0.000000      0.000000      1.200000      0.200000      0.045000      0.065000      0.307692      5.400000      4.800000      8.800000      8.000000      2.271579      1.413684      7.859493      5.528627     -0.355135     -1.270495      7.400000      6.600000      2.686190      1.647368      1.152856      1.135565     10.200000     16.600000      1.842632      6.646500      0.722767
  2            6764           949                                               5.335e-04     1.057e-01     1.015e-07     1.376e-07     8.453e-01     9.389e-06     6.448e+00      8.600000      7.800000      0.825513      0.807308     10.919616     11.014615      0.767857      0.795918     10.200000      0.832025     11.036265      0.037598      1.894828      1.857971      0.152750      0.821500      2.200000      2.000000      1.200000      1.000000      0.607265      0.341026      0.413377      0.215463      0.330261     -0.211024      0.400000      0.200000      5.500000      2.533333      4.950000      5.511111      2.400000      1.400000      0.284487      0.349000      0.184850      6.600000      4.600000      6.400000      4.800000      1.430526      1.202105      1.090688      1.265686     -0.486317     -0.179700      5.400000      3.800000      3.059740      4.155556      7.589948      5.782716     10.400000     10.200000      1.316316      1.683000      0.217875
  2            4550           829                                               6.582e-04     1.748e-01     3.498e-06     8.822e-07     1.186e+01     6.115e-06     1.760e+01      8.500000      8.300000      0.771154      0.761026      7.549615      7.413382      0.825243      0.927374     10.700000      0.796519      8.212591      0.073423      2.145440      2.184493      0.173812      3.261891      7.200000      7.400000      8.400000      8.600000      1.846410      1.854615      2.221986      2.249858     -0.074972      0.092587      3.200000      3.400000      6.524615      7.116667     35.164452     25.747601     11.000000     11.800000      1.850513      1.963625      0.057604      4.600000      4.200000      4.400000      5.200000      1.005263      1.357895      1.141504      2.026243     -0.557522     -0.275997      3.000000      3.800000      2.583333      2.999286      0.869722      1.717140      7.600000      8.200000      1.181579      1.278000      0.075447
  1            4886          1667          4989         0.762          5827     1.646e-04     2.217e-01     2.202e-06     8.956e-07     1.049e+01     9.874e-06     8.035e+00      5.700000      5.300000      0.710769      0.613205      3.273333      4.009070      0.775510      0.716216      6.900000      0.708038      3.742983      0.121249      1.872125      1.453811      0.247063      0.584094      7.400000      7.400000      9.000000      9.400000      1.572821      2.096667      2.276782      3.951860     -0.666578     -0.043355      3.400000      3.800000      4.699495      5.402922     20.020430     14.487434     12.200000     12.800000      1.834744      2.110625      0.130711      6.600000      8.200000     17.600000     18.799999      6.251579      6.748421     50.102818     50.232151      1.000498      0.898714      7.400000      8.600000      4.533967      4.339500      2.216582      5.798398     14.600000     26.200001      6.500000     10.592000      0.386329
  2            7581          4274                                               5.155e-04     2.423e-01     6.540e-07     5.465e-07     5.037e+00     7.548e-06     5.673e+00      8.500000      7.300000      0.777692      0.719359     27.529150     11.544871      0.651341      0.634783     11.100000      0.782595     22.224806      0.083090      2.409462      2.204916      0.184188     11.593640      3.600000      4.400000      2.800000      3.600000      0.712500      0.815385      0.674949      0.797786     -0.197345     -0.420342      1.400000      2.200000      4.280000      2.200000     14.848000      3.456000      6.000000      5.000000      0.611154      0.728750      0.161367      7.400000      8.200000     15.600000     19.400000      4.833684      7.772632     25.742825     57.132076      0.191281      1.398404      9.600000     13.400000      3.200000      5.671275      2.393548     13.207655     15.600000     29.200001      6.303158     11.930500      0.471677
  2            9698          6904                                               6.243e-04     2.370e-01     3.826e-07     9.005e-08     8.070e+00     2.579e-06     8.293e-01     10.900000     11.100000      0.831795      0.828205     16.144407     20.026667      0.804428      0.683077     15.600000      0.875000     22.651672      0.096507      3.022879      2.952318      0.081125     18.940516      1.600000      1.200000      0.600000      0.200000      0.141453      0.032479      0.115170      0.029352     -0.263813     -0.167205      0.600000      0.200000      1.200000      0.400000      0.200000      0.000000      1.800000      0.800000      0.052179      0.055000      0.051282      6.000000      3.400000      9.800000      3.000000      3.057895      0.817895      7.205586      0.944444      0.205391     -0.169652      9.400000      2.600000      3.639697      2.404762      5.005656      1.649093      9.400000     15.600000      1.937895      7.196000      0.730698
  2            5809          7671                                               8.972e-04     1.922e-01     3.176e-08     1.435e-07     1.594e+01     7.035e-06     1.358e+01     10.100000     10.000000      0.840513      0.824615     16.430849     35.861813      0.701389      0.653595     14.300000      0.871994     31.467199      0.085026      2.865679      2.922030      0.089562     22.324751      1.600000      2.000000      1.000000      1.400000      0.505769      0.953846      0.638701      1.256325     -0.169839      0.088167      0.600000      1.000000      1.866667      1.771429      5.377778     12.653061      2.600000      2.000000      0.291923      0.373000      0.217364      7.200000      7.200000     13.600000     11.400000      5.137895      2.875789     15.374386      4.791746      1.304043     -0.356433     10.800000      8.600000      5.655490      3.043333      7.883587      3.462492     14.400000     24.600000      4.006842     10.885000      0.631893
  2            6292          5396                                               8.042e-04     2.389e-01     2.364e-06     8.411e-07     1.002e+01     6.324e-06     1.439e+01     11.700000     11.500000      0.862179      0.860769     37.300449     35.610497      0.678261      0.670554     16.600000      0.893639     37.160851      0.069132      3.005222      3.036724      0.075000      4.609015      4.800000      4.200000      6.400000      4.600000      2.692628      1.452244      5.393512      2.494472      1.218704      0.159068      3.800000      2.000000      9.858095      5.806667     13.733601     16.373112      7.600000      8.400000      1.657949      2.238125      0.259224      7.800000      6.400000     12.000000      7.400000      3.992632      2.277895     10.537650      4.013656      0.432157      0.182017     10.200000      5.600000      4.601897      3.920238     13.147986      9.512238     13.800000     18.799999      3.135263      6.590500      0.524275
  2            5230           626                                               9.993e-04     2.073e-01     2.491e-08     7.772e-08     1.322e+01     7.183e-06     1.310e+01     10.300000      9.700000      0.825385      0.822820     13.158975     10.767884      0.762963      0.763780     13.100000      0.842911     13.009890      0.043007      2.307272      2.281687      0.138750      4.731688      1.800000      2.000000      0.800000      1.000000      0.248718      0.268376      0.158553      0.173504     -0.156003     -0.373617      0.200000      0.400000      1.800000      2.100000      0.800000      2.450000      2.200000      1.200000      0.155128      0.152250     -0.018904      4.800000      6.800000     14.600000      7.000000      6.561053      1.486316     46.147472      1.529101      2.100699     -0.915213     11.800000      4.200000      6.330952      2.082857      2.430130      1.710844      9.800000     18.799999      4.023684      5.368500      0.250501
  2            6827          2039                                               7.020e-04     2.088e-01     1.541e-07     6.525e-08     1.648e+01     8.671e-06     1.194e+00     10.000000      9.800000      0.833974      0.860128      9.483958     15.894102      0.775194      0.695035     13.000000      0.869873     12.822496      0.050832      2.404217      2.463672      0.107875      1.161641      1.400000      2.200000      0.400000      1.200000      0.289103      0.539103      0.160609      0.331440      0.086748     -0.027032      0.200000      1.000000      1.700000      2.600000      8.450000      0.560000      2.400000      1.400000      0.165641      0.172500      0.039762      8.000000      7.200000     14.000000     11.800000      4.545263      4.254737      9.116547     15.328934      0.490881      1.102239      7.800000      5.600000      4.010606      4.555682      6.398427      4.921808     14.800000     19.600000      4.400000      5.692000      0.226985
  2            4605          3210                                               2.437e-04     2.475e-01     2.699e-06     3.956e-07     7.714e+00     2.233e-06     2.877e+00      5.900000      5.700000      0.680513      0.654744      5.142933      4.934792      0.874074      0.686747      8.400000      0.729968      6.439470      0.156697      2.423155      2.158860      0.209250      5.784344      3.800000      4.200000      4.600000      4.200000      1.350000      0.659744      2.769849      1.054885      0.293091     -0.692521      2.800000      2.400000      5.889286      4.245714     16.431568     10.233360      6.400000      7.000000      1.004872      1.623875      0.381189      2.400000      2.000000      1.400000      1.400000      0.388421      0.410526      0.232208      0.551612     -0.065425     -0.005139      1.200000      1.200000      3.066667      3.200000      1.244444      0.000000      3.400000      2.600000      0.399474      0.502000      0.204236
  2            5492          6132                                               9.750e-04     2.925e-01     5.063e-06     4.878e-07     6.133e+00     6.487e-06     1.945e+01     11.300000     11.500000      0.875256      0.870000     18.926811     25.028509      0.795775      0.759076     17.900000      0.913354     28.118141      0.084944      3.687770      4.022893      0.046937     25.353781      5.800000      5.000000      8.000000      5.200000      2.157180      1.202564      4.251155      1.631605      0.232222     -0.037367      6.600000      3.800000      7.000000      6.380000     25.226984     25.120222      9.800000     11.800000      1.679872      2.785000      0.396814      6.400000      6.600000      6.600000     12.000000      1.885263      4.405263      2.157265     18.690765      0.193045      1.027020      4.800000     10.200000      3.968889      4.897143      7.002568      7.373515     13.000000     18.600000      3.145263      7.918500      0.602796
  2            3628          9946                                               1.103e-04     1.273e-01     2.452e-06     5.617e-07     1.485e+01     9.596e-06     1.712e+01      3.600000      3.700000      0.428205      0.457821      1.047035      1.399615      0.827586      0.902439      5.800000      0.659019      1.937892      0.490933      2.910534      2.991077      0.130375      2.883703      2.600000      3.600000      2.400000      3.000000      0.686410      0.727692      1.131517      0.631190     -0.214456      0.090433      2.200000      2.800000      3.500000      6.550000      5.150000      7.730834      5.800000      6.200000      0.707051      2.195250      0.677918      8.600000      6.600000     19.799999      9.000000      6.445263      3.004210     32.223354      5.872726      0.453374      0.584432     16.400000      5.600000      3.685299      4.283810      3.640387      5.087737     15.000000     28.400000      4.724737     13.290500      0.644503
  2            6535           842                                               2.529e-04     1.929e-01     3.253e-06     6.625e-07     5.429e+00     6.884e-06     1.937e+01      5.500000      6.700000      0.663462      0.667949      3.249263      3.243494      0.839695      1.022901      7.600000      0.690886      3.328845      0.069395      1.379358      1.448907      0.284562      0.488063      5.800000      6.000000      6.400000      7.000000      1.520000      1.722051      2.582145      2.976902      0.160053      0.003718      1.600000      2.200000      6.952525      5.939216     25.268024     22.805056      8.200000      8.600000      1.621026      1.678000      0.033954     10.400000      7.200000     18.799999     16.200001      5.922105      6.236842     23.232203     25.141760      0.494826      1.285855      8.000000      5.400000      4.038071      5.199355      4.376256      5.681417     16.200001     24.200001      6.079473      7.441500      0.183031
  1             329          1359          3477         0.654          3597     5.583e-04     2.475e-01     2.244e-06     8.839e-07     8.059e+00     6.108e-06     8.573e+00      3.200000      3.400000      0.410769      0.467179      1.385128      1.041795      0.680851      0.809524      5.200000      0.546203      2.640316      0.325879      1.891003      1.818857      0.349250      5.696750      1.600000      1.200000      0.600000      0.200000      0.187607      0.016667      0.139685      0.015854     -0.173050     -0.224821      0.600000      0.200000      2.600000      0.200000      0.000000      0.000000      1.800000      0.800000      0.061282      0.070000      0.124542      2.600000      2.400000      2.200000      1.400000      0.920000      0.311579      1.231924      0.201248      0.976318     -0.294473      2.200000      1.400000      4.800000      3.000000      2.600000      0.933333      5.000000      5.400000      0.615789      3.270000      0.811685
  2             555          5069                                               1.674e-04     2.499e-01     9.141e-08     5.463e-07     1.592e+01     4.815e-06     1.018e+01      2.300000      2.500000      0.268846      0.273077      0.233910      0.458974      0.884615      0.833333      3.800000      0.521171      1.072389      0.645999      2.578076      2.571778      0.234875      2.884813      1.000000      1.600000      0.000000      0.600000      0.000000      0.835897      0.000000      0.465975      0.000000      0.080729      0.000000      0.600000      0.000000      1.466667      0.000000      4.444445      1.800000      0.800000      0.083590      0.370000      0.774082      1.800000      2.000000      1.400000      1.200000      0.644737      0.406579      1.092801      0.422243      0.154028     -0.163319      1.400000      1.200000      1.700000      1.766667      0.850000      2.361111      3.600000      6.000000      0.420526      4.520000      0.906963
  1            2555          2038          4231         0.502          6438     3.510e-04     1.121e-01     1.337e-07     6.385e-07     8.703e+00     8.866e-06     1.347e+01      5.200000      4.500000      0.560128      0.504487      9.349551      3.954744      0.753623      0.818182      6.800000      0.581994      6.790427      0.155035      2.048961      1.712934      0.369563      0.878812      3.400000      3.600000      3.200000      2.600000      1.307949      0.751795      2.714351      0.585838      1.448603      0.218348      2.000000      1.400000     12.622222      6.800000     20.849382     22.433332      4.800000      4.600000      1.029872      1.498750      0.312846      4.600000      6.000000      4.200000      7.600000      0.920000      1.895790      0.715132      2.175845     -0.445491     -0.170521      3.800000      7.200000      3.603333      3.493889      5.029944      2.945369     10.600000     15.000000      1.407895      5.463500      0.742309
  1            5803          3882          5532         0.798          6815     9.278e-04     2.015e-01     3.565e-06     7.081e-07     1.996e+01     5.852e-06     6.634e+00     13.100000     11.700000      0.892051      0.886923     29.859102     22.819006      0.735955      0.733542     19.200001      0.920253     30.509691      0.063474      3.699699      3.573064      0.049750     17.790968      6.000000      5.600000      7.800000      5.000000      2.564103      1.560577      8.285101      1.935007     -0.164628      0.145056      6.600000      3.800000      4.328571      4.866667     19.678061     12.472839     10.200000     11.600000      1.649872      2.211375      0.253916      5.400000      5.600000      5.400000      8.400000      1.310526      2.523158      1.615032      6.535467     -0.431263     -0.061057      4.600000      7.600000      2.883333      3.912923      4.274802      9.951482     10.600000     13.800000      1.916842      3.805000      0.496231
  2            1172           608                                               7.659e-04     2.428e-01     7.788e-06     7.957e-07     1.452e+01     7.715e-06     5.176e+00      4.900000      5.900000      0.625000      0.679615      5.488830      5.173125      0.690141      0.756410      7.400000      0.703196      5.490878      0.134124      1.904471      2.002653      0.247187      0.898156      1.800000      2.200000      0.800000      1.200000      0.162564      0.193846      0.107258      0.141817     -0.154950     -0.414647      0.600000      1.000000      4.400000      1.966667      0.000000      5.027778      2.800000      1.800000      0.178205      0.217000      0.178778      2.600000      2.400000      1.800000      1.400000      0.457895      0.306316      0.328471      0.206555     -0.195759     -0.496338      1.800000      1.400000      1.680000      2.500000      0.968000      2.650000      4.800000      7.000000      0.382105      4.500000      0.915088
  1            8153          3254          5693         0.689          7265     8.918e-04     1.013e-01     3.069e-08     3.032e-07     7.917e+00     2.622e-06     1.890e+01     11.600000     11.800000      0.881667      0.885897     30.837692     29.219263      0.692537      0.682081     15.700000      0.901171     31.142508      0.037010      2.617367      2.735747      0.081875      5.901844      2.400000      2.600000      1.600000      1.400000      0.615812      0.315812      0.579477      0.210203     -0.032890     -0.466835      1.200000      1.000000      3.300000      2.566667      6.583333     11.294444      3.800000      2.600000      0.279487      0.317500      0.119725      4.000000      4.600000      3.400000      5.000000      0.750526      1.031579      0.677299      1.349073     -0.639097     -0.614758      3.000000      4.600000      2.341667      2.161905      1.707986      1.849887      8.000000      8.000000      0.891053      1.499000      0.405569
  2            9978          7873                                               4.905e-04     2.163e-01     4.528e-06     4.140e-07     4.147e+00     1.251e-06     1.101e+01     12.100000     11.800000      0.874231      0.866154     29.739103     25.343510      0.603491      0.706587     17.400000      0.910253     31.685677      0.082785      3.413557      3.465431      0.050687     17.747328      5.400000      6.800000      7.400000      8.400000      1.486154      1.574359      3.172572      4.124849     -0.063823     -0.433304      4.600000      5.600000      6.287500      4.583030     18.316469      9.866219     11.400000     13.000000      1.530256      2.623000      0.416601      3.200000      2.200000      3.200000      1.200000      0.910526      0.212632      1.498741      0.157995     -0.068123     -0.641021      3.200000      1.200000      2.573333      2.200000      2.523111      0.000000      5.000000      5.200000      0.561579      2.110000      0.733849
  1            7398          2266          7449         0.594          9347     2.310e-04     2.650e-01     2.382e-08     2.301e-07     1.799e+01     7.926e-06     6.989e+00      6.700000      6.400000      0.733974      0.694872      7.899680      5.432693      0.697917      0.673684      8.500000      0.741044      8.266155      0.068826      1.898193      1.819818      0.233000      6.653187      3.200000      3.400000      4.800000      4.200000      1.333333      0.969231      3.213525      1.911509      0.193515     -0.156331      1.400000      0.800000      5.414286      4.551948     12.508503     22.088455      4.600000      5.600000      1.151282      1.298000      0.113034     13.200000     11.200000     23.799999     25.799999      7.689474      5.503158     22.590048     18.173979      0.626677     -0.986863     12.200000     14.200000      4.039331      2.159481      8.716739      3.226463     24.200001     38.000000      6.596316     10.081500      0.345701
  1            3420          1508          5148         0.097          5222     6.549e-04     2.216e-01     7.924e-06     1.668e-07     1.603e+01     8.959e-06     8.261e+00      9.500000     10.300000      0.831154      0.858974     10.642693     12.259664      0.657439      0.858333     13.800000      0.886899     13.133730      0.088991      2.834892      3.032096      0.072312      7.218641      1.400000      1.200000      0.400000      0.200000      0.278846      0.233333      0.148911      0.124604      0.106273      0.281265      0.200000      0.000000      3.800000      2.800000      0.000000      0.000000      1.400000      0.400000      0.102436      0.102000     -0.004274      6.400000      6.600000     17.000000      9.200000      6.013684      2.604211     27.940300      4.551980      0.873366     -0.123874     14.200000      6.400000      4.478409      3.578322      4.659286      6.940973     12.800000     23.600000      4.308948     10.557500      0.591859
  1            6602          9001          9335         0.148          9821     1.883e-04     2.493e-01     3.759e-08     6.348e-07     5.552e+00     6.326e-06     1.525e+01      6.200000      5.000000      0.759744      0.570385     11.000064      3.370064      0.673913      0.746269      8.300000      0.762152      8.043576      0.224712      3.096905      2.524192      0.143187      3.750375      6.800000      6.000000      7.200000      8.200000      1.400769      1.730769      1.631720      2.892905     -0.376318     -0.168604      5.400000      6.400000      4.955385      6.110765     15.315782     28.797386     11.800000     13.600000      1.565769      2.622125      0.402862      4.800000      4.800000      4.400000      5.200000      1.283158      1.241053      1.291679      1.605909      0.294591     -0.498503      3.600000      4.400000      4.345714      2.872222      4.096122      4.268364      9.600000     17.400000      1.262105     11.276000      0.888072
  1            5768          1424          3125         0.924          4549     2.546e-04     1.689e-01     2.083e-07     6.437e-07     1.318e+00     5.303e-06     2.074e+00      6.300000      6.700000      0.743462      0.707564      4.930962      5.441090      0.768293      0.770115      8.400000      0.759747      5.821424      0.086060      1.893219      1.868392      0.206875      2.769125      6.200000      5.600000      9.200000      8.800000      2.472564      2.837692      6.525661      7.266431     -0.024626      0.712008      3.000000      2.600000      5.954062      8.296212     18.002693     32.955231      9.400000     11.800000      2.655128      2.852375      0.069152      9.200000      6.800000     14.800000     10.000000      2.826316      2.896842      8.990359      5.080379     -1.129061     -0.113699     10.800000      6.000000      1.939798      3.127350      2.815178      5.342556     15.200000     20.799999      2.861579      3.713500      0.229412
  2            2797          8439                                               3.021e-04     2.637e-01     4.316e-07     3.047e-07     8.838e+00     5.005e-06     5.427e+00      6.100000      6.300000      0.697308      0.700256      3.045577      5.510369      0.835616      0.759036      9.800000      0.815063     15.122955      0.247321      3.390177      3.266666      0.071562     43.051579      2.000000      2.800000      1.400000      2.800000      0.701603      1.100000      0.826383      2.080288      0.855599      0.234282      0.800000      2.200000      7.400000      5.300000      8.888889      5.716667      3.800000      3.600000      0.720641      1.247500      0.422332      5.800000      3.200000      8.200000      3.400000      2.692631      1.056842      4.174347      1.279632      0.678279      0.279622      8.000000      3.200000      4.328205      4.733333      2.627593      5.533333      9.000000     17.200001      1.874737      9.946000      0.811508
  1            9711           222          7552         0.826          8237     1.809e-04     1.640e-01     1.175e-08     5.167e-07     1.801e+01     4.863e-06     3.915e+00      7.500000      7.400000      0.771026      0.768205      5.859423      5.780962      0.789474      0.787234      8.900000      0.774051      5.912848      0.011774      1.493346      1.460796      0.221625      0.657000      5.200000      5.400000      5.800000      5.800000      1.983654      1.951282      3.395713      3.741101      0.244487      0.223923      1.200000      1.200000      4.869350      5.526667     14.809459     16.519777      6.800000      7.000000      1.573974      1.625750      0.031847      9.800000      9.600000     21.600000     20.400000      7.652632      5.668421     35.576141     32.561810      0.981520     -0.082294      4.400000      3.200000      4.277701      2.946589      5.216514      3.693189     15.400000     24.799999      6.660526      6.619000     -0.006274
  2            7660          5521                                               6.745e-04     1.220e-01     1.459e-07     6.313e-07     1.235e+01     6.113e-06     1.673e+01     11.100000      9.800000      0.872308      0.831154     12.389711     12.263253      0.837736      0.739623     13.600000      0.880222     13.590313      0.062572      2.722612      2.432703      0.092000      5.608453      5.800000      5.600000      7.200000      6.600000      2.044103      1.570000      3.546599      3.637771      0.525691      0.054654      3.600000      3.000000      7.235714      6.515476     24.264099     24.480747      9.200000     10.200000      1.807051      2.053250      0.119907      7.400000      8.400000      8.800000     17.799999      2.050526      5.588421      3.797717     16.198603     -0.820305      0.504964      6.800000     15.800000      2.302105      3.827227      2.713918      3.803214     15.800000     26.400000      3.819474      8.745500      0.563264
  1            1722          4301          8089         0.689          9838     2.669e-04     2.373e-01     1.110e-07     9.818e-07     2.439e+00     3.197e-06     3.419e+00      3.700000      3.900000      0.503718      0.562308      0.998141      1.807949      0.925000      0.866667      5.400000      0.672658      2.068339      0.340489      2.281160      2.521871      0.191188      2.698062      2.800000      3.400000      2.000000      2.600000      0.242564      0.525897      0.491351      0.403444     -0.687258     -0.394439      2.000000      2.600000      1.400000      2.953333      0.600000      5.369111      5.600000      4.800000      0.384231      1.125000      0.658462      1.400000      2.600000      0.400000      1.600000      0.098947      0.387368      0.066132      0.275143     -0.088355     -0.049673      0.400000      1.600000      1.200000      3.250000      0.000000      2.787500      3.800000      3.400000      0.243158      1.720000      0.858629
  1            7604           764          2572         0.149          5137     4.072e-04     2.199e-01     4.478e-07     3.383e-07     4.039e-01     3.153e-06     7.974e+00      8.600000      9.300000      0.808333      0.823462     21.405642     16.172821      0.651515      0.704545     11.200000      0.832690     18.734589      0.038956      2.036002      2.053201      0.150937      0.723625      4.200000      4.800000      4.400000      4.800000      0.891026      1.274359      1.185990      1.446532     -0.620208     -0.192917      0.200000      0.600000      2.513333      3.896970      2.707778     10.249954      5.400000      5.000000      0.866154      0.872000      0.006704      6.800000      5.400000      7.400000      6.600000      1.708421      1.964211      2.229680      2.462189     -0.496489     -0.047238      3.400000      2.600000      2.140000      3.490476      2.799333      6.965737     10.400000     10.000000      1.836316      1.972500      0.069041
  2            1975          7527                                               7.117e-04     1.792e-01     2.048e-06     2.636e-07     5.950e-01     7.012e-06     1.239e+01      6.400000      6.500000      0.711795      0.703333      3.531394      3.739215      0.864865      0.849673     10.100000      0.816076      7.308980      0.233256      3.306559      3.395288      0.078125     14.692781      2.000000      2.200000      1.400000      1.400000      0.452051      0.350000      0.566984      0.301989      0.411978      0.085614      1.400000      1.400000      6.100000      5.366667      2.450000      5.161111      3.400000      3.000000      0.401026      1.050000      0.618071      5.200000      5.800000      5.200000      7.400000      1.476842      2.166316      1.560975      2.817165      0.010934      0.161831      4.000000      6.200000      3.406667      3.597821      3.920889      2.509746     11.000000     18.600000      1.821579     10.662500      0.829160
  1            7714          3350          4524         0.961          5820     3.117e-04     1.732e-01     2.781e-07     5.317e-07     2.737e+00     3.556e-06     1.641e+01      8.500000      7.200000      0.797436      0.751282      8.021539      5.016154      0.702479      0.808989     10.600000      0.820443      6.998766      0.104891      2.452067      2.188021      0.134625      2.221625      7.000000      6.200000      8.000000      7.200000      1.951282      1.894872      3.545091      3.995991     -0.007708      0.208169      3.400000      2.600000      5.132857      6.049572     14.238888     18.411739     10.200000     10.600000      1.923077      2.321125      0.171489      5.800000      4.600000      5.400000      5.400000      2.172369      2.398684      2.055827      4.249325      0.437631      0.600185      4.600000      4.600000      3.531717      3.708571      3.515677      3.429633     10.000000     10.000000      1.828421      3.204500      0.429421
  2            2024          1950                                               6.460e-04     1.586e-01     1.189e-08     9.613e-07     8.547e+00     3.451e-06     7.519e+00      5.400000      5.600000      0.597051      0.577821      3.903141      5.083269      0.794118      0.746667      8.000000      0.683829      5.979937      0.244169      2.475922      2.569762      0.222188      6.097250      3.200000      2.400000      2.400000      1.400000      0.370769      0.373590      0.314815      0.266308     -0.724150      0.077393      1.800000      0.800000      3.100000      5.900000      1.716667      6.250000      4.400000      3.200000      0.372179      0.620000      0.399711      4.600000      3.800000      3.600000      3.400000      0.909474      1.215789      0.749095      1.322189     -0.345303      0.655253      3.600000      3.400000      3.153333      5.156667      5.650778      9.095056      7.800000      7.200000      1.062632      2.030000      0.476536
  2             837          4675                                               4.315e-04     1.744e-01     1.433e-08     7.170e-07     1.486e+01     2.565e-06     8.835e+00      3.400000      3.700000      0.373077      0.483462      1.330577      2.601987      0.790698      0.822222      5.200000      0.571044      2.532247      0.396432      1.884164      2.389054      0.289750      2.333875      2.200000      1.200000      1.200000      0.400000      0.240000      0.020000      0.172013      0.038049     -0.082493     -0.297324      1.200000      0.400000      4.500000      0.200000      0.250000      0.000000      2.800000      2.000000      0.130000      0.550000      0.763636      2.000000      1.400000      1.000000      0.400000      0.201053      0.040000      0.150192      0.036190     -0.429790     -0.465756      1.000000      0.400000      1.800000      0.400000      0.200000      0.000000      3.200000      3.200000      0.120526      1.930000      0.937551
  2            3143           597                                               9.968e-04     1.292e-01     3.484e-06     4.489e-07     8.780e+00     1.823e-06     1.666e+01      9.300000     10.100000      0.852692      0.832564     24.206266     20.252869      0.686347      0.639241     13.000000      0.865633     22.293259      0.051231      2.597629      2.543294      0.111938      1.363063      2.800000      3.600000      2.000000      2.800000      0.700513      0.417949      0.546759      0.303302      0.837420     -0.828223      0.800000      1.600000      9.666667      4.033333     14.177778     22.974445      4.400000      3.600000      0.559231      0.633750      0.117585      3.200000      3.400000      2.400000      3.200000      0.847368      0.907368      0.706527      0.783414      0.484400      0.124537      1.400000      2.200000      3.880000      3.666667      5.821333      8.477777      5.200000      4.600000      0.877368      1.037000      0.153936
  2            4457          2970                                               3.552e-04     2.385e-01     2.451e-06     7.181e-07     1.379e+01     5.918e-06     6.061e+00      5.900000      6.100000      0.688974      0.694872      2.673510      1.959071      0.813793      0.897059      8.200000      0.745348      2.503232      0.131346      1.866664      2.007582      0.202562      0.854234      5.600000      6.400000      7.400000      9.000000      1.817949      2.445385      4.682328      6.689969     -0.183673      0.251526      3.000000      4.600000      5.723636      7.307460     15.064095     40.162262     10.800000     12.000000      2.131667      3.119250      0.316609      6.800000      8.400000      7.000000     12.400000      1.560000      4.186316      1.249546     16.656792     -0.655520      0.379072      5.600000     11.000000      2.627778      3.907075      5.540216      6.463514     14.600000     18.000000      2.873158      4.505500      0.362300
  2            1136           809                                               4.047e-04     1.231e-01     8.835e-07     8.140e-07     1.071e+01     6.217e-07     3.801e+00      3.400000      3.800000      0.476795      0.492564      0.942436      1.595769      0.829268      0.808511      4.900000      0.559114      1.431361      0.232944      1.388049      1.585587      0.368313      0.704375      1.600000      1.800000      0.600000      1.200000      0.347863      0.312393      0.250970      0.290376      0.209109     -0.174901      0.400000      1.000000      2.266667      4.600000     10.711111      0.600000      2.200000      1.600000      0.198077      0.235000      0.157119      1.200000      1.200000      0.200000      0.200000      0.094737      0.050000      0.077193      0.045238     -0.118310     -0.232878      0.200000      0.200000      0.400000      0.200000      0.000000      0.000000      1.400000      0.400000      0.028947      0.030000      0.035088
  2            1491           852                                               9.774e-04     1.613e-01     3.126e-06     7.787e-07     1.195e+00     7.510e-06     1.631e+01      5.800000      6.900000      0.707692      0.762179      7.779231      6.244039      0.659091      0.784091      8.100000      0.786582      8.068244      0.121248      1.869704      2.189694      0.163062      4.524188      3.000000      3.600000      2.400000      3.000000      0.875320      1.059295      0.994474      1.385895      0.026554      0.221206      1.400000      2.000000      4.900000      4.871428     16.072222     11.287189      5.000000      4.400000      0.773846      0.910750      0.150320      5.000000      3.400000      5.000000      2.800000      1.275000      0.864474      1.716827      0.758097     -0.659017     -0.205180      4.800000      2.600000      1.856667      2.700000      1.193944      5.883333      8.200000     10.600000      0.855789      5.017000      0.829422
  2            2995          3880                                               2.917e-04     2.284e-01     2.089e-08     7.004e-07     5.775e+00     5.714e-06     1.708e+01      5.400000      5.200000      0.649231      0.534359      5.605369      4.277051      0.696774      0.684211      7.700000      0.692943      9.605756      0.253143      2.446128      2.035654      0.208438     18.672016      4.000000      2.600000      3.400000      2.400000      0.528718      0.432308      0.547555      1.030162     -0.520695     -0.547657      3.000000      2.000000      4.758333      3.700000      1.932986      0.700000      5.800000      5.400000      0.480513      0.687250      0.300818      5.200000      5.000000      5.400000      8.200000      1.473684      1.806316      1.483208      6.128332     -0.102302     -0.571296      4.400000      7.200000      3.600000      2.792692      2.757143      2.571400     10.200000     16.200001      1.640000      8.259000      0.801429
  1             855          2020          7930         0.919          8840     6.803e-04     2.289e-01     1.587e-07     4.047e-08     1.728e+01     9.050e-06     1.704e+01      4.700000      4.700000      0.539231      0.560385      1.749423      2.673205      0.886792      0.770492      6.800000      0.677405      3.831630      0.313890      2.361494      2.440813      0.198188      6.510812      1.000000      1.000000      0.000000      0.000000      0.000000      0.000000      0.000000      0.000000      0.000000      0.000000      0.000000      0.000000      0.000000      0.000000      0.000000      0.000000      1.000000      0.000000      0.000000      0.000000      0.000000      3.400000      2.200000      3.400000      1.200000      1.084211      0.332632      1.291774      0.220897      0.270678      0.030104      3.200000      1.000000      3.451429      2.166667      6.009633      1.027778      5.600000      6.600000      0.708421      3.684000      0.807703
  2            4786          3039                                               3.981e-04     2.527e-01     4.979e-08     3.351e-07     1.137e+01     6.246e-06     1.014e+01      7.500000      6.700000      0.747051      0.612821      9.281218      8.676154      0.773196      0.663366      9.900000      0.751108     10.975142      0.170916      2.750590      2.268431      0.179500      8.334937      2.800000      2.200000      2.200000      2.000000      0.735577      0.648077      1.151864      1.290967     -0.010080     -0.107029      1.400000      1.200000      2.714286      1.733333      5.877551      5.511111      3.800000      3.400000      0.553462      0.566000      0.022153      6.200000      5.600000     11.600000     10.000000      3.978947      4.536842      8.862768     14.875878      0.863906      2.138963      7.000000      5.400000      4.882271      7.660000      7.933703     10.579889     11.800000     17.000000      4.257895      6.271000      0.321018
  2             471          3492                                               5.342e-04     2.831e-01     1.557e-08     6.336e-07     4.665e+00     5.495e-06     1.908e+01      2.500000      2.500000      0.316282      0.355513      0.388269      1.433782      0.961538      0.714286      4.000000      0.534430      1.995728      0.538028      2.315312      2.550930      0.272000      4.330125      2.200000      1.800000      1.200000      0.800000      0.368803      0.277350      0.258951      0.168460     -0.145643     -0.087014      1.200000      0.800000      2.150000      2.500000     10.737500     15.250000      3.400000      2.400000      0.193846      0.820000      0.763602      1.600000      1.200000      0.600000      0.200000      0.202632      0.047368      0.119702      0.038596      0.078125     -0.118310      0.600000      0.200000      2.100000      0.400000      0.050000      0.000000      2.600000      3.000000      0.100000      2.360000      0.957627
  2            7329          3063                                               8.950e-04     2.056e-01     2.459e-08     4.046e-07     3.485e+00     4.985e-06     1.457e+01     11.400000     11.500000      0.878462      0.853205     18.758078     18.855513      0.728435      0.761589     15.500000      0.897943     21.263893      0.068788      2.899833      3.137677      0.070750     10.645875      3.400000      4.800000      2.800000      5.000000      0.616154      1.204615      0.589891      1.456992      0.033738     -0.217859      1.800000      4.000000      6.833333      4.957143      9.938889     16.939796      6.800000      6.800000      0.910385      1.186000      0.232391      5.000000      6.400000      5.800000     10.400000      1.408421      3.580000      2.596558      9.790482     -0.450886      0.679830      5.400000     10.000000      2.712308      4.545238      3.079670      6.463577     10.800000     15.800000      2.494210      4.675000      0.466479
  2            5488          6788                                               5.210e-04     2.074e-01     6.206e-06     6.368e-07     6.867e+00     1.221e-06     8.680e+00      8.900000      9.100000      0.833205      0.814487      8.439775      6.918397      0.864078      0.968085     12.800000      0.869146     11.672468      0.097703      2.995402      2.787606      0.086687     16.157812      4.600000      6.000000      4.800000      6.200000      1.150769      1.542051      1.716305      2.436710     -0.031471      0.089840      3.600000      5.000000      6.162381      4.982381     23.993401     21.989536      9.600000      9.800000      1.346410      2.191375      0.385587      3.200000      3.000000      2.400000      2.600000      0.720000      0.782105      0.738791      1.011746      0.049397     -0.151889      2.400000      2.600000      3.350000      3.133333      1.337500      3.644444      6.000000      6.400000      0.751053      2.690000      0.720798
  2            4476          7812                                               5.896e-04     1.104e-01     7.792e-07     4.785e-07     1.072e+01     7.671e-06     2.356e+00      6.700000      7.100000      0.756154      0.775769      2.496090      5.723013      0.893333      0.860606      9.500000      0.822278      4.809431      0.126695      2.638061      2.664419      0.122813      2.970000      2.200000      3.800000      2.600000      3.200000      1.165064      0.724679      2.612578      0.937783      0.684729     -0.477187      2.000000      2.600000      6.233333      3.016667     13.094444      2.981945      5.200000      5.400000      0.755897      1.344000      0.437576      7.400000      4.800000      9.600000      6.800000      2.800000      2.471579      4.391434      8.291295      0.187076      0.264206      8.600000      5.800000      3.718254      3.536898      4.229225      7.023941     12.200000     22.799999      2.635789     12.942000      0.796338
  2            8769          2821                                               5.858e-04     1.607e-01     3.169e-08     8.875e-07     6.642e+00     4.832e-06     1.983e+00      9.400000     10.200000      0.816795      0.842436     25.234663     39.770241      0.576687      0.601770     14.100000      0.866171     34.287247      0.079996      2.945858      2.921057      0.098187      8.675062      6.600000      7.600000      9.600000     11.000000      2.578205      2.821282     10.192388     11.292478      0.106174      0.082254      2.000000      3.400000      7.440741      6.190476     12.064731     20.390213     11.800000     13.000000      2.699744      3.042125      0.112547      4.400000      3.800000      5.000000      2.800000      1.447368      0.656842      1.986828      0.468616      0.271474     -0.332111      4.800000      2.600000      4.646667      3.200000      9.569111      5.475000      7.600000      7.800000      1.052105      1.995000      0.472629
  1            8498          7856          8244         0.475          9314     3.065e-04     2.828e-01     6.808e-08     5.438e-07     6.742e+00     9.532e-06     7.065e+00      8.700000      9.700000      0.760897      0.828974      9.165817     32.945450      0.674419      0.611987     13.700000      0.858070     22.904188      0.136233      3.026625      3.447705      0.080375      8.354578     10.200000      8.600000     14.800000     13.400000      4.104103      3.751026      9.023341     11.631698      0.494762      0.468580      8.600000      7.200000      6.912381      6.604762     32.925137     28.882029     18.600000     22.000000      3.927564      4.867500      0.193104     10.400000      8.000000     20.799999     18.400000      7.566316      3.850526     32.326939     23.303413      0.855079     -1.024582     12.400000     10.000000      5.087778      2.049960     14.674858      1.206918     18.200001     31.000000      5.708421     10.718500      0.467424
  2            3599           721                                               8.284e-04     1.959e-01     1.208e-06     2.334e-07     1.249e+01     5.445e-06     1.603e+01      8.900000      9.300000      0.826410      0.830385     11.286346     12.499166      0.760684      0.768595     11.600000      0.850443     11.890728      0.049757      2.107952      2.264062      0.128063      0.586625      3.600000      2.600000      3.000000      2.000000      0.767628      0.916346      0.772788      1.109675     -0.072697      0.765484      1.200000      0.200000      5.809524      8.600000     10.790023      8.000000      3.800000      3.200000      0.673590      0.799250      0.157223      3.000000      3.400000      2.200000      2.600000      0.425263      0.844211      0.489524      0.600212     -0.745142      0.512147      1.200000      1.600000      1.433333      5.200000      0.827778      4.042857      4.800000      3.800000      0.634737      0.824000      0.229688
  2            8918          2599                                               3.532e-04     2.899e-01     2.235e-07     8.932e-08     2.407e+00     9.012e-06     3.433e+00      8.800000      8.300000      0.788846      0.779231     17.460770     18.898558      0.664151      0.694561     11.300000      0.797911     19.987936      0.033635      2.088954      1.981412      0.188562      8.051657      2.800000      2.600000      2.000000      2.000000      0.716026      0.671795      0.635786      0.654324      0.462918      0.093404      0.800000      0.800000      7.083333      3.620000     13.315278      8.778000      3.600000      2.800000      0.555128      0.760750      0.270288      6.600000      9.200000      7.400000     17.600000      1.841053      5.327368      2.250755     13.213984     -0.596708      0.259007      4.800000     15.000000      2.706061      3.006375      4.641483      4.855593     15.800000     22.600000      3.584211      5.685000      0.369532
  1            2312          1483          3572         0.278          9210     1.013e-04     1.852e-01     2.282e-08     5.343e-07     1.006e+01     4.922e-06     9.813e+00      3.400000      3.300000      0.388333      0.388333      1.165769      1.724487      0.829268      0.846154      4.600000      0.443323      1.755918      0.217047      1.145574      1.196759      0.503062      1.299875      2.600000      1.800000      1.600000      0.800000      0.400641      0.162821      0.243588      0.110957     -0.155075     -0.074993      1.600000      0.800000      3.600000      2.533333     19.666666      0.177778      3.400000      2.400000      0.225385      0.310000      0.272953      3.600000      4.200000      4.600000      5.000000      0.667368      1.528421      1.327686      2.218067     -0.880012     -0.058796      3.400000      3.800000      1.882353      3.337500      4.383737      4.755469      7.600000     10.200000      1.097895      3.933000      0.720851
  1            5142           499          4222         0.980          6213     5.744e-04     1.960e-01     3.453e-06     2.358e-07     9.314e+00     2.879e-06     1.342e+01      8.300000      9.400000      0.812820      0.834872      8.266074      8.652211      0.817734      0.773663     10.900000      0.836962      8.459371      0.031062      1.949792      2.047465      0.150250      0.423859      2.600000      2.800000      1.800000      2.000000      0.579167      0.680769      0.629976      0.654520      0.096099      0.252860      0.400000      0.600000      4.200000      4.783333      7.000000      9.031944      3.200000      2.400000      0.503974      0.534875      0.057772      5.200000      3.800000      7.400000      5.600000      2.547369      1.786842      6.402367      4.561473      0.070053     -0.215554      3.000000      1.200000      3.047203      2.444444      2.526272      1.846914      6.800000      8.600000      1.733684      1.881000      0.078318
  1            8940          5604          6774         0.630          9043     7.897e-04     1.759e-01     5.268e-07     2.013e-07     1.906e+01     5.130e-06     6.094e+00     12.200000     11.300000      0.878846      0.876410     17.647484     16.080305      0.797386      0.773973     15.900000      0.900918     20.546986      0.050153      2.899486      2.864186      0.076375     15.391406      3.400000      4.800000      2.400000      3.800000      0.770513      1.366667      0.539527      1.131056      0.250509      0.372336      1.400000      2.800000      6.200000      5.850000     22.233334     16.509722      6.200000      5.200000      0.854872      1.085000      0.212100      6.000000      7.400000      7.400000     16.000000      1.904211      5.089474      2.468611     22.954023     -0.300771      0.375551      5.400000     14.000000      3.293254      3.969841      6.474640      5.952738     13.400000     22.799999      3.496842      8.337000      0.580563
  1            1007           197          1562         0.268          3946     8.998e-04     2.649e-01     2.147e-06     2.983e-08     6.755e+00     4.328e-06     1.276e+01      5.600000      5.600000      0.619103      0.615769      7.493333     10.222179      0.666667      0.674699      7.300000      0.643671      8.853640      0.077227      1.381545      1.353361      0.330750      0.426625      1.200000      1.000000      0.200000      0.000000      0.097436      0.000000      0.088055      0.000000     -0.167205      0.000000      0.200000      0.000000      0.400000      0.000000      0.000000      0.000000      1.200000      0.200000      0.009744      0.010000      0.025641      2.800000      1.800000      3.200000      0.800000      1.260526      0.328947      2.011654      0.195336      0.284833      0.175271      3.000000      0.600000      3.130000      2.900000      1.225500      2.450000      3.800000      3.800000      0.635789      1.946000      0.673284
  1             675           489          1130         0.939          8121     4.627e-04     2.013e-01     1.396e-08     2.176e-07     7.287e+00     1.135e-07     1.664e+01      3.600000      3.400000      0.533333      0.479231      1.246474      0.696603      0.857143      0.918919      4.800000      0.586139      1.051139      0.237278      1.585549      1.520798      0.336000      0.363000      1.600000      1.400000      0.600000      0.400000      0.409402      0.183761      0.234852      0.157017      0.635131      0.065124      0.400000      0.200000      7.200000      1.400000      0.000000      3.200000      1.800000      0.800000      0.177949      0.216750      0.179014      1.000000      1.000000      0.000000      0.000000      0.000000      0.000000      0.000000      0.000000      0.000000      0.000000      0.000000      0.000000      0.000000      0.000000      0.000000      0.000000      1.000000      0.000000      0.000000      0.000000      0.000000
  2            5498          7224                                               3.597e-04     1.660e-01     4.601e-06     6.447e-07     1.215e+01     3.348e-06     1.273e+01      6.000000      6.600000      0.718974      0.710385      2.426667      3.150753      0.983607      0.929577      8.600000      0.762152      3.323200      0.115741      2.004975      2.328332      0.191563      2.250672      5.400000      5.600000      6.400000      8.200000      1.193077      2.231026      2.484281      5.884097     -0.531822      0.346327      3.600000      5.400000      4.086580      6.037719     14.518735     25.785870     10.000000     11.800000      1.712051      2.044500      0.162606      3.800000      4.200000      2.800000      9.000000      0.535789      2.860000      0.369674     13.417828     -0.806818      0.383114      2.400000      8.600000      2.033333      3.722222      0.387778      1.702938      8.000000     12.400000      1.697895      5.322000      0.680967
  1            1853          2354          3249         0.398          7064     3.965e-04     2.798e-01     1.641e-08     1.071e-07     1.339e+01     6.987e-07     1.221e+01      4.700000      5.400000      0.552180      0.565897      4.021282      5.130833      0.770492      0.760563      6.900000      0.641741      4.855554      0.226054      1.862828      1.915787      0.277625      1.332813      1.400000      2.000000      0.600000      1.200000      0.224679      0.672436      0.236200      0.498179      0.243771      1.166220      0.200000      0.800000      3.600000     10.800000      0.000000      3.200000      2.200000      1.400000      0.358846      0.512500      0.299812      1.200000      1.000000      0.200000      0.000000      0.394737      0.000000      0.240184      0.000000      0.144523      0.000000      0.200000      0.000000      1.000000      0.000000      0.000000      0.000000      1.400000      0.400000      0.039474      0.250000      0.842105
  2            8892          7934                                               4.138e-04     2.714e-01     1.816e-06     3.844e-07     3.110e+00     1.016e-06     7.209e-02      9.600000     10.400000      0.841923      0.857949     15.095257     15.891972      0.703297      0.832000     14.800000      0.876456     17.473255      0.058122      2.938283      3.110440      0.097687      8.594266      5.400000      4.800000      5.400000      5.000000      0.844359      1.397692      1.229144      1.974621     -0.434111      0.579753      3.600000      3.200000      6.094048      8.906667      7.214902     12.294222      9.000000      8.600000      1.121026      1.694000      0.338238      2.800000      2.200000      2.000000      1.400000      0.616842      0.341053      0.420908      0.324979      0.065458     -0.229077      1.800000      1.200000      3.650000      3.000000      2.837500      0.000000      4.200000      3.200000      0.478947      0.838000      0.428464
  1            1389          5868          7327         0.130          8179     8.556e-04     2.327e-01     7.029e-08     2.769e-07     3.608e+00     7.069e-06     8.813e+00      4.700000      4.500000      0.574231      0.541795      5.250961      4.356154      0.701493      0.703125      7.900000      0.714652     11.429415      0.357104      3.236241      3.115073      0.132625     26.412312      1.400000      1.000000      0.400000      0.000000      0.073718      0.000000      0.067808      0.000000     -0.392027      0.000000      0.400000      0.000000      0.600000      0.000000      0.000000      0.000000      1.600000      0.600000      0.014744      0.215000      0.931425      2.200000      2.600000      2.000000      1.600000      0.569737      0.565789      0.698113      0.365650     -0.380341      0.013922      1.800000      1.400000      1.466667      2.966667      1.822222      2.227778      4.400000      6.600000      0.454211      3.939000      0.884689
  1            2415          1196          3078         0.655          6362     4.824e-04     2.538e-01     8.754e-06     9.282e-07     5.550e+00     8.484e-06     3.497e+00      6.900000      6.900000      0.677436      0.696538     20.656105     20.629408      0.530769      0.605263     10.000000      0.731962     24.298838      0.114511      2.391822      2.378501      0.224187     15.473657      3.200000      4.400000      2.600000      4.600000      0.626667      1.331282      0.658538      1.500540      0.036125      0.582721      1.400000      3.400000      6.633333      8.935000      3.916667     43.911373      6.200000      6.000000      0.978974      1.173000      0.165410      6.400000      7.000000      7.800000      8.400000      2.235790      2.195790      3.981710      3.015416     -0.128461     -0.116233      5.600000      6.200000      3.838571      3.280342     11.725736      4.699897     12.400000     14.000000      2.215790      3.033500      0.269560
  2            3710          3101                                               4.306e-04     1.307e-01     2.125e-07     4.419e-07     5.932e+00     2.612e-07     8.460e+00      6.400000      6.500000      0.739487      0.721026      7.077308     10.349936      0.752941      0.783133      8.800000      0.802690     10.205871      0.163424      2.447483      2.656733      0.126687      6.330062      2.400000      1.800000      1.400000      0.800000      0.298718      0.160256      0.194066      0.111116     -0.095796     -0.126367      1.400000      0.800000      3.066667      3.000000      3.344445      0.200000      3.200000      2.200000      0.229487      0.270000      0.150047      1.200000      1.600000      0.200000      0.600000      0.263158      0.278947      0.125313      0.210025      0.313006     -0.280780      0.200000      0.600000      2.000000      0.800000      0.000000      0.200000      1.800000      0.800000      0.108421      0.160000      0.322368
  1            8099          1888          2832         0.830          7850     3.653e-04     1.055e-01     2.864e-07     4.032e-07     4.717e+00     6.887e-06     1.244e+01      7.100000      6.800000      0.777051      0.760385      6.312820      6.871666      0.788889      0.772727      8.400000      0.795791      6.840063      0.065794      1.875460      1.868140      0.177813      1.308500      6.400000      7.200000     10.800000      9.800000      3.305641      2.620256     13.575446      5.125092      0.550175      0.151562      5.000000      4.000000      6.367020      6.510239     23.653084     31.384937     10.800000     14.800000      2.962949      3.583125      0.173083     10.200000     10.800000     26.200001     30.600000     10.708421     10.273685     60.548698     55.986767      1.643644      0.796048      6.800000     11.200000      5.552429      4.176884      8.137959      7.062983     20.600000     37.400002     10.491053     11.839000      0.113857
  1            3698          1481          3716         0.110          8535     8.707e-04     2.641e-01     3.911e-07     6.581e-07     1.873e+01     2.415e-06     6.469e+00      9.200000      9.200000      0.809872      0.818205     11.343333      8.390577      0.760331      0.821429     12.400000      0.859905     10.797389      0.100601      2.755401      2.755387      0.095375      4.168562      5.200000      4.600000      5.200000      5.200000      1.547436      1.815705      1.823470      2.860843     -0.179866      0.475997      2.400000      2.400000      4.236869      6.440000     25.825527     22.982794      7.400000      7.600000      1.345256      1.608125      0.163463      3.000000      3.000000      2.200000      2.400000      0.729474      0.896842      0.519872      0.923186      0.644997      0.690555      1.200000      1.400000      5.100000      4.720000      1.690000      6.148000      4.600000      3.600000      0.813158      1.089500      0.253641
  2            6926          6127                                               1.948e-04     2.373e-01     7.711e-07     2.584e-07     9.972e+00     6.994e-06     4.672e+00      5.500000      6.400000      0.644103      0.676923      2.190385      4.523269      0.916667      0.914286      8.000000      0.701329      4.240649      0.108130      1.853588      2.093440      0.258875      3.658937      4.200000      2.200000      3.600000      2.200000      1.056090      0.801282      1.134148      1.174095     -0.021150      0.549537      2.400000      1.000000      4.911111      7.340000     20.282717      4.562000      5.000000      4.600000      0.742949      0.865250      0.141348      6.400000      8.400000     14.800000     14.000000      5.607368      4.143158     18.371635     12.108761      1.152030     -0.005985     10.200000      9.400000      5.267738      3.549252      8.599042      7.265257     14.800000     30.600000      4.875263     16.039000      0.696037
  2            9999          1675                                               2.844e-04     1.086e-01     2.380e-08     4.538e-07     1.695e+00     3.569e-06     1.676e+01      7.900000      6.900000      0.811667      0.761154      5.411923      5.192163      0.863388      0.797688      8.800000      0.802911      5.569790      0.040952      1.832855      1.761073      0.181000      1.322703      6.200000      6.000000      5.600000      5.400000      0.866923      0.971538      0.728866      0.933260     -0.815572     -0.558852      3.000000      2.800000      3.939242      4.646667     22.004118     18.120222      9.200000      8.400000      0.919231      0.933625      0.015418      5.400000      5.200000      6.600000      6.000000      1.648684      1.867105      2.928244      3.078787     -0.639245     -0.451174      4.600000      4.000000      1.912121      2.202222      2.075528      2.817012      9.200000     10.600000      1.406316      1.524500      0.077523
  2            2553          4818                                               3.718e-04     2.134e-01     1.007e-07     7.929e-07     8.829e+00     5.372e-06     8.142e+00      6.600000      6.800000      0.678333      0.710000      4.544167      9.046988      0.767442      0.693878      9.600000      0.760380      7.288133      0.158150      2.384845      2.653045      0.175063      2.285375      3.200000      4.000000      2.800000      3.000000      0.501795      0.643077      0.833097      0.523286     -0.393559     -0.277979      2.600000      2.800000      3.640000      5.050000      9.252000     10.293056      6.400000      5.600000      0.572436      1.083500      0.471679      3.000000      3.800000      3.200000      7.200000      0.985263      2.982105      1.138123     10.180056      0.214097      1.484453      3.000000      7.000000      3.055556      6.439474      1.862346      3.563262      6.600000     11.600000      1.983684      5.246000      0.621867
  1            4329          1691          1811         0.951          6450     6.919e-04     2.054e-01     4.663e-06     9.787e-07     9.593e+00     9.118e-06     1.190e+01      9.400000     10.500000      0.800641      0.815128     13.796041     14.195737      0.764228      0.830040     13.800000      0.833671     15.112211      0.058446      2.512177      2.811801      0.141188      5.109266      5.000000      4.800000      4.800000      4.000000      1.129744      0.878718      1.439516      0.845825      0.019841     -0.158340      2.600000      1.800000      6.290000      4.936666     16.607500     21.676611      7.200000      6.600000      1.004231      1.158250      0.132976      5.800000      8.200000      8.600000      9.600000      2.296842      2.198947      4.141109      2.088271     -0.317925     -0.535012      6.400000      7.400000      3.184354      2.649394      5.535810      2.830044     14.000000     17.799999      2.247895      5.166500      0.564910
  2            3747          8464                                               2.286e-04     2.340e-01     3.617e-07     5.715e-07     1.729e+01     3.774e-06     1.427e+01      5.900000      5.000000      0.731410      0.609872      5.661602      6.805769      0.776316      0.649351      8.200000      0.785570      8.294763      0.252853      3.206225      2.885118      0.102375      8.452937      3.800000      5.000000      3.200000      4.600000      0.800000      1.054615      0.840543      1.149410      0.206937     -0.038796      3.200000      4.600000      7.742857      6.200000     18.326530     22.215874      8.400000      8.600000      0.927308      2.525000      0.632749      2.600000      3.000000      3.200000      2.200000      1.846053      0.610526      2.652653      0.722041      1.516246     -0.541510      3.000000      2.000000      6.810000      1.916667      4.577500      1.531944      5.400000      7.800000      0.982632      4.340000      0.773587
  1            2128          9478          9766         0.354          9814     3.878e-04     1.920e-01     1.029e-08     2.605e-07     1.325e+01     6.480e-06     1.286e+01      4.900000      5.700000      0.696154      0.708077      4.032756      6.795128      0.720588      0.730769      8.500000      0.814241      8.959003      0.240000      3.120118      3.373485      0.076438     14.273687      1.800000      1.400000      1.000000      0.400000      0.640385      0.321795      0.561590      0.186266      0.137484      0.210605      1.000000      0.400000      3.000000      4.000000      0.400000      0.000000      2.600000      2.000000      0.192436      0.865000      0.777531      2.600000      3.000000      2.000000      2.800000      0.657895      0.600000      0.854909      0.842495      0.133375     -0.300271      1.600000      2.400000      2.300000      2.077778      2.792857      1.558642      5.600000     11.600000      0.628947      9.230000      0.931858
  1            4591          2097          2467         0.453          8065     7.967e-04     2.818e-01     3.853e-07     9.124e-08     9.464e+00     9.446e-07     1.163e+01      8.900000      8.200000      0.762564      0.790385     14.764872     11.640833      0.684615      0.689076     12.000000      0.817057     13.718845      0.093444      2.566121      2.416615      0.143375      2.698313      1.800000      1.400000      0.800000      0.400000      0.337607      0.173504      0.197447      0.127653      0.094171      0.061115      0.800000      0.400000      4.900000      2.400000      2.450000      0.000000      2.200000      1.200000      0.153333      0.230000      0.333333      1.800000      2.000000      0.800000      2.000000      0.292105      1.161842      0.167210      1.358445      0.017139      1.165813      0.800000      2.000000      1.333333      5.550000      0.577778      1.037500      3.000000      2.800000      0.581579      0.950000      0.387812
  2            8801          3533                                               4.343e-04     2.861e-01     2.283e-06     7.493e-07     6.653e-01     7.347e-06     3.188e+00      9.400000     10.300000      0.835769      0.826410     10.860353     17.001314      0.749004      0.801556     14.000000      0.856709     15.156567      0.057803      2.753568      2.693190      0.118313      5.538188      5.800000      7.000000      5.200000      6.400000      1.161795      1.146923      1.066047      1.038409      0.033560     -0.372782      3.400000      4.600000      5.763333      5.251667     15.623278     17.001930     11.000000      9.800000      1.154359      1.248500      0.075403      7.800000      7.400000     15.200000     11.800000      4.136842      4.217895      9.036892     10.918635     -0.133120      1.071815     12.200000      8.800000      3.134365      4.902833      5.832965      8.192756     15.000000     24.000000      4.177369      6.463000      0.353649
  1            9182          2102          5115         0.810          8198     7.933e-04     1.966e-01     6.568e-06     2.575e-07     2.341e+00     4.951e-06     1.016e+01     13.500000     12.600000      0.886923      0.874231     35.034679     44.135578      0.663391      0.628429     17.799999      0.897975     40.872295      0.037467      2.859049      2.794019      0.085062      7.063562      4.200000      4.000000      4.000000      4.200000      1.635470      1.682906      3.328347      2.817056     -0.003420     -0.127016      0.800000      1.000000      3.224242      3.207273     12.489991      9.339372      5.600000      5.000000      0.995513      1.061500      0.062164     11.000000      7.200000     20.000000      8.600000      7.105263      2.377895     24.708460      3.154770      0.967767     -0.036733     17.000000      5.600000      4.881909      3.748846      9.131380      7.630648     18.000000     25.600000      4.741579      7.867000      0.397282
  2            6561          3820                                               7.657e-04     1.352e-01     1.922e-07     2.233e-07     4.476e+00     9.899e-07     1.393e+01      9.400000      9.300000      0.805513      0.790769     15.120433     16.835770      0.743083      0.723735     13.700000      0.856709     19.406515      0.126563      3.050595      3.207705      0.086187     14.341141      2.800000      3.600000      1.600000      2.400000      0.447692      0.511538      0.289794      0.390307      0.380067     -0.324178      1.200000      2.000000      6.750000      4.180000     11.337500     20.818001      5.000000      3.600000      0.479615      0.702750      0.317516      2.800000      2.400000      1.800000      2.000000      0.585526      0.940789      0.459113      1.133953     -0.117751      0.468409      1.800000      2.000000      1.950000      3.500000      1.187500      0.350000      4.600000      4.200000      0.610526      1.460000      0.581831
  2            9733          5959                                               7.864e-04     1.959e-01     9.006e-08     1.474e-07     1.392e+01     9.928e-06     1.024e+01     11.900000     13.000000      0.881154      0.901795     25.857100     29.485561      0.681948      0.716253     17.600000      0.907975     31.033047      0.035509      2.972468      3.126222      0.075938     14.662344      3.800000      3.800000      3.800000      4.200000      0.804103      1.128974      1.708866      2.331839     -0.067428      0.395957      1.400000      1.800000      5.857143      7.833333      6.119388      6.118254      5.400000      5.600000      0.966538      1.357500      0.288001     10.000000      8.800000     15.400000     30.799999      2.945263     11.086316      4.649490    134.930496     -1.323279      1.075305      7.200000     22.600000      1.915898      4.216089      3.101760      2.438437     18.799999     40.200001      7.015790     13.523000      0.481196
  1            7601          1368          2780         0.464          4506     4.173e-04     2.964e-01     2.689e-06     5.745e-07     1.402e+01     6.212e-06     1.299e+01      7.600000      6.900000      0.766026      0.672949      8.277933      9.149648      0.783505      0.784091      9.700000      0.740981      8.722623      0.055990      1.856386      1.717605      0.238063      0.470578      4.000000      4.600000      4.800000      5.200000      1.502244      1.676603      2.580590      2.965040      0.042487     -0.021923      1.400000      1.800000      3.481818      4.384615      8.221901     12.944116      5.800000      6.600000      1.271538      1.304750      0.025454      9.200000     10.200000     12.600000     23.600000      2.364211      7.942105      3.304784     19.061871     -1.155632      0.717417      7.200000     18.200001      1.999440      4.041649      2.380014      7.646534     19.000000     30.799999      5.153158      7.276000      0.291759
  1            9765          1728          6741         0.219          9829     7.467e-04     2.835e-01     2.037e-07     9.400e-07     1.133e+01     6.059e-06     1.265e+01     12.400000     12.200000      0.901795      0.897051     26.023590     27.235817      0.681319      0.697143     15.600000      0.910443     26.742813      0.023714      2.599473      2.594358      0.078813      1.778266      6.600000      8.400000      9.400000     12.600000      2.933333      2.926410      8.992084      8.128362      0.512385     -0.119439      2.400000      5.600000      7.143333      5.194445     24.506945     15.439475     12.400000     15.000000      2.929872      3.191375      0.081941     10.000000      8.200000     34.400002     27.000000     12.935789      4.600000     99.853615     50.491528      1.122276     -1.526927     10.000000      2.600000      4.156620      1.478718      3.851494      1.582864     17.400000     37.000000      8.767895     10.316500      0.150110
  1            8735          1312          5487         0.422          5976     8.627e-04     2.359e-01     1.261e-07     7.371e-07     7.220e+00     1.902e-06     3.190e+00     13.700000     14.300000      0.901154      0.917179     52.081104     47.982723      0.604856      0.584867     18.900000      0.921234     49.923103      0.026132      2.762369      2.961916      0.067000      2.071797      9.200000      8.400000     13.600000     12.400000      3.412821      2.749231     15.225450     11.208117      0.251458     -0.021732      4.600000      3.400000      6.682415      5.941667     29.261173     20.336168     13.800000     17.000000      3.081026      3.352625      0.081011      3.800000      4.000000      3.000000      3.400000      0.423158      1.023158      0.357627      0.923954     -1.308348      0.312699      2.800000      3.200000      1.550000      3.335238      1.937500      2.091410      6.600000      6.200000      0.723158      0.838000      0.137043
  2            6591           290                                               8.837e-04     1.897e-01     9.848e-08     3.584e-07     1.127e+01     1.284e-06     1.921e+01      9.400000      9.100000      0.835256      0.842821      7.134487      6.278654      0.878505      0.858491     11.000000      0.846551      6.770269      0.017251      1.844491      1.882671      0.146125      0.586937      3.200000      2.600000      2.600000      2.000000      0.782692      0.713782      0.729392      0.622430     -0.093014      0.376632      0.800000      0.200000      4.650000      5.440000     18.412500     11.125334      3.400000      2.800000      0.598590      0.594750     -0.006456      2.800000      3.600000      4.000000      4.600000      1.427368      1.780000      3.899694      3.619064      0.798836      0.745757      0.800000      1.400000      4.260714      4.960000      1.299426      5.449778      4.400000      5.400000      1.603684      1.839000      0.127959
  1            2133           465          3140         0.500          4687     1.541e-04     2.495e-01     1.929e-08     2.563e-07     2.450e+00     6.098e-06     9.152e+00      3.600000      3.300000      0.446538      0.444231      0.779551      1.669103      0.878049      0.825000      4.500000      0.470411      1.324763      0.098941      0.823451      0.943564      0.505188      0.457938      1.600000      1.600000      0.600000      0.600000      0.181090      0.248718      0.117406      0.145696      0.023156      0.351723      0.200000      0.200000      3.800000      5.600000      0.000000      0.000000      1.800000      0.800000      0.171923      0.178500      0.036846      5.600000      5.600000      8.800000      7.400000      3.442105      1.726316      7.523322      2.767182      0.509596     -0.520788      5.000000      3.600000      4.755921      2.578974      7.204759      1.823431     10.600000     12.400000      2.067369      2.591500      0.202250
  2            8253          4559                                               6.331e-04     1.899e-01     7.936e-08     9.026e-07     8.326e+00     7.654e-07     1.972e+00      9.800000     10.100000      0.843333      0.851154     10.623895     17.050833      0.717949      0.731884     13.900000      0.875475     15.103983      0.060660      2.776672      2.798465      0.097000      5.695015      5.800000      6.400000      6.600000      7.200000      1.418718      1.681795      2.796492      2.026080     -0.255220      0.230574      3.600000      4.200000      3.737180      6.773084     10.787960      9.885682     10.800000     10.800000      1.550256      2.068250      0.250450      2.400000      3.600000      2.000000      4.200000      0.735789      1.764211      0.838903      2.440223      0.553110      1.292411      2.000000      4.200000      3.457143      6.123333      1.983673      6.253944      5.200000      6.200000      1.250000      2.190000      0.429224
  1            4229          3149          6106         0.214          9187     1.966e-04     1.872e-01     2.759e-07     9.995e-07     1.623e+01     2.566e-06     7.081e+00      4.800000      4.000000      0.589615      0.589359      2.197692      1.302292      0.842105      0.909091      6.200000      0.674905      2.791547      0.222175      2.175298      1.980941      0.241812      4.201641      6.000000      5.600000      6.600000      7.000000      1.418462      1.923846      2.330107      2.748820     -0.214744      0.426109      3.800000      4.200000      5.340000      7.394444     15.806000     22.742437      9.800000     10.800000      1.671154      2.229375      0.250394      2.400000      4.400000      1.400000      7.000000      0.191579      1.953684      0.147290      6.389351     -0.735273      0.025340      1.200000      6.800000      0.900000      3.372960      0.250000      1.496733      6.400000      8.600000      1.072632      4.068000      0.736325
  2            9837          2953                                               8.546e-04     1.794e-01     2.457e-07     5.343e-07     3.895e+00     7.250e-06     3.972e-01     13.100000     12.300000      0.897308      0.894487     20.701075     22.856586      0.796353      0.761610     16.700001      0.916930     23.247610      0.044568      3.009258      2.879579      0.062563      6.890625      6.200000      5.000000      7.800000      5.800000      1.751026      1.124103      3.339750      2.231458      0.107409     -0.722018      5.000000      3.000000      6.048810      3.830303     17.241659     12.118641      9.200000     10.800000      1.437564      1.721625      0.164996      9.800000     10.000000     22.600000     19.200001      7.361053      4.615789     28.183765     14.692860      0.455225     -0.547529     13.400000     10.000000      3.386945      2.339113      3.989634      4.156060     19.600000     32.599998      5.988421      7.271500      0.176453
  2            9010          8754                                               5.930e-04     1.521e-01     1.654e-06     3.487e-07     1.846e+01     8.158e-06     1.558e+01      9.500000      9.600000      0.837821      0.849615     13.830914      8.757019      0.763052      0.800000     13.800000      0.876709     13.691507      0.072089      2.796593      2.965769      0.091125     10.034985      5.400000      5.600000      5.800000      7.800000      1.625385      2.879231      3.727291      8.409666      0.375465      1.024115      3.200000      5.200000      8.166667      7.412500     18.605556     21.598524      9.600000     11.000000      2.252308      3.553500      0.366172     11.000000      8.600000     26.000000     13.000000     10.680000      3.881053     59.450447      8.356753      1.758965      0.157056     21.799999      8.800000      6.271204      4.011488     13.623921      9.706770     19.600000     36.000000      7.280526     14.859500      0.510042
  1            9197          2338          3930         0.101          5845     9.286e-04     1.056e-01     1.379e-07     8.067e-08     7.660e+00     8.135e-06     1.692e+01      9.300000     10.100000      0.834359      0.845641     11.730000     12.564744      0.778243      0.808000     12.700000      0.858228     12.306170      0.040795      2.375177      2.450408      0.124000      1.234625      2.200000      1.800000      1.400000      0.600000      0.278205      0.214423      0.241619      0.145451     -0.504132      0.185104      0.800000      0.000000      2.700000      3.800000      3.250000      0.000000      2.400000      1.400000      0.197051      0.213625      0.077583      8.600000     10.200000     15.600000     24.799999      4.852632      7.818947      7.183503     31.297020      0.390343      0.442818      8.600000     17.799999      3.675824      3.824060      5.005194      5.132529     18.200001     33.400002      6.335790      7.298000      0.131846
  2            6921          5634                                               6.728e-04     1.085e-01     3.323e-08     4.861e-07     5.422e+00     7.160e-06     7.607e+00      8.300000      8.400000      0.815256      0.803205      6.314038     14.695513      0.813725      0.743363     11.200000      0.858608     14.015142      0.108296      2.627101      2.736116      0.093250     14.391188      5.200000      5.400000      5.000000      5.200000      0.840000      1.123590      0.829873      0.958720     -0.592294      0.011863      3.200000      3.400000      4.677778      6.862121     17.791975     14.280704      9.200000      8.400000      0.981795      1.356625      0.276296      8.200000      9.200000     13.400000     17.799999      3.450526      4.323158      5.174726     12.365151     -0.397464     -0.664916      9.200000     13.600000      3.017033      2.520140      4.926668      6.782413     17.200001     27.400000      3.886842      6.516000      0.403493
  1             182          1544          4796         0.634          6037     8.888e-04     1.609e-01     5.249e-06     9.011e-07     1.364e+01     5.473e-06     2.754e+00      3.100000      3.000000      0.364744      0.384487      0.641394      0.499487      0.968750      0.857143      4.900000      0.605696      1.405439      0.548499      2.635123      2.825982      0.169000      3.326766      1.200000      1.200000      0.200000      0.200000      0.148077      0.112179      0.104357      0.087123      0.074159     -0.013044      0.200000      0.200000      1.400000      1.000000      0.000000      0.000000      1.400000      0.400000      0.052051      0.210000      0.752137      1.400000      1.000000      0.400000      0.000000      0.050000      0.000000      0.045238      0.000000     -0.465756      0.000000      0.400000      0.000000      0.400000      0.000000      0.000000      0.000000      2.000000      2.200000      0.020000      1.820000      0.989011
  1            7757          2452          3904         0.884          8718     2.339e-04     2.145e-01     1.228e-06     4.556e-07     8.479e+00     6.996e-06     1.407e+01      6.700000      7.200000      0.703974      0.722692      3.995881      5.889471      0.875817      0.808989      9.600000      0.742690      5.230166      0.076250      1.853044      2.015197      0.228687      1.382719      5.400000      5.200000      7.800000      7.600000      2.714615      2.269744      7.775232      7.116730      1.117501      0.426438      2.400000      2.200000     10.767172      7.021154     30.428305     25.051609      8.600000     10.000000      2.492179      2.721250      0.084178      8.200000      8.600000     11.400000     17.600000      3.289474      5.565263      4.650777     18.454241     -0.051262      0.446545      6.600000     12.800000      2.925926      4.682631      5.076445     13.414778     16.799999     25.200001      4.427369      7.305500      0.393968
  2            1482          9950                                               7.196e-04     2.355e-01     3.732e-06     8.226e-07     1.092e+01     1.045e-06     8.588e+00      6.500000      6.700000      0.703974      0.737692      6.845817      9.509936      0.650000      0.673367     11.400000      0.842247     22.196421      0.250009      4.012246      3.851015      0.039375     55.782139      2.200000      2.400000      1.800000      1.400000      0.541795      0.226923      0.630251      0.200449      0.156714     -0.349711      1.800000      1.400000      4.800000      3.033333      1.600000     16.561111      4.400000      4.000000      0.384359      1.410000      0.727405      1.400000      1.400000      0.400000      0.400000      0.202105      0.115789      0.100518      0.063826      0.572097      0.012651      0.400000      0.400000      3.200000      0.800000      0.000000      1.800000      2.800000      3.200000      0.158947      2.740000      0.941990
  1            1519          1812          6428         0.822          9172     5.589e-04     2.090e-01     1.222e-06     2.978e-07     5.828e+00     5.449e-06     1.745e+01      6.300000      5.700000      0.705128      0.592821     10.814342      9.187693      0.724138      0.699386      8.800000      0.747721     14.559553      0.231339      2.877550      2.771691      0.156000     18.506266      1.800000      2.000000      1.000000      1.000000      0.620833      0.256410      0.639200      0.164823      1.136665     -0.206924      0.600000      0.600000     10.733334      1.550000      0.177778      6.837500      2.600000      1.600000      0.350897      0.499250      0.297151      4.600000      4.200000      5.000000      5.200000      1.507368      1.158947      2.521582      2.341203      0.063118     -0.675983      4.400000      4.600000      3.553571      2.433333      3.142793      2.830444      8.400000     10.800000      1.333158      4.048000      0.670663
  2            4111          4113                                               3.688e-04     1.057e-01     4.830e-08     9.902e-08     6.743e-01     4.814e-06     1.045e+01      5.500000      4.800000      0.672949      0.643846      4.685705      5.252051      0.833333      0.774194      7.100000      0.736266      7.933655      0.189891      2.294927      2.360681      0.187813     11.959312      1.200000      1.600000      0.200000      0.600000      0.240385      0.198077      0.124975      0.150699      0.298394     -0.223165      0.000000      0.400000      3.000000      1.600000      0.000000      0.000000      1.600000      0.600000      0.087692      0.093750      0.064615      6.400000      4.400000      8.600000      4.000000      1.816842      0.594737      2.701810      0.494954     -0.887444     -1.008962      7.600000      3.000000      2.179167      1.333333      1.856163      0.194444     10.400000     11.800000      1.205789      2.765000      0.563910
  2            8783          8335                                               3.825e-04     2.437e-01     1.507e-08     1.948e-07     1.383e+01     1.681e-06     1.848e+01      8.400000      8.000000      0.750385      0.774615     14.805064     12.102564      0.717949      0.754717     11.500000      0.817025     16.542517      0.124130      2.702220      2.695802      0.129812     12.873062      2.000000      2.400000      1.200000      1.600000      0.383761      0.590171      0.419829      0.493532     -0.193038      0.017752      0.800000      1.200000      2.600000      3.053333      0.533333     17.879110      3.200000      2.400000      0.292179      0.362500      0.193988      4.200000      4.800000      4.400000      4.600000      0.773684      0.800000      1.230404      0.760936     -0.945126     -0.977612      3.800000      4.000000      1.500000      2.271429      1.175000      1.854082      9.000000     14.000000      0.786842      8.492500      0.907349
  1            7600          2730          4427         0.199          8417     3.978e-04     1.705e-01     1.162e-06     8.559e-07     2.668e+00     7.459e-06     1.402e+01      7.300000      7.100000      0.733205      0.765256      7.720561      6.775961      0.797814      0.767568      9.500000      0.771013      7.945676      0.053993      2.015808      2.030067      0.207750      3.117203     10.000000     10.000000     14.600000     15.400000      3.732564      4.780256     14.046332     13.925733      0.450746      0.903671      4.000000      4.800000      6.673714      7.836154     20.853111     26.054491     17.600000     19.400000      4.256410      4.821000      0.117111     11.000000      6.200000     25.400000      5.800000      8.211579      1.661053     26.644228      1.777377      0.542766     -0.093131     22.600000      3.000000      3.897914      3.225000      7.523512      5.070209     17.200001     29.799999      4.936316     10.636000      0.535886
  1            2351          5951          6551         0.545          7988     1.661e-04     1.268e-01     4.180e-08     3.808e-07     1.896e+01     2.659e-06     5.581e+00      3.400000      3.900000      0.474744      0.449744      1.035449      1.384359      0.871795      0.866667      5.000000      0.576171      1.965807      0.327985      1.766417      1.997543      0.312750      3.046313      2.600000      2.400000      1.800000      1.600000      0.261538      0.477564      0.220751      0.403646     -0.641533     -0.137235      1.800000      1.600000      1.516667      3.800000      0.231944      7.400000      4.200000      3.800000      0.295641      1.110000      0.733657      3.200000      1.800000      3.000000      0.800000      1.169737      0.167105      1.428926      0.122480      0.076121     -0.349931      2.800000      0.600000      3.157143      0.733333      4.728911      0.044444      4.800000      7.200000      0.534737      4.735000      0.887067
  1            5614           986          6980         0.158          8137     9.841e-04     2.470e-01     3.704e-06     9.033e-07     1.165e+01     3.295e-06     1.569e+01     10.400000     10.200000      0.840128      0.835513     17.079119     17.516666      0.709898      0.623853     14.000000      0.861646     17.599894      0.053390      2.513684      2.571851      0.115125      2.057797      8.200000      6.400000     10.000000      9.200000      2.338974      2.349487      7.148074      7.615888     -0.150501      0.048476      3.400000      2.600000      4.257742      5.845238     14.921870     13.282624     11.400000     12.600000      2.344231      2.372625      0.011967      4.800000      5.400000      4.800000      5.600000      1.763158      2.309211      2.370691      2.543546      0.026609      0.578001      3.400000      4.200000      2.591667      3.650000      2.727431      2.928770      8.800000      9.000000      1.628947      1.923000      0.152913
  1            3604           890          5565         0.948          5957     1.992e-04     2.509e-01     5.171e-07     4.055e-07     1.453e+01     8.186e-07     6.285e+00      5.600000      5.000000      0.638205      0.607564      5.603782      4.836474      0.736842      0.675676      7.000000      0.641867      5.275601      0.056955      1.509714      1.365989      0.339625      0.480125      3.000000      2.800000      2.200000      2.800000      0.412308      0.798974      0.380272      1.227515     -0.306455      0.351188      1.600000      2.200000      4.933333      5.790476      8.000000     11.894785      4.400000      4.400000      0.605641      0.720000      0.158832      1.800000      1.000000      0.800000      0.000000      0.298246      0.000000      0.214871      0.000000     -0.210390      0.000000      0.800000      0.000000      1.600000      0.000000      0.200000      0.000000      1.800000      0.800000      0.089474      0.220000      0.593301
  2            3877          1965                                               9.993e-04     2.283e-01     9.168e-07     5.296e-07     2.292e+00     9.042e-07     8.473e+00      9.100000      9.600000      0.800256      0.818590     17.537180     17.495577      0.681648      0.695652     13.300000      0.864842     29.995459      0.119848      2.911920      3.081669      0.081125     50.168186      3.200000      4.000000      2.800000      3.400000      0.477436      0.643333      0.499718      0.711111     -0.201550     -0.386864      1.800000      2.400000      4.155556      3.266667      3.767901      5.195960      5.600000      5.200000      0.560385      0.780500      0.282018      2.200000      1.200000      1.200000      0.200000      0.419298      0.033333      0.262889      0.030159     -0.380252     -0.232878      1.200000      0.200000      1.600000      0.200000      3.600000      0.000000      2.600000      1.600000      0.135789      0.380000      0.642659
  1             402          1147          4147         0.117          9660     7.095e-04     2.344e-01     2.907e-07     3.294e-07     1.188e+01     3.931e-06     1.503e+01      3.900000      3.700000      0.476923      0.552051      1.318077      1.360833      0.812500      0.770833      5.800000      0.632500      4.097579      0.311886      2.270635      2.423708      0.252438     10.961562      1.400000      1.200000      0.400000      0.200000      0.064957      0.074786      0.058703      0.058082     -0.334411     -0.013044      0.400000      0.200000      0.800000      1.000000      0.000000      0.000000      1.600000      0.600000      0.041923      0.045000      0.068376      1.400000      1.200000      0.600000      0.200000      0.178947      0.063158      0.178558      0.051462     -0.195048     -0.118310      0.600000      0.200000      0.400000      0.400000      0.400000      0.000000      2.200000      1.600000      0.072632      1.000000      0.927368
  2            4925          6215                                               4.999e-04     1.454e-01     4.127e-08     4.073e-07     8.635e+00     3.198e-06     7.336e+00      7.600000      8.300000      0.782179      0.791154      8.325641     12.924039      0.752475      0.721739     11.900000      0.857627     13.676408      0.151378      3.122196      3.367765      0.073188     12.584937      4.800000      4.000000      4.800000      3.800000      1.084103      0.710513      1.481339      1.448191     -0.305464     -0.515200      4.000000      3.000000      4.994444      4.141667     15.509105     11.299653      7.800000      7.800000      0.897308      1.322250      0.321378      3.800000      4.200000      9.000000      4.200000      1.797895      0.958947      5.813879      1.427430     -0.842471     -0.469353      7.200000      2.400000      2.690159      2.041667      5.774870      1.166319      8.000000     13.000000      1.378421      7.129500      0.806660
  2            7033           443                                               5.544e-04     2.429e-01     6.097e-07     7.713e-08     3.075e+00     4.980e-06     3.829e+00      9.400000      8.900000      0.827436      0.833077     12.378718     12.323445      0.846847      0.787611     11.500000      0.840380     12.605581      0.023120      2.023646      1.898334      0.149750      1.622828      2.000000      2.200000      1.600000      1.800000      0.618590      0.458333      0.862463      0.642527      0.055332     -0.249768      0.400000      0.600000      4.400000      2.540000      0.600000      3.362000      2.600000      2.200000      0.430769      0.460250      0.064054      3.600000      4.200000      6.000000      6.200000      2.682895      1.223684      8.293895      3.137803      0.643952     -1.187821      1.400000      1.600000      3.733939      1.206667      3.904847      0.693111      5.800000      7.600000      1.562632      1.795500      0.129696
  1            4187          1525          4622         0.568          7740     4.478e-04     1.076e-01     2.097e-06     5.227e-07     1.026e+01     5.242e-06     9.059e+00      6.900000      6.700000      0.772692      0.781923      3.957500      4.547564      0.807018      0.842767      8.800000      0.812215      5.392421      0.081163      2.198150      2.030864      0.153750      4.715188      3.000000      3.400000      3.400000      4.000000      1.556090      1.876282      3.004725      3.755385      0.699747      1.021868      0.600000      1.200000      5.375000      8.300000     13.859375     12.320000      4.400000      4.600000      1.372949      1.491750      0.079639      6.000000      5.800000      6.200000      6.200000      1.969474      1.162105      2.384834      1.532988      0.548250     -1.239735      4.000000      4.000000      4.575000      1.909091      5.476042      3.152617     10.400000     10.200000      1.565789      2.368500      0.338911
  1            5512          2408          5617         0.567          6812     6.574e-04     1.222e-01     2.980e-08     3.243e-07     1.268e+01     9.546e-06     1.419e+01      8.400000      7.300000      0.800128      0.783077      6.785705      8.752244      0.857143      0.848837     10.700000      0.835475      8.411329      0.099061      2.605331      2.589518      0.121750      2.925750      2.800000      3.200000      1.800000      2.200000      0.243910      0.515705      0.163704      0.344860     -0.683642     -0.423060      1.400000      1.800000      1.233333      1.925000      0.961111      4.296875      4.800000      3.600000      0.303846      0.341000      0.108956      4.800000      7.800000      9.200000     11.000000      3.552632      2.344211      7.515784      3.694431      1.210013     -0.829169      7.400000      9.200000      5.349573      2.567863      4.641417      3.844277     12.400000     18.799999      2.948421      5.175000      0.430257
  1             940          7751          7856         0.576          8697     6.090e-04     2.359e-01     1.264e-06     2.167e-07     1.009e-01     1.359e-06     1.263e+01      4.200000      3.800000      0.558333      0.487692      1.669487      1.780128      0.913043      0.760000      6.600000      0.691804      6.383450      0.388410      3.205666      2.973711      0.143625     18.487875      1.000000      1.200000      0.000000      0.200000      0.000000      0.048718      0.000000      0.044028      0.000000     -0.167205      0.000000      0.200000      0.000000      0.400000      0.000000      0.000000      1.400000      0.600000      0.009744      0.410000      0.976235      1.000000      1.200000      0.000000      0.200000      0.000000      0.025000      0.000000      0.022619      0.000000     -0.232878      0.000000      0.200000      0.000000      0.200000      0.000000      0.000000      2.000000      1.800000      0.010000      1.610000      0.993789
  2            8159          8566                                               7.101e-04     1.749e-01     4.808e-07     3.744e-07     1.490e+01     2.830e-06     2.784e+00     11.000000     10.300000      0.869872      0.841667     19.826923     28.778316      0.726073      0.649842     15.800000      0.888165     29.896578      0.069255      3.410130      3.084099      0.080250     23.311266      5.600000      4.800000      7.000000      5.800000      1.434359      1.579744      4.127358      4.675954     -0.432339      0.056463      4.200000      3.000000      4.660364      5.450000     14.577159     10.370833      9.200000     10.000000      1.507051      1.967125      0.233881      6.800000      7.000000      7.800000     11.800000      2.026316      4.172632      2.360117     19.488934     -0.187874      0.849941      6.200000     10.200000      3.183636      4.584742      5.291186      4.027689     13.800000     22.000000      3.099474     10.872000      0.714912
  1            7525          1964          2840         0.693          9196     5.163e-04     2.685e-01     2.541e-07     1.680e-07     1.858e+01     6.538e-06     1.879e+01     12.000000     12.400000      0.872949      0.883462     39.046825     30.865097      0.601504      0.664879     17.400000      0.897722     36.700523      0.041881      3.013000      3.047218      0.083250      8.638812      4.600000      3.400000      3.400000      2.600000      0.803590      0.618462      0.597014      0.521789      0.034150      0.183198      1.600000      0.800000      5.253334      7.433333     17.221333      6.927778      5.200000      4.200000      0.711026      0.753500      0.056369      8.800000      7.600000     20.200001     17.200001      6.832632      5.622105     34.076351     38.229279      0.693001      0.508180      8.600000      5.600000      4.428516      4.106657      7.774826      4.901488     15.600000     25.799999      6.227368      8.370000      0.255989
  1            1541          3561          4149         0.875          6908     4.267e-04     1.826e-01     1.074e-06     9.933e-07     5.949e+00     4.503e-06     1.621e+01      4.000000      3.800000      0.515513      0.521923      1.676282     10.616587      0.800000      0.598425      5.700000      0.609715     11.616357      0.258118      1.975833      2.175618      0.301562     21.913515      2.000000      1.800000      1.200000      0.800000      0.416923      0.179487      0.338499      0.124103      0.500966     -0.052175      1.200000      0.800000      5.600000      4.400000     11.400000      0.000000      3.000000      2.200000      0.298205      0.650000      0.541223      2.400000      2.400000      1.800000      2.000000      0.341053      0.325263      0.333534      0.479894     -0.662371     -0.603498      1.800000      2.000000      1.600000      1.033333      1.600000      0.027778      4.600000      4.800000      0.333158      1.530000      0.782250
  1             782          6690          8230         0.593          9633     2.524e-04     2.884e-01     1.474e-08     2.347e-07     1.080e+01     6.234e-06     9.948e+00      2.400000      2.600000      0.337179      0.315256      0.373077      0.772692      0.960000      0.787879      4.300000      0.559715      4.552405      0.586066      2.919463      2.879936      0.212625     15.747750      1.000000      1.400000      0.000000      0.400000      0.000000      0.096154      0.000000      0.081614      0.000000     -0.223187      0.000000      0.400000      0.000000      0.400000      0.000000      0.200000      1.600000      0.600000      0.019231      0.220000      0.912587      2.200000      1.800000      1.200000      0.800000      0.436842      0.292632      0.310348      0.163008      0.438905      0.423004      1.200000      0.800000      3.800000      3.200000      0.533333      1.800000      4.000000      9.800000      0.364737      8.330000      0.956214
  1            8218          1563          4324         0.360          6424     4.326e-04     2.806e-01     1.337e-08     4.048e-07     1.979e+01     7.433e-06     1.231e+01      9.900000     10.100000      0.849359      0.839231     23.373638     22.435577      0.649180      0.668874     13.400000      0.872468     23.569094      0.061996      2.614769      2.640640      0.100062      3.769953      4.600000      4.000000      4.200000      3.600000      0.958205      0.720256      0.782640      0.675921     -0.012527     -0.355129      2.200000      1.600000      5.566667      4.816667      8.283334      6.143055      6.200000      5.800000      0.839231      0.871750      0.037303      6.800000      6.800000     16.600000     17.200001      6.363158      5.772632     31.350471     33.475735      1.179061      0.468665      5.400000      6.000000      5.889319      4.374584     13.467507      8.910175     13.000000     22.600000      6.067895      7.367000      0.176341
  2             942          3079                                               7.102e-04     2.557e-01     5.203e-08     9.439e-07     4.178e+00     6.762e-06     4.170e+00      4.700000      4.200000      0.540128      0.473205      3.822949      4.137564      0.734375      0.552632      7.500000      0.687184      7.781836      0.413816      3.097627      3.219062      0.136812     15.215250      3.000000      2.800000      2.400000      2.600000      0.620192      0.548397      0.772556      0.460686     -0.131623     -0.263700      1.600000      1.800000      3.088889      2.854545      8.049383      5.203306      5.000000      4.400000      0.467436      0.898625      0.479832      3.000000      3.000000      2.200000      3.600000      0.788421      1.338947      0.535600      2.743492      0.570754      0.630507      2.000000      3.400000      4.250000      4.607143      6.926389      5.149745      6.000000      9.800000      1.063684      6.603500      0.838921
  2            4961          1768                                               4.325e-04     1.004e-01     1.139e-07     3.335e-08     1.379e+01     3.857e-06     1.075e+01      7.500000      5.800000      0.793333      0.707051      6.151218      4.960961      0.872093      0.763158      8.600000      0.797943      6.010981      0.111121      2.363364      1.808873      0.155500      2.074625      1.200000      1.400000      0.200000      0.400000      0.233333      0.196795      0.124604      0.148385      0.281265     -0.093047      0.000000      0.200000      2.800000      1.800000      0.000000      0.000000      1.400000      0.400000      0.086026      0.129500      0.335709      6.200000      4.400000      8.200000      5.400000      2.591579      1.330526      4.071122      1.811518      0.255672     -0.117962      6.600000      3.800000      3.782468      3.517949      3.341969      2.879158     10.400000     13.000000      1.961053      3.863500      0.492416
  2            5764          5524                                               9.246e-04     1.831e-01     7.965e-06     6.989e-07     1.748e+01     4.950e-07     3.053e+00     10.700000      9.900000      0.865641      0.836667     17.439390     13.674936      0.713333      0.747170     15.800000      0.892785     17.497255      0.088058      3.465437      3.466674      0.066625      8.441218      3.800000      5.200000      3.800000      6.200000      0.671795      1.058718      0.856814      1.609874     -0.319859     -0.746413      1.800000      4.200000      6.088095      4.203571     18.677862     19.290752      7.800000      8.000000      0.865256      1.226750      0.294676      1.400000      1.800000      0.400000      0.800000      0.151316      0.201316      0.105493      0.148350      0.053170     -0.249397      0.400000      0.800000      1.400000      1.600000      0.000000      0.000000      2.600000      1.600000      0.141053      0.560000      0.748120
  2            5593          8530                                               4.908e-04     2.374e-01     3.260e-07     5.853e-07     1.356e-01     1.971e-06     3.829e+00      9.600000      8.600000      0.830897      0.806923     17.038847     11.890064      0.685714      0.741379     13.300000      0.864905     17.276186      0.101112      3.271267      2.951439      0.090250     11.829562      5.000000      3.600000      5.800000      3.800000      1.009744      0.857692      2.626835      1.328985     -0.828480      0.017512      5.000000      3.000000      3.710000      5.325000     12.609342     15.805208      7.800000      8.800000      0.933718      2.951250      0.683619      3.000000      3.200000      2.200000      2.600000      0.393684      0.568421      0.284266      0.602027     -0.691138     -0.356508      2.000000      2.400000      2.166667      1.511111      0.161111      1.590123      6.200000      8.000000      0.481053      4.258000      0.887024
  1            5366          1496          2323         0.646          4888     6.199e-04     2.118e-01     6.006e-08     1.810e-07     5.475e+00     1.643e-06     3.398e+00      9.300000      9.600000      0.832436      0.829744     26.286459     28.678638      0.626263      0.650847     12.900000      0.847753     27.783062      0.037753      2.422358      2.381935      0.136000      2.561156      2.600000      2.600000      2.200000      2.200000      1.014103      1.232479      1.535266      1.586651      0.146796      0.623691      0.800000      0.800000      2.583333      7.200000     10.531944      9.911111      3.600000      3.000000      0.673974      0.832750      0.190664      3.200000      4.200000      3.000000      5.600000      1.015790      2.156842      0.981504      4.512943      0.888732      0.943201      1.800000      4.400000      7.380000      4.665714      9.938000      3.667614      6.200000      7.400000      1.586316      2.048000      0.225432
  1            4799           283          6778         0.347          7869     6.755e-04     1.226e-01     1.656e-08     5.333e-07     6.908e+00     9.712e-06     1.231e+00      7.200000      7.900000      0.721923      0.706410      8.581795     10.708653      0.757895      0.745283      9.000000      0.727184      9.700648      0.035221      1.493994      1.542443      0.260125      0.701187      3.000000      3.800000      2.200000      2.600000      0.511026      0.493333      0.392256      0.399829      0.045874     -0.679198      1.000000      1.400000      5.785714      3.500000     10.898979     23.716667      4.600000      3.600000      0.502180      0.546500      0.081099      7.400000      7.000000     16.400000     17.799999      3.575789      5.375790     27.363581     27.880072     -0.895399      0.311656      3.000000      4.400000      2.129945      3.606552      1.977513      5.297719     13.000000     20.799999      4.475790     10.369500      0.568370
  2            5278          3577                                               8.951e-04     2.146e-01     1.731e-08     9.407e-08     1.815e+01     1.524e-06     1.601e+01     10.000000     10.400000      0.847051      0.872180     14.774551     12.202564      0.757576      0.776119     13.400000      0.882785     16.928148      0.050771      2.504392      2.614652      0.094625     14.260813      1.400000      1.400000      0.400000      0.400000      0.160256      0.107265      0.097694      0.087433      0.012842     -0.180249      0.400000      0.400000      2.600000      1.400000      0.000000      0.000000      1.800000      0.800000      0.080256      0.100000      0.197436      3.200000      4.600000      4.200000      5.400000      1.238947      1.931579      2.117221      2.766199      0.280712      0.959291      2.400000      3.600000      3.986667      5.791667      2.024444      7.524653      7.000000      7.800000      1.585263      2.428000      0.347091
  1            2900          7855          8121         0.998          9123     3.188e-04     2.443e-01     2.012e-06     3.815e-07     1.813e+01     8.740e-06     7.002e+00      5.600000      4.500000      0.648718      0.630128      3.983077      3.961474      0.875000      0.714286      7.600000      0.739968      6.916282      0.236198      2.781309      2.535930      0.162000     11.827437      2.400000      2.800000      1.600000      2.000000      0.311538      0.564872      0.310569      0.397689     -0.391520      0.332933      1.600000      2.000000      2.850000      5.866667      3.837500      6.111111      4.400000      3.600000      0.438205      0.750000      0.415726      5.000000      4.000000      8.000000      3.600000      3.130526      1.071579      6.885881      1.052086      1.314226      0.224118      7.800000      3.400000      6.080555      4.500000      8.870794      7.566667      9.000000     17.400000      2.101053     10.045000      0.790836
  2            7945          4900                                               4.091e-04     1.271e-01     2.513e-08     6.809e-07     9.689e+00     6.095e-06     1.284e+01      8.800000      8.600000      0.767179      0.799103      7.137741      7.731474      0.871287      0.860000     11.100000      0.833861      7.827765      0.112938      2.339479      2.508341      0.116687      1.924703      7.800000      6.200000     10.400000      9.000000      2.937180      2.436154      5.926167      5.667057      0.566845      0.450156      5.400000      4.000000      7.900866      6.429541     18.158163     27.047014     12.800000     14.400000      2.686667      3.069000      0.124579      8.200000      8.600000     11.800000     14.600000      3.067369      3.260000      3.895695      6.215110     -0.025574     -0.836228      8.200000     11.000000      4.088811      2.229551      7.248103      3.553497     16.799999     35.599998      3.163684     23.270500      0.864047
  2            9007          9634                                               6.695e-04     1.533e-01     8.080e-07     9.055e-07     1.030e+01     6.075e-07     1.002e+01     10.600000     11.100000      0.839872      0.841154     16.607708     33.245338      0.699670      0.672727     15.800000      0.887563     28.380569      0.099114      3.174112      3.479675      0.066563     14.889812      9.800000     11.600000     14.600000     12.800000      3.412821      2.335641     11.569255      5.128785      0.088152     -0.564169     10.200000      8.400000      5.671752      4.820415     14.302402     22.387880     21.000000     23.200001      2.874231      5.254000      0.452944      2.400000      1.200000      1.400000      0.200000      0.293421      0.025000      0.233312      0.022619     -0.603172     -0.232878      1.400000      0.200000      1.100000      0.200000      0.850000      0.000000      3.000000      2.000000      0.127368      0.540000      0.764133
  1            5691          3693          5406         0.600          9379     6.969e-04     2.337e-01     3.744e-07     4.467e-07     1.208e+01     6.861e-06     1.922e+01      9.300000      9.200000      0.809615      0.826795     14.166907     17.220257      0.750000      0.643357     12.700000      0.865823     16.793192      0.103864      2.935119      2.797494      0.087750      5.128140      4.200000      4.800000      3.600000      3.800000      0.704103      0.896923      0.513905      0.766038     -0.209495      0.135381      2.000000      2.200000      6.696667      6.890000     31.163279     25.200834      7.000000      5.800000      0.800513      1.085000      0.262200     10.000000      5.600000     24.000000      8.000000      7.638947      2.773684     47.427376      4.625091      0.470135      0.652402     20.799999      4.800000      3.902843      4.385252      5.460527      2.786509     15.600000     31.400000      5.206316     12.546000      0.585022
  2            9622           581                                               3.026e-04     1.457e-01     1.148e-08     6.228e-07     1.480e+00     6.588e-06     1.653e+01      7.800000      7.200000      0.772308      0.769231      5.908718      5.788782      0.838710      0.750000      9.000000      0.780981      5.909415      0.025390      1.634652      1.637231      0.209063      0.532062      5.200000      6.000000      6.200000      8.200000      1.999359      2.150641      3.000690      5.064884      0.422705     -0.216693      1.400000      3.400000      6.691111      4.754135     34.380714     29.860910      7.400000      9.600000      1.660000      1.721000      0.035445      5.200000      8.000000     13.200000     15.800000      3.873684      4.098948     21.156124     10.617511      0.079158     -0.279635      5.200000      7.800000      3.386786      3.216270      2.334295      4.961526     11.400000     21.000000      3.986316      6.579000      0.394085
  1            4022          1248          1401         0.388          8984     1.383e-04     1.978e-01     1.387e-08     6.681e-07     8.703e+00     3.647e-06     5.296e+00      4.700000      4.600000      0.617051      0.680256      3.545064      2.456026      0.701493      0.807018      5.700000      0.701044      3.503307      0.137356      1.570565      1.810986      0.247875      2.135937      4.600000      6.000000      4.400000      6.000000      1.082564      1.275897      1.531705      1.152181     -0.256244     -0.614057      1.800000      3.400000      4.893333      3.111428     18.969778      5.477918      8.000000      7.800000      1.179231      1.297375      0.091064      3.000000      4.000000      3.600000      8.200000      1.421053      0.910526      2.495116      5.459855      0.867200     -1.980932      2.400000      7.000000      4.600000      1.061765      5.100000      0.048573      6.200000     10.600000      1.165789      1.646000      0.291744
  1             315          4253          8832         0.131          9194     9.847e-04     2.248e-01     6.045e-08     5.615e-07     8.773e+00     8.647e-06     2.395e+00      3.200000      3.600000      0.489615      0.515641      0.578782      0.665192      0.941176      0.923077      5.400000      0.702627      2.233861      0.440556      3.054451      2.948121      0.102375      6.398000      1.200000      1.200000      0.200000      0.200000      0.025000      0.253846      0.023780      0.125131     -0.224821      0.331095      0.200000      0.200000      0.200000      3.600000      0.000000      0.000000      1.600000      0.600000      0.055769      0.295000      0.810952      2.200000      1.400000      1.600000      0.400000      0.743421      0.072368      0.612664      0.056983      0.480733     -0.228141      1.600000      0.400000      2.816667      0.300000      0.215278      0.050000      3.400000      5.200000      0.326316      3.970000      0.917805
  2            8371          1103                                               2.878e-04     1.721e-01     8.342e-08     7.557e-07     2.414e+00     3.206e-06     1.257e+01      7.800000      7.900000      0.810256      0.767564      8.816987     12.608974      0.728972      0.759615      9.800000      0.802595     10.920870      0.032192      1.799992      1.776275      0.184062      1.356812      4.400000      5.600000      6.200000      7.000000      2.014615      2.010513      4.334627      4.893658      1.060672      0.686185      1.200000      2.000000     10.552778      8.522223     18.499851     25.069754      6.800000      8.200000      2.012564      2.128750      0.054579      4.600000      4.600000      3.800000      4.400000      0.871579      1.101053      0.548683      0.830643     -0.446497     -0.324332      2.600000      3.200000      2.916667      2.173333      5.226389      1.789778      7.800000      7.000000      0.986316      1.083000      0.089274
  2            8329          8251                                               3.505e-04     2.984e-01     3.028e-06     6.256e-07     1.389e+01     7.008e-06     1.768e+01     10.000000     10.700000      0.799487      0.841154     38.489521     37.148350      0.530504      0.547315     16.900000      0.888734     51.553596      0.141617      3.889450      3.846025      0.044562     56.142860      6.800000      7.200000      8.600000      9.000000      2.437692      2.213333      5.358032      4.246833      0.636279     -0.036226      4.400000      4.800000      7.270476      5.950000     24.527166     27.547056     12.600000     13.400000      2.325513      3.348500      0.305506      4.800000      7.600000      8.400000      9.600000      3.223158      2.652632      6.548627      2.975851      0.718313     -0.217153      6.800000      8.000000      4.347637      3.095610      4.087445      3.651406     12.400000     18.799999      2.937895      7.015500      0.581228
  1            7946          2363          5143         0.449          9872     4.785e-04     1.953e-01     1.821e-06     4.362e-07     1.160e+01     1.979e-06     1.540e+01     10.900000     10.200000      0.783718      0.807436     37.844296     37.868877      0.637427      0.598240     15.600000      0.826234     40.215221      0.071167      2.951313      2.841544      0.143875     11.209437      5.600000      5.600000      5.800000      6.600000      1.369231      1.684615      1.737963      2.680338     -0.160681      0.213927      3.000000      3.800000      6.008572      6.966667     27.003510     27.716667      8.600000      9.600000      1.526923      1.839500      0.169925      4.600000      2.800000      6.400000      2.400000      1.794737      0.652632      3.467396      0.800401      0.066193     -0.428249      5.400000      1.400000      3.509697      2.600000      2.296399      3.200000      6.400000      7.800000      1.223684      1.479000      0.172627
  1             490          1081          1686         0.814          6250     9.862e-04     1.565e-01     7.861e-06     5.923e-07     3.007e+00     1.393e-06     1.696e+01      4.500000      4.300000      0.538718      0.557051      1.486843      2.162308      0.909091      0.843137      6.700000      0.707500      2.945297      0.365448      2.578742      2.890277      0.136875      4.518078      1.600000      1.400000      0.600000      0.400000      0.404487      0.119872      0.271304      0.105134      0.121580     -0.279909      0.600000      0.400000      2.900000      1.000000      6.050000      0.000000      2.000000      1.000000      0.104872      0.210000      0.500611      1.400000      1.200000      0.400000      0.200000      0.151316      0.126316      0.085443      0.062824      0.053170      0.286048      0.400000      0.200000      1.800000      1.600000      0.000000      0.000000      2.200000      1.400000      0.111053      1.010000      0.890047
  2            2707          8955                                               1.027e-04     2.905e-01     3.351e-08     1.184e-07     1.889e+00     2.292e-06     2.285e-01      2.600000      3.600000      0.302949      0.406538      0.865385      3.594680      0.838710      0.679245      4.800000      0.434842      5.307231      0.309575      1.390868      1.797458      0.487063     12.266438      1.400000      1.200000      0.400000      0.200000      0.240385      0.148077      0.179720      0.104357      0.012842      0.074159      0.400000      0.200000      2.200000      1.400000      0.000000      0.000000      1.600000      0.600000      0.077692      0.090000      0.136752      2.400000      3.000000      2.200000      6.400000      0.477895      2.614737      0.830666     11.750164     -0.457067      1.163437      1.800000      6.000000      1.866667      5.166667      0.088889      2.327778      5.200000     10.200000      1.546316      6.185000      0.749989
  2            8347          3527                                               2.224e-04     2.737e-01     4.575e-06     5.934e-07     1.158e+01     7.231e-06     3.365e+00      9.200000      9.000000      0.817820      0.860769     15.633590     15.997612      0.678967      0.671642     13.000000      0.870190     16.764744      0.068817      2.613794      2.936620      0.099688      4.539891      8.200000      8.400000     11.000000     10.200000      1.975897      1.889487      4.116912      2.919773     -0.725130     -0.666061      6.400000      5.600000      4.072797      4.950064     11.208639     32.353264     14.400000     16.600000      1.932692      2.369875      0.184475      9.200000      9.000000     31.799999     29.600000     11.285263     12.687368    132.632172    132.295090      0.840560      1.825437      9.000000      6.800000      3.895758      4.828353      3.734402      7.332760     18.200001     38.599998     11.986316     17.823999      0.327518
  1            9405          4449          4984         0.505          7070     9.967e-04     2.267e-01     1.471e-08     6.262e-07     1.573e+00     8.858e-06     1.867e+00     13.400000     14.400000      0.914359      0.917436     39.050816     37.516136      0.705263      0.795580     19.900000      0.929019     42.358353      0.027910      3.216352      3.269425      0.058187     18.009937      6.400000      6.000000      9.600000      9.400000      2.664103      2.204872      7.697638      7.415281      0.539670     -0.307554      3.200000      3.000000      6.397619      4.387582     18.842829     10.582072     10.600000     12.600000      2.434487      4.140625      0.412048      6.400000     11.200000     25.600000     11.600000      9.676842      2.392632     45.666183      2.191016      1.252299     -0.963705     20.000000      6.000000      4.720979      2.326172      9.165722      3.564359     17.600000     33.200001      6.034737     11.683500      0.483482
  2            9474          1519                                               8.231e-04     1.930e-01     1.185e-06     9.422e-07     9.186e+00     3.160e-06     7.680e+00     12.200000     13.400000      0.864487      0.877180     50.998703     45.962162      0.572770      0.604966     17.400000      0.889304     48.660988      0.040399      2.737324      2.925536      0.092688      3.137219      8.000000      8.800000     11.600000     13.400000      3.042308      2.957949      7.853890      7.080671      0.322929     -0.128854      2.800000      4.600000      6.854762      5.849350     25.214371     22.685093     12.600000     16.200001      3.000128      3.076125      0.024705      5.400000      7.200000      5.600000      8.600000      1.424211      2.165263      1.595918      2.332515     -0.259144     -0.312823      2.800000      5.800000      3.158333      3.266667      3.560764      5.857564     10.200000     11.400000      1.794737      1.838000      0.023538
  2            9885          6033                                               6.351e-04     1.719e-01     9.363e-07     7.763e-07     1.889e+01     5.061e-06     9.334e+00     10.000000      9.500000      0.842692      0.829231     18.045834     13.939904      0.727273      0.826087     14.600000      0.876108     16.074137      0.086747      3.275834      3.134520      0.084750      1.120656      8.800000      6.400000     12.400000     12.000000      3.209487      3.288974      7.017828     11.843121      0.188330      0.621565      6.800000      6.400000      7.012745      7.793987     31.094679     31.590574     13.600000     18.799999      3.249231      3.845000      0.154946      8.200000      9.600000     11.200000     16.200001      2.883158      4.989474      4.604661     12.635812     -0.401619      0.439236      8.400000     13.400000      3.391053      4.280108      9.905714      9.791664     17.799999     26.400000      3.936316      8.536000      0.538857
  2            8895          3508                                               8.341e-04     1.448e-01     2.321e-06     8.388e-07     1.006e+01     7.415e-06     1.545e+01      8.700000      9.900000      0.808333      0.828974     15.236779     11.931955      0.725000      0.782609     13.100000      0.855728     15.418335      0.081400      2.568253      2.791724      0.108125      7.923390      8.600000      9.200000     12.400000     11.400000      2.443077      2.781282      3.413963      4.688538     -0.533971      0.130316      6.800000      5.800000      4.503425      6.518809     13.083581     32.804859     15.400000     18.200001      2.612180      3.384000      0.228079      6.400000      7.200000     16.200001      7.200000      4.764211      1.603158     29.178135      1.742061      0.058270     -0.929335     14.000000      5.000000      3.632005      2.034343      5.317509      2.139129     13.400000     22.200001      3.183684      5.431000      0.413794
  1            2783          1640          4940         0.389          8357     3.289e-04     1.431e-01     3.878e-07     3.673e-07     1.825e+00     5.800e-07     1.391e+01      6.000000      6.100000      0.731282      0.681410      2.854808      3.959615      0.810811      0.824324      7.700000      0.741962      3.749668      0.090012      1.778620      1.829121      0.223312      1.523062      2.600000      2.600000      1.600000      1.800000      0.622115      0.436538      0.559152      0.408169      0.374546     -0.250806      0.800000      1.000000      6.100000      3.800000      7.850000      6.300000      3.400000      2.600000      0.423462      0.692000      0.388061      1.800000      1.000000      0.800000      0.000000      0.377193      0.000000      0.348213      0.000000      0.038255      0.000000      0.800000      0.000000      1.400000      0.000000      0.133333      0.000000      2.200000      1.200000      0.113158      0.770000      0.853042
  2            4809          9948                                               5.729e-04     2.174e-01     6.369e-07     6.688e-07     2.989e+00     8.916e-06     1.413e+01      7.400000      8.500000      0.748333      0.783846      9.439407     15.631202      0.701422      0.714286     12.400000      0.850095     18.822128      0.178267      3.507088      3.420222      0.068000     25.459719      4.200000      3.400000      3.200000      3.600000      0.619744      1.163590      0.609865      1.713912     -0.635282      0.750532      3.000000      3.400000      3.425000      8.716666     13.121875     16.581944      6.800000      6.800000      0.891667      1.634875      0.454596      6.000000      4.800000      9.800000      8.000000      2.550526      1.771579      6.544155      6.581315     -0.348766     -0.700775      8.000000      6.200000      2.747143      2.148889      1.754126      1.158049     10.800000     18.799999      2.161053      9.031000      0.760707
  2            5973          6678                                               3.516e-04     2.583e-01     1.770e-08     4.130e-07     3.967e-01     7.403e-07     5.923e+00      7.900000      8.900000      0.774615      0.773462     10.417949     15.412805      0.752381      0.751055     12.000000      0.827373     13.371372      0.120488      2.805503      2.745991      0.120625      2.446953      3.400000      3.800000      3.000000      3.200000      1.127564      0.710256      1.284030      0.858635      0.462382     -0.547537      2.400000      2.600000      5.983333      2.360000     17.081944      6.582000      6.000000      5.600000      0.735128      1.132000      0.350593      2.400000      2.800000      1.400000      2.000000      0.590526      0.554737      0.430983      0.447179      0.812578      0.188193      1.400000      2.000000      3.733333      4.466667      0.977778      1.844444      4.800000      4.200000      0.572632      1.690000      0.661165
  1            6238           701          2226         0.589          7107     3.451e-04     1.025e-01     3.025e-08     6.702e-07     1.786e+01     1.326e-06     5.763e+00      7.000000      6.600000      0.741154      0.751410      5.176538      4.349423      0.864198      0.795181      8.100000      0.761646      4.874225      0.038688      1.680673      1.620213      0.223375      0.677562      6.800000      7.400000      8.400000      9.400000      1.847436      2.281282      3.002392      4.661637     -0.149338      0.090323      2.600000      3.600000      5.659157      6.500000     19.073162     25.768223     10.400000     12.000000      2.064359      2.139000      0.034895      4.400000      2.800000      3.600000      1.800000      1.012632      0.347368      0.917717      0.226177     -0.002185     -0.423260      3.400000      1.600000      2.445714      2.350000      2.003265      1.837500      6.400000      5.200000      0.680000      1.557000      0.563263
  2            7770          6403                                               8.420e-04     2.861e-01     4.533e-07     7.797e-07     5.347e+00     2.848e-06     1.023e+01     10.700000     11.800000      0.810128      0.824359     39.065033     28.924503      0.545918      0.700297     16.900000      0.861297     41.295494      0.096663      3.348373      3.310716      0.095750     30.537609      4.400000      3.600000      3.800000      2.800000      0.754872      0.924103      0.603129      0.883105     -0.207550      0.767004      3.400000      2.400000      5.430000      8.033334     17.215500     14.994445      6.800000      6.200000      0.839487      1.200250      0.300573      7.600000      5.400000     10.400000      8.600000      3.587368      2.644211      8.462479      7.547446      0.955746      0.204794      7.800000      6.000000      5.061818      3.396667      7.933256      2.739278     12.800000     16.400000      3.115789      5.117500      0.391150
  2            8171          3963                                               6.645e-04     1.846e-01     1.864e-08     4.098e-08     1.530e+01     8.809e-06     1.462e+01      8.900000      8.100000      0.808462      0.785769      9.697677      9.512228      0.805430      0.733032     11.200000      0.826614      9.808892      0.067968      2.262279      2.085983      0.144625      1.285812      1.600000      1.600000      0.800000      0.800000      0.321795      0.349145      0.366364      0.409519      0.020072     -0.044241      0.400000      0.400000      2.500000      2.066667      0.050000      5.377778      2.000000      1.200000      0.201282      0.198500     -0.014015      8.600000      7.600000     16.600000      9.600000      5.868421      2.300000     25.249407      3.228878      0.907632     -0.515244     14.600000      7.600000      4.583401      2.628247      5.836508      2.954011     16.200001     24.600000      4.084210      8.850000      0.538507
  1            2097          2224          5545         0.549          6730     5.498e-04     1.023e-01     1.637e-08     6.882e-07     1.902e+01     9.314e-06     1.313e+01      5.200000      5.600000      0.655897      0.686538      6.254167      3.580705      0.650000      0.848485      7.200000      0.719747      6.538481      0.124136      1.811010      1.887793      0.232937      6.649000      2.400000      2.800000      1.600000      2.200000      0.460769      0.430256      0.570426      0.527134      0.189046     -0.419139      0.800000      1.400000      5.480000      4.300000      9.408000     14.250000      3.800000      3.000000      0.445513      0.756500      0.411087      6.800000      3.400000     12.000000      4.800000      4.423158      1.934737     10.351501      3.833127      1.204393      1.278148     11.000000      3.800000      5.434815      6.053333      7.633170      4.679111     10.000000     20.200001      3.178947     10.542000      0.698449
  2            2141          3911                                               1.559e-04     2.420e-01     1.215e-06     8.111e-07     1.719e+01     8.987e-06     1.669e+01      3.300000      3.600000      0.469231      0.525513      1.596667      1.172051      0.804878      0.818182      4.900000      0.583196      1.992500      0.253983      1.822336      1.901390      0.333125      2.471375      4.200000      4.400000      4.400000      3.600000      1.042051      0.925128      1.261814      0.778911     -0.369772      0.287280      4.200000      3.400000      4.260000      6.976666      6.628667     18.853945      7.800000      7.800000      0.983590      2.299000      0.572166      7.200000      5.400000      7.000000      8.800000      1.417895      2.643158      1.242490      6.818608     -0.894217      0.163191      5.000000      6.800000      2.559524      3.681429      5.821740      5.101133     12.600000     19.000000      2.030526      9.031000      0.775160
  1            8585          4268          5623         0.354          7749     5.544e-04     2.165e-01     2.202e-08     1.537e-07     9.918e+00     1.085e-06     1.462e+01     11.600000     10.800000      0.874103      0.815769     20.261570     16.990673      0.716049      0.683544     14.700000      0.877152     20.878662      0.070104      2.975776      2.625373      0.091438      9.828844      3.200000      3.400000      2.600000      2.400000      0.643077      0.547179      0.457984      0.398237      0.478026      0.226061      2.000000      1.800000     10.233334      7.916667      8.627778      7.798611      5.000000      4.400000      0.595128      0.650500      0.085122      2.800000      2.800000      2.400000      3.000000      0.681579      0.905263      0.849944      1.225856     -0.040683     -0.275802      1.600000      2.200000      2.300000      2.206667      3.694444      0.139778      5.200000      4.600000      0.634737      1.566000      0.594676
  1            4045          1028          1313         0.048          2085     1.111e-04     1.636e-01     4.785e-07     3.955e-07     4.156e+00     4.046e-06     6.739e+00      3.500000      3.100000      0.449103      0.461282      1.949039      0.677292      0.897436      1.000000      3.900000      0.475570      1.352338      0.080026      0.907299      0.857860      0.504562      0.220391      3.400000      3.600000      2.200000      2.600000      0.662821      0.753526      0.582313      0.543150      0.031187     -0.137868      1.200000      1.600000      4.690000      3.300000     10.649500     15.356667      5.000000      3.800000      0.566538      0.672500      0.157564      3.600000      3.800000      3.200000      2.800000      0.478947      0.544211      0.704489      0.308009     -1.279579     -0.826113      3.200000      2.800000      1.466667      1.400000      0.219444      0.774603      6.400000      6.000000      0.511579      0.700000      0.269173
  1            1034          1748          2666         0.996          5695     9.955e-04     1.742e-01     1.468e-08     6.767e-07     1.060e+01     7.566e-06     1.364e+01      6.200000      5.900000      0.706026      0.668077      4.353462      5.340705      0.873239      0.808219      8.300000      0.744177      6.170965      0.140162      2.381683      2.208519      0.200125      5.471687      1.600000      2.200000      0.600000      1.400000      0.409402      0.533333      0.224898      0.394026      0.635131      0.048612      0.600000      1.400000      8.000000      3.600000      0.000000      2.480000      3.000000      2.000000      0.282821      0.570000      0.503824      3.000000      2.400000      2.400000      1.400000      0.896842      0.528421      0.634330      0.290571      0.708024      0.762343      2.200000      1.200000      3.966667      5.566667      0.961111      4.761111      5.200000      5.800000      0.712632      3.373000      0.788725
  1            6508          2275          2698         0.188          3981     2.583e-04     1.138e-01     5.953e-06     6.079e-07     1.264e+00     9.207e-06     1.514e+01      7.200000      7.300000      0.762179      0.737692      4.850801      6.833045      0.852071      0.853801      9.500000      0.796867      6.309834      0.110393      2.240211      2.245827      0.157375      2.140344      6.400000      6.200000      9.000000      6.200000      2.018718      1.166667      5.581374      1.603053      0.035297     -0.658658      5.800000      3.000000      6.482143      4.027936     27.130152     12.595523     10.400000     12.000000      1.592692      1.809250      0.119695      9.800000     10.800000     16.600000     17.200001      4.094737      4.609474      6.102334     12.330666     -0.542217     -0.209958     11.200000     11.800000      2.787427      3.456842      4.731633      6.875926     20.400000     28.400000      4.352105      5.813000      0.251315
  1             431          1521          6774         0.082          8770     8.185e-04     1.952e-01     5.381e-06     2.178e-07     1.654e+01     1.397e-06     1.795e+01      3.500000      3.900000      0.444231      0.430769      1.265962      1.999359      0.853659      0.696429      5.700000      0.646013      3.020838      0.485110      2.877628      2.810803      0.150688      5.564938      1.200000      1.000000      0.200000      0.000000      0.511538      0.000000      0.250188      0.000000      0.335766      0.000000      0.200000      0.000000      3.800000      0.000000      0.000000      0.000000      1.200000      0.200000      0.051154      0.105000      0.512821      1.200000      1.200000      0.200000      0.200000      0.050000      0.260526      0.045238      0.125439     -0.232878      0.306266      0.200000      0.200000      0.200000      1.800000      0.000000      0.000000      1.600000      0.600000      0.062105      0.300000      0.792982
  2            6530          7308                                               2.161e-04     1.374e-01     7.274e-07     2.274e-07     1.766e+01     5.560e-06     5.496e+00      5.700000      7.000000      0.651795      0.745513      5.909744      8.163589      0.721519      0.707071      9.100000      0.777342      7.901867      0.181774      2.304074      2.713806      0.145938      3.769375      4.200000      4.000000      4.000000      3.400000      0.948718      0.550256      0.936045      0.475625     -0.268599     -0.825198      3.400000      2.800000      5.120000      3.266667     14.693714      8.415112      7.400000      6.800000      0.749487      1.211125      0.381164      7.400000      5.600000     11.800000      6.800000      3.833684      2.107368      6.175004      2.816675      0.504175      0.275797     10.800000      5.800000      3.850385      3.630952      5.212378      3.357115     13.000000     23.000000      2.970526     12.289500      0.758287
  2            2842          3607                                               9.176e-04     1.438e-01     3.010e-07     2.166e-08     9.062e-01     9.211e-07     8.110e+00      6.700000      7.100000      0.696667      0.704103      7.749615      4.983910      0.770115      0.845238      9.900000      0.765000      8.494066      0.153398      2.595160      2.690285      0.172000      8.721188      1.200000      1.200000      0.200000      0.200000      0.071154      0.071154      0.061106      0.061106     -0.112704     -0.112704      0.200000      0.200000      0.600000      0.600000      0.000000      0.000000      1.400000      0.400000      0.028462      0.030000      0.051282      1.000000      2.000000      0.000000      1.000000      0.000000      0.388158      0.000000      0.271951      0.000000      0.214427      0.000000      1.000000      0.000000      3.200000      0.000000      0.800000      2.200000      1.400000      0.155263      0.590000      0.736842
  2            2549          2491                                               3.176e-04     2.386e-01     1.614e-08     5.205e-07     1.657e+01     4.270e-06     6.671e+00      5.300000      6.400000      0.579359      0.696282      3.584808      2.887179      0.803030      0.914286      8.200000      0.691772      4.235047      0.142516      1.880599      2.258044      0.255625      4.108062      3.600000      3.800000      2.600000      2.800000      0.655385      0.674359      0.421230      0.431186      0.068512     -0.165545      2.000000      2.200000      6.500000      5.426667     19.143333     18.307556      6.000000      4.800000      0.664872      0.926250      0.282190      4.800000      3.600000      5.400000      3.000000      1.553684      0.550526      1.960412      0.407413      0.100225     -0.640243      5.000000      2.600000      3.703333      3.063333      3.643278      0.929944      8.200000     10.000000      1.052105      4.073000      0.741688
  2            5676          9430                                               1.832e-04     2.202e-01     1.969e-08     3.402e-07     1.643e-01     7.272e-06     3.994e+00      5.400000      4.900000      0.622564      0.634103      4.245320      3.708205      0.760563      0.777778      7.300000      0.680949      4.886092      0.140537      2.038467      2.047628      0.267750      3.790688      3.600000      4.200000      3.200000      3.600000      0.620769      1.154359      0.579543      1.058949     -0.298148      0.821027      2.600000      3.000000      4.156667      8.183333     10.620611      9.687500      7.000000      6.200000      0.887564      1.571500      0.435212      7.400000      6.800000      9.600000      8.000000      2.285263      1.798947      4.443525      2.366901     -0.642004     -0.752101      8.800000      7.200000      2.370350      2.482308      2.748751      3.555358     14.200000     23.799999      2.042105     12.312500      0.834144
  1            1934           358          5267         0.089          5494     3.110e-04     2.730e-01     1.648e-07     1.387e-07     3.223e-01     7.069e-06     1.370e+01      4.900000      5.200000      0.618846      0.643333      3.319103      3.209808      0.710145      0.838710      6.400000      0.658766      3.312358      0.078612      1.279245      1.384023      0.314250      0.352437      1.400000      1.200000      0.400000      0.200000      0.393590      0.050000      0.274927      0.047561     -0.061527     -0.224821      0.200000      0.000000      0.900000      0.200000      1.250000      0.000000      1.400000      0.400000      0.044359      0.048250      0.080643      5.600000      3.800000     10.200000      9.600000      4.262105      1.144211     19.759571      9.020969      1.664332     -1.922381      2.400000      1.800000      5.800550      1.149333      8.079181      0.278098      7.400000     12.000000      2.703158      3.704500      0.270304
  2            5554          6592                                               1.451e-04     1.472e-01     2.591e-08     1.081e-07     9.417e+00     6.427e-06     1.714e+01      4.900000      5.200000      0.688077      0.651410      2.747372      2.314551      0.844828      0.896552      6.400000      0.739051      2.891582      0.169623      2.093108      2.022262      0.193375      1.551000      2.200000      2.200000      1.000000      1.800000      0.383333      0.642308      0.332560      1.107413     -0.007870     -0.013836      1.000000      1.800000      1.933333      3.700000      3.644444      2.583333      3.400000      2.800000      0.307692      0.420000      0.267399      9.000000      7.400000     26.000000     19.200001     10.637895      4.064210    119.410980     28.186283      1.547381     -1.033880     16.000000      9.200000      5.176556      2.035238      5.367796      1.697553     16.400000     35.799999      7.351053     17.650499      0.583522
  2            7655          8533                                               5.392e-04     1.378e-01     7.312e-08     8.795e-07     1.246e+01     3.212e-06     1.086e+01      9.400000      8.800000      0.831154      0.782179     11.284743     19.866907      0.783333      0.698413     13.100000      0.858766     17.268841      0.113296      3.206920      2.905222      0.090438      7.466203      9.000000      8.600000     10.400000     11.600000      2.033590      3.321795      2.985644      6.236677     -0.362333      0.710731      7.600000      8.800000      5.587316      8.049313     23.594694     29.714693     16.799999     19.200001      2.677692      3.686250      0.273600      4.000000      4.600000      4.800000     12.200000      1.750526      3.995790      3.171067     30.470242      0.557663      0.615959      2.800000     10.200000      2.922222      4.085850      5.736420      1.607023      8.400000     15.400000      2.873158      8.532000      0.663249
  1            3267          2149          2563         0.110          5913     1.832e-04     1.845e-01     2.452e-08     1.995e-07     1.529e+01     6.606e-06     1.254e+01      4.700000      4.900000      0.508205      0.595513      3.970513      5.568461      0.758065      0.720588      6.400000      0.594177      5.340696      0.131763      1.491863      1.792186      0.364563      2.494750      1.800000      1.600000      1.000000      0.800000      0.455983      0.275641      0.421662      0.344381      0.190897     -0.188064      0.400000      0.200000      3.333333      2.400000      3.377778      0.000000      2.000000      1.200000      0.219487      0.276500      0.206195      4.000000      4.000000      3.400000      6.000000      0.868421      2.503158      0.717566      8.396893     -0.118378      1.346198      3.400000      6.000000      3.626667      6.393590      3.380889      5.792102      7.800000     12.000000      1.685789      5.890000      0.713788
  1            1605          3973          5775         0.785          7406     8.594e-04     2.079e-01     1.784e-07     2.808e-07     1.563e+01     4.550e-06     1.622e+01      6.200000      6.700000      0.747692      0.742692      5.669680      7.200641      0.794872      0.761364     10.000000      0.838070      9.386566      0.198022      3.341147      3.337608      0.071375     11.979813      1.600000      1.600000      0.600000      0.600000      0.050000      0.112393      0.046748      0.095320     -0.522145     -0.352294      0.600000      0.600000      0.400000      0.900000      0.000000      0.050000      2.200000      1.200000      0.048718      0.050000      0.025641      3.800000      2.200000      4.200000      3.200000      1.157895      1.237895      1.764055      2.734135     -0.021285      0.961251      4.000000      3.000000      3.306667      4.800000      1.529778      0.200000      5.800000      8.400000      1.197895      3.910000      0.693633
  2            3557          7807                                               4.511e-04     1.123e-01     1.636e-08     2.021e-07     4.770e-01     2.854e-06     1.833e+01      5.600000      5.100000      0.677949      0.660256      3.212179      2.087244      0.823529      0.894737      7.500000      0.736076      3.814763      0.164922      2.330853      2.259578      0.198625      4.734437      1.000000      1.800000      0.000000      0.800000      0.000000      0.477350      0.000000      0.275695      0.000000      0.466220      0.000000      0.800000      0.000000      6.300000      0.000000      4.050000      2.000000      1.000000      0.143205      0.415000      0.654927      3.400000      4.400000      3.200000      5.400000      0.974737      1.610526      1.268850      2.768677     -0.006789      0.027986      2.600000      4.800000      1.931818      3.566667      2.890393      4.605111      7.800000     10.800000      1.292632      5.246000      0.753597
  2            5788          4152                                               3.875e-04     2.743e-01     2.259e-07     2.728e-07     1.121e+01     5.823e-06     1.676e+01      9.200000      7.800000      0.805000      0.748077     10.328895     17.161860      0.776371      0.636735     11.800000      0.822184     18.054569      0.104728      2.781652      2.624095      0.133312     17.708578      3.400000      3.600000      3.000000      3.400000      0.795128      0.915641      0.875893      1.316864      0.246222      0.234626      2.000000      2.400000      6.960000      5.006667     17.860001     17.613111      5.400000      5.400000      0.855385      1.555750      0.450179      7.400000      7.200000      8.000000     17.000000      2.250526      4.120000      2.424428     21.992214     -0.027734     -0.541584      5.400000     14.400000      3.699307      2.595338      7.047574      2.088869     14.600000     23.799999      3.185263     12.460000      0.744361
  1            2768          3960          6927         0.983          8805     6.473e-04     1.060e-01     4.538e-06     3.806e-07     1.909e+01     4.012e-06     1.798e+01      7.400000      7.300000      0.786410      0.765000      7.900304      4.842115      0.778947      0.869048     10.800000      0.832658     10.144585      0.127066      2.882783      2.774648      0.111813     15.223391      3.000000      2.400000      2.200000      2.400000      0.541987      0.680128      0.420451      1.402274     -0.176210     -0.071907      1.600000      1.800000      4.700000      3.233333      8.725000      6.727778      4.400000      4.000000      0.488846      1.017000      0.519325      2.800000      2.600000      2.400000      1.400000      0.948684      0.740789      1.262803      0.489564      0.077226      0.594009      2.200000      1.200000      2.133333      3.033333      2.911111      1.294444      5.000000      4.400000      0.675789      1.740000      0.611615
  1            3008          3662          4194         0.876          5740     5.079e-04     2.994e-01     1.469e-08     7.396e-07     3.305e+00     1.794e-06     1.279e+01      7.500000      7.800000      0.713846      0.747180      8.802692     11.137372      0.691244      0.735849     10.800000      0.776487     11.584288      0.110778      2.558144      2.541598      0.178687      6.874813      3.600000      4.400000      3.200000      4.000000      0.937949      1.217692      0.990503      1.498567      0.632038      0.266667      2.400000      3.200000      9.333333      6.422222     11.953968     17.571606      7.000000      6.400000      1.077821      1.448625      0.255970      1.800000      1.600000      1.000000      0.600000      0.471053      0.180263      0.386090      0.105576      0.407598     -0.185204      1.000000      0.600000      4.000000      1.200000      0.000000      3.200000      3.200000      2.600000      0.260526      1.510000      0.827466
  2            4165          8371                                               7.588e-04     1.718e-01     2.852e-07     9.387e-07     5.780e+00     8.877e-06     1.940e+01      8.700000      9.200000      0.830128      0.831667      9.246651      6.824087      0.816901      0.906404     12.800000      0.875411     11.782405      0.095228      3.068424      3.047176      0.081188     15.202562      4.600000      4.200000      4.800000      5.200000      1.262564      1.357692      2.517980      2.946058     -0.005029      0.525993      4.400000      4.800000      5.504762      8.176190     14.868935     17.563831      8.200000      9.800000      1.310128      2.388750      0.451542      7.800000      7.200000     10.400000     11.200000      2.873684      3.423158      3.943715      8.050282      0.041955      0.378781      7.200000      8.000000      4.353252      4.196703     12.692354      4.663273     15.000000     28.799999      3.148421     18.613501      0.830853
  1            6696          4549          7870         0.470          8111     4.761e-04     1.214e-01     3.522e-06     2.614e-07     1.233e+01     3.890e-06     1.160e+01      7.200000      7.600000      0.739744      0.765897     12.339984      3.508317      0.688995      1.013333      9.700000      0.818892      8.746385      0.146901      2.350838      2.592549      0.116687      3.644031      2.600000      2.800000      1.600000      1.800000      0.233654      0.481410      0.155250      0.281800     -0.653348     -0.227625      1.400000      1.600000      1.733333      3.800000     10.177778      6.900000      4.200000      3.200000      0.286026      0.407500      0.298097      4.200000      3.000000      5.200000      2.400000      1.578947      0.401053      2.609089      0.365475      0.216887     -0.704796      4.800000      2.000000      3.591111      1.960000      3.061827      1.952000      7.000000      8.200000      0.990000      2.415000      0.590062
  2            4690          5662                                               2.610e-04     2.566e-01     4.711e-08     2.261e-07     2.729e+00     4.597e-06     1.294e+01      6.300000      5.900000      0.734872      0.686667      4.534872      3.837500      0.787500      0.728395      8.200000      0.761646      4.882484      0.123591      2.208389      2.021826      0.188750      2.959687      2.400000      2.000000      1.400000      1.000000      0.195192      0.366987      0.154107      0.219559     -0.592432      0.290320      1.200000      0.800000      2.500000      5.933333      0.150000      7.244444      3.200000      2.200000      0.224872      0.335750      0.330240      2.800000      5.400000      2.200000      7.600000      0.706316      2.300000      0.972091      3.882579     -0.041114     -0.047004      1.400000      6.800000      2.542857      3.101961      1.126531      3.455863      8.000000     11.000000      1.503158      4.510000      0.666706
  1            8917          6049          6070         0.986          7277     7.389e-04     2.266e-01     4.934e-06     8.065e-07     2.392e+00     6.223e-06     2.625e+00     14.800000     12.700000      0.895513      0.890128     36.571812     44.826778      0.665169      0.607656     22.400000      0.923354     49.412991      0.063538      4.106904      3.770799      0.046875     36.454063      6.200000      6.000000      7.400000      6.000000      2.085385      1.352308      4.076621      1.785033      0.540980     -0.164321      5.000000      3.600000      8.241275      5.219762     26.253099     15.891024     10.800000     11.000000      1.718846      2.069125      0.169288      7.800000      7.200000     14.400000     10.000000      5.173684      2.648421     15.378017      5.272080      0.730879     -0.232201     11.000000      6.600000      4.427174      3.473680      9.167866      6.925540     15.000000     22.200001      3.911053      7.551000      0.482048
  1            6719          1590          2100         0.976          8527     5.593e-04     2.380e-01     4.817e-06     3.002e-07     1.577e+01     5.131e-06     8.376e+00      7.000000      7.300000      0.737564      0.720897     20.808029     26.927917      0.700000      0.712195      9.200000      0.744146     24.266167      0.037639      1.756065      1.746819      0.241313      2.766266      5.400000      3.800000      5.600000      4.200000      1.424359      1.238205      2.312929      2.058318     -0.031180      0.481266      2.400000      1.000000      6.046667      8.287272     18.942888     13.983735      6.400000      6.600000      1.331282      1.430250      0.069196      6.600000      4.000000     11.000000      6.600000      3.421053      2.196842      8.766650      7.233411      0.429489      0.378348      6.600000      2.200000      4.868478      3.766789      5.385068      1.636487      9.600000     13.200000      2.808947      3.326000      0.155458
  2             897          2204                                               5.710e-04     2.032e-01     1.839e-06     1.457e-07     1.523e+01     8.951e-06     9.394e+00      4.200000      5.300000      0.454103      0.581667      1.786074      7.432500      0.823529      0.791045      7.000000      0.652215      6.613936      0.339659      2.279577      2.758891      0.216813      8.148829      1.200000      1.200000      0.200000      0.200000      0.142308      0.050000      0.122213      0.047561     -0.112704     -0.224821      0.200000      0.200000      0.600000      0.200000      0.000000      0.000000      1.400000      0.400000      0.019231      0.020000      0.038462      3.400000      3.800000      2.800000      3.800000      0.894737      1.432632      1.067925      1.442512      0.467020      1.084484      2.800000      3.800000      5.166667      5.383333      3.427778      2.065278      7.200000      8.800000      1.163684      4.100000      0.716175
  1            9443          2115          5780         0.190          6487     7.991e-04     1.917e-01     1.131e-06     5.875e-07     3.481e+00     8.494e-06     1.552e+01     10.600000     12.000000      0.831667      0.869231     13.265064     19.733526      0.815385      0.750000     14.900000      0.869778     17.421488      0.042504      2.420777      2.577586      0.111375      4.467625      9.400000      8.800000     13.400000     10.200000      2.462308      2.821538      4.213617      4.776049     -0.468537      0.439202      7.400000      4.200000      5.564861      6.362222     24.221699     26.534382     15.400000     17.600000      2.641923      3.167500      0.165928     10.000000      6.400000     18.400000      9.600000      5.455790      2.275789     26.509357      4.099705     -0.065385     -0.795837     15.200000      6.400000      3.050885      2.101353      3.312851      2.119632     16.200001     25.799999      3.865789      9.609500      0.597712
  2             193          9095                                               2.661e-04     2.876e-01     6.717e-08     7.452e-07     1.754e+01     3.469e-06     7.350e+00      2.100000      1.700000      0.317308      0.197436      2.101603      2.090641      0.700000      0.586207      3.500000      0.569209      5.720174      0.705501      3.263076      3.078617      0.126750     14.419812      1.200000      1.000000      0.200000      0.000000      0.082051      0.000000      0.055192      0.000000      0.113088      0.000000      0.200000      0.000000      1.600000      0.000000      0.000000      0.000000      1.800000      1.200000      0.032821      1.040000      0.968442      1.600000      1.600000      0.600000      0.600000      0.255789      0.146316      0.161654      0.090276      0.460686     -0.176447      0.600000      0.600000      2.700000      1.000000      1.250000      0.800000      3.200000      9.600000      0.201053      9.210000      0.978170
  2            3567          1570                                               2.467e-04     1.622e-01     2.214e-07     8.826e-07     1.738e+01     4.467e-06     1.971e+01      4.900000      5.600000      0.551538      0.606667      3.605128      2.383013      0.803279      0.949153      7.300000      0.620221      3.780838      0.123621      1.644764      1.759772      0.339687      3.257437      2.800000      4.000000      2.200000      3.200000      0.683333      0.865385      0.555429      0.808406      0.627194      0.182148      1.000000      2.000000      9.350000      5.033333      8.737500     15.605556      4.800000      4.200000      0.774359      1.012750      0.235390      4.800000      5.600000      7.200000      5.200000      2.805263      1.698947      7.662417      1.672581      1.235115      0.459634      6.400000      4.400000      5.330989      4.642857      5.327082      9.260657     10.200000     11.600000      2.252105      4.081000      0.448149
  1            6070          1021          1915         0.448          4604     7.453e-04     1.546e-01     3.366e-08     6.980e-07     1.314e+01     8.248e-06     1.955e+01     12.200000     10.200000      0.896154      0.837821     30.800497     20.666906      0.732733      0.635514     14.200000      0.884589     26.802216      0.039076      2.674589      2.325374      0.098250      5.507312      7.000000      7.400000      9.800000      8.600000      2.164615      1.979231      3.875706      2.959179     -0.060792     -0.208538      4.800000      3.600000      6.060693      5.323611     17.755384     31.204462     11.600000     13.400000      2.071923      2.207375      0.061363      8.200000      7.200000     20.000000     19.400000      5.824211      7.300000     24.113935     30.642044      0.297327      1.248993      6.000000      5.400000      4.235258      4.990912     12.182608      6.226151     14.400000     25.400000      6.562105      8.668000      0.242950
  1            9229           252           443         0.135          9883     6.059e-04     1.212e-01     8.048e-06     8.700e-08     1.049e+01     3.470e-06     9.894e+00     13.500000     13.300000      0.888077      0.882051     41.207886     29.945545      0.660147      0.713137     17.600000      0.888576     36.201591      0.007553      2.431008      2.367963      0.108000      4.247094      2.600000      2.400000      2.200000      1.800000      0.560577      0.497436      0.811033      0.559762     -0.207575     -0.194885      0.600000      0.200000      3.660000      2.550000      2.342000      4.537500      3.000000      2.400000      0.423205      0.421750     -0.003450     10.000000      8.600000     16.799999     14.600000      4.638947      3.671579      9.231930     10.546399      0.030591     -0.477999      5.200000      3.000000      3.657744      2.602872      7.494306      2.685374     14.600000     19.799999      4.155263      4.354000      0.045645
  2            6825          6412                                               8.369e-04     2.268e-01     8.720e-06     1.181e-07     8.299e-01     3.480e-06     1.556e+01     13.200000     12.600000      0.896667      0.894359     20.958878     19.262501      0.812308      0.865979     18.400000      0.915696     20.895704      0.042602      3.258400      3.241699      0.064625      4.106344      2.200000      2.400000      1.200000      1.600000      0.263248      0.344017      0.196775      0.388242     -0.264262     -0.563499      1.200000      1.600000      2.850000      1.566667      0.037500      1.261111      3.600000      2.800000      0.182179      0.315000      0.421652      6.800000      7.200000     10.200000     11.400000      2.591579      3.420000      6.418903      7.817638     -0.466541      0.355487      8.000000      9.200000      2.677500      4.041201      4.267885      3.653555     14.000000     21.200001      3.005790      7.749000      0.612106
  2            6836          7056                                               7.421e-04     2.538e-01     6.884e-08     1.538e-07     1.154e+00     8.081e-06     1.006e+01     11.300000     10.600000      0.866282      0.865256     23.580448     23.253382      0.674627      0.607450     16.200001      0.899557     25.700676      0.070975      3.351707      3.072867      0.067500     10.191703      3.800000      2.400000      3.000000      1.800000      0.983654      0.804808      0.810697      0.669844      0.205436      0.857632      2.200000      1.000000      5.183333      9.733334      8.498611     20.022223      5.000000      4.000000      0.715385      1.101250      0.350389      6.400000      7.000000      9.000000     11.800000      2.304210      2.107368      5.680139      7.695138     -0.095215     -1.319918      6.400000      9.200000      2.621454      1.844332      2.728576      2.509021     13.000000     19.600000      2.205790      7.355000      0.700097
  1             346           361           449         0.521          4483     4.856e-04     1.166e-01     1.098e-06     5.943e-07     4.163e+00     7.853e-06     7.335e+00      2.800000      2.700000      0.427692      0.402949      1.050833      1.152308      0.800000      0.750000      3.400000      0.526551      1.523149      0.345731      1.243596      1.336161      0.365000      1.720312      1.200000      1.600000      0.200000      0.600000      0.170513      0.448718      0.083396      0.245630      0.335766      0.778392      0.000000      0.400000      3.800000      8.000000      0.000000      0.000000      1.600000      0.600000      0.185769      0.252500      0.264280      2.400000      1.200000      1.400000      0.200000      0.498246      0.175439      0.352864      0.083542     -0.472427      0.313006      1.400000      0.200000      1.200000      2.000000      1.100000      0.000000      2.600000      1.600000      0.202105      0.280000      0.278196
  1            6533          4965          6381         0.381          9785     4.595e-04     1.504e-01     7.139e-06     8.679e-07     1.557e+01     8.844e-06     1.813e+01      7.300000      8.200000      0.767692      0.792821      3.100096      7.273830      1.050360      0.926554     11.000000      0.843418      6.201214      0.138194      2.762822      2.922018      0.095000      4.265641      8.400000      6.400000     10.400000      9.600000      2.818205      2.965641     12.733507     14.469646      0.347804      0.330053      4.600000      3.800000      6.830896      7.028093     24.937059     19.681967     12.800000     14.200000      2.891923      3.511500      0.176442      6.600000      5.600000      9.600000      7.600000      2.727368      1.858947      5.982395      6.478942      0.071845     -0.317795      8.000000      6.000000      3.806516      2.881667      5.640160      2.832486     11.800000     16.400000      2.293158      5.374500      0.573326
  2            7171          9459                                               3.159e-04     1.983e-01     1.870e-08     4.010e-07     1.014e+01     5.747e-06     1.348e+01      7.600000      7.300000      0.789615      0.752051      9.220834      7.692244      0.730769      0.772487     11.000000      0.827911     10.576424      0.128081      2.906116      2.660897      0.116438      8.796375      4.400000      4.800000      4.200000      3.800000      1.393590      1.047436      1.899042      0.800241      0.322135     -0.169364      3.600000      3.200000      6.434286      4.722222      7.605551     22.788271      8.200000      7.400000      0.976410      1.293000      0.244849      7.400000      6.600000     11.000000      6.800000      2.258947      1.973684      3.970560      2.239616     -0.714561      0.177366      9.000000      4.800000      2.757500      4.821538      3.545691     14.586911     14.000000     19.600000      2.116316      7.975000      0.734631
  1            5038          1557          3453         0.531          7736     7.388e-04     2.617e-01     1.924e-06     7.487e-07     1.498e+01     7.187e-06     9.740e+00     10.900000     10.600000      0.853077      0.814744     21.464760     19.443653      0.683386      0.757143     15.000000      0.873608     20.784861      0.086474      2.918194      2.845799      0.087687      2.328797      6.000000      6.000000      5.800000      7.000000      1.157436      1.523846      1.169704      1.455818     -0.220634      0.039574      3.200000      4.400000      5.790476      7.170303     20.886974     31.056803      9.400000     10.200000      1.340641      1.527625      0.122402      9.800000      8.200000     13.400000     14.800000      3.554737      4.863158      6.942974     14.560557     -0.175721      0.526838     10.000000     11.400000      3.397343      4.790107      7.875012     13.335814     17.799999     24.799999      4.208947      6.716500      0.373342
  1            4760          3184          3816         0.463          9997     6.797e-04     1.542e-01     1.037e-06     4.255e-07     1.372e+01     5.776e-06     6.848e+00      8.600000      8.100000      0.819231      0.777821     10.542244      7.464599      0.811321      0.771429     11.300000      0.837089     10.362734      0.087644      2.633737      2.427628      0.125313      5.819453      1.800000      2.200000      1.200000      1.800000      0.476923      0.626923      0.559524      0.705890     -0.116615     -0.076221      0.400000      1.000000      3.066667      3.200000      8.711111      1.200000      2.800000      2.200000      0.331154      0.386500      0.143198      5.800000      6.600000     16.000000      7.800000      6.790526      2.207368     46.046356      2.642356      1.731127     -0.032442     14.000000      5.800000      5.892857      3.445801      6.504831      4.093321     12.000000     22.200001      4.498947      7.045500      0.361444
  1            1737          1759          3795         0.248          9227     7.217e-04     1.835e-01     1.140e-08     7.709e-07     4.936e+00     9.042e-06     1.365e+00      7.400000      7.000000      0.718462      0.745128     14.335320      5.881731      0.660714      0.804598     10.700000      0.799620     11.803323      0.154977      2.812111      3.048123      0.134250      7.199875      3.400000      2.400000      2.600000      1.800000      0.496154      0.334872      0.426423      0.433391     -0.379285     -0.264534      2.200000      1.400000      4.366667      2.746667      9.294444      5.132444      4.800000      4.000000      0.415513      0.501250      0.171047      4.200000      3.800000      4.800000      3.200000      1.453684      0.758947      1.715773      0.687847      0.382353     -0.254858      4.600000      3.000000      4.413333      3.057143      2.992445      2.315102      8.000000     10.600000      1.106316      4.997000      0.778604
  1           10000          2666          3388         0.094          5635     4.980e-04     2.943e-01     1.126e-06     7.258e-07     9.724e+00     5.463e-06     4.755e+00     11.800000     11.300000      0.871795      0.873846     21.932804     14.142949      0.726154      0.736156     14.800000      0.892468     18.300692      0.042774      2.605108      2.554544      0.088375      1.940016      5.400000      4.800000      6.200000      5.400000      1.586154      1.648974      3.937168      4.213923      0.143928      0.604208      1.800000      1.000000      7.376191      8.634762     14.121927     19.285862      6.600000      7.200000      1.617564      1.795000      0.098850      8.200000      8.600000     19.200001     17.000000      5.086316      4.054737     17.955366     13.358931     -0.530764     -0.691153      9.800000      7.600000      2.578144      2.551096      5.391934      2.601934     16.200001     26.799999      4.570526      6.238000      0.267309
  1            4384          2174          8140         0.861          9837     8.685e-04     1.145e-01     6.163e-07     2.514e-07     1.866e+01     9.070e-06     1.404e+01      8.400000      8.700000      0.828718      0.810769     20.886089      9.610882      0.661417      0.746781     12.000000      0.871804     16.755043      0.111171      2.857312      2.978935      0.077437      6.713328      2.000000      2.200000      1.000000      1.200000      0.291346      0.465705      0.182795      0.274395      0.002762      0.451962      0.600000      0.800000      3.900000      7.400000     16.250000     10.600000      2.800000      1.800000      0.302821      0.362750      0.165209      6.000000      4.600000     11.600000      7.400000      3.362105      1.747368     11.193996      4.834297      0.076373     -0.236415      8.800000      4.600000      3.379333      3.331608      1.825198      2.989620     10.200000     16.200001      2.554737      5.223000      0.510868
  2            6324          8910                                               2.062e-04     1.015e-01     7.920e-06     4.590e-07     2.110e+00     8.545e-06     1.570e-01      6.200000      6.000000      0.697949      0.726154      4.337981      2.542083      0.885714      1.000000      8.500000      0.788829      3.884177      0.175582      2.527312      2.588226      0.136312      1.926375      5.000000      4.600000      4.600000      4.400000      0.920513      1.313846      0.918469      1.484571     -0.437657      0.543379      3.800000      3.600000      4.664286      6.800476     13.825369     22.476189      8.200000      8.200000      1.117180      1.649250      0.322614      9.000000      8.200000     15.000000     21.000000      4.381052      8.410526     14.158808     66.706352      0.186564      1.453820     10.400000     16.400000      3.575839      4.953778      4.748167      6.424681     17.200001     36.200001      6.395790     19.871500      0.678143
  2            5371          4925                                               5.208e-04     1.707e-01     2.467e-07     1.619e-07     1.933e+01     1.697e-06     6.754e+00      9.000000      7.500000      0.798462      0.756923     16.444839      8.070433      0.711462      0.710900     11.700000      0.831709     16.497101      0.120997      3.001161      2.641239      0.115625     17.358767      2.400000      2.200000      1.600000      1.600000      0.428846      0.540705      0.385128      0.505075     -0.303231      0.343656      1.200000      1.200000      3.120000      5.640000      3.328000      2.552000      3.600000      2.800000      0.387821      0.769500      0.496010      3.800000      6.000000      6.800000      9.400000      1.046316      2.244210      2.816764      7.767987     -1.529848     -0.575723      3.200000      5.800000      1.707648      2.604274      4.162261      1.823738      9.600000     12.600000      1.645263      5.313500      0.690362
  2            8213          1925                                               5.148e-04     1.138e-01     4.788e-06     5.058e-07     9.209e+00     7.532e-06     1.513e+01     10.700000     10.400000      0.844487      0.857436     10.743365     12.923237      0.786765      0.803089     14.400000      0.878797     13.161479      0.061673      2.814453      2.774179      0.094062      5.837969      5.800000      5.400000      6.200000      6.400000      1.309744      1.388718      1.850023      4.635201     -0.337776     -0.410944      4.000000      4.200000      5.448889      4.007353     26.029478      8.557817      9.000000     10.400000      1.349231      1.731250      0.220661      8.800000     10.200000     15.200000     17.600000      5.004210      4.572631     12.813779      9.305297      0.711260     -0.379866      7.600000     10.000000      4.641905      2.828000     11.626394      3.100969     18.400000     25.200001      4.788421      6.130000      0.218855
  1            9328          7093          7145         0.998          9626     3.559e-04     1.836e-01     3.757e-08     6.341e-08     1.356e+01     8.166e-06     6.971e+00      8.200000      7.800000      0.764359      0.708205     12.965064     12.309359      0.773585      0.684211     10.900000      0.759747     13.266060      0.059088      2.345332      2.161187      0.217375      3.115813      2.000000      2.000000      1.200000      1.000000      0.519231      0.442735      0.574662      0.338611      0.080209      0.126479      0.600000      0.400000      4.433333      3.066667      0.761111     11.177778      2.400000      1.600000      0.288590      0.364250      0.207715     10.000000      9.800000     16.200001     17.600000      4.396842      5.972631      8.246511     20.740273     -0.184761      0.657917     11.400000     12.800000      3.645333      5.081425      9.241814     13.491001     19.600000     30.799999      5.184737     10.063500      0.484798
  2            3224          6382                                               4.231e-04     2.961e-01     9.497e-07     1.586e-07     1.170e+01     8.831e-06     1.435e+01      4.800000      4.700000      0.660000      0.656795      3.828317      1.739215      0.806723      0.940000      7.400000      0.795759     13.171638      0.292349      3.150582      3.425830      0.070312     41.171280      1.600000      1.000000      0.600000      0.000000      0.177350      0.000000      0.124202      0.000000     -0.210422      0.000000      0.600000      0.000000      2.600000      0.000000      0.000000      0.000000      1.800000      0.800000      0.053205      0.265000      0.799226      5.800000      5.800000      9.400000      9.600000      2.294737      3.536842      6.237059      6.510576     -0.400841      1.067317      8.200000      8.400000      2.858889      5.327451      3.296417      8.555566     11.600000     22.400000      2.915789     10.890000      0.732251
  2            7209          4810                                               3.074e-04     2.860e-01     8.742e-06     2.545e-07     1.192e+01     8.790e-06     6.922e+00     12.100000     12.200000      0.857564      0.885128     19.312485     35.410751      0.715976      0.619289     18.700001      0.917184     31.315008      0.093123      3.797287      3.786081      0.038125     16.983969      3.600000      2.800000      2.800000      2.000000      0.660577      0.384295      0.749324      0.296351     -0.217175     -0.522564      2.000000      1.200000      4.650000      1.950000      6.487500      5.237500      4.800000      4.000000      0.417949      0.547000      0.235926      9.000000     11.200000     25.400000     19.000000      7.207368      4.271579     26.832441      8.518352      0.028224     -0.795457     18.000000     11.600000      3.177032      2.347882      3.636168      3.696795     20.200001     37.799999      5.739474     11.984500      0.521092
  2            2113          3523                                               7.201e-04     2.382e-01     2.618e-08     1.474e-07     5.216e+00     3.450e-07     1.266e+01      6.900000      7.000000      0.712308      0.685000      6.605128      6.461538      0.775281      0.693069     10.000000      0.798481      9.902595      0.219321      3.030359      2.774516      0.104188     13.635250      1.000000      1.200000      0.000000      0.200000      0.000000      0.296154      0.000000      0.208714      0.000000      0.074159      0.000000      0.200000      0.000000      1.400000      0.000000      0.000000      1.200000      0.200000      0.029615      0.165000      0.820513      1.600000      1.400000      0.600000      0.400000      0.291228      0.249123      0.179727      0.149429      0.035950      0.235131      0.600000      0.400000      2.400000      2.000000      0.000000      0.000000      2.000000      1.000000      0.162105      0.260000      0.376518
  2            3526          3581                                               5.869e-04     1.005e-01     1.420e-07     4.204e-07     5.274e+00     5.552e-07     6.757e+00      5.400000      6.600000      0.680256      0.731026      2.204231      5.050256      0.900000      0.785714      8.200000      0.745506      4.185506      0.100440      1.985872      2.096056      0.215625      2.386500      2.400000      2.200000      1.600000      1.200000      0.618269      0.443269      0.501998      0.257343      0.509784      0.322914      1.400000      1.000000      6.600000      6.600000      4.880000     16.000000      3.600000      2.600000      0.424615      0.630000      0.326007      1.200000      1.600000      0.200000      0.600000      0.130263      0.119737      0.062719      0.095579      0.306266     -0.346451      0.200000      0.600000      1.800000      0.700000      0.000000      0.050000      2.600000      2.000000      0.100000      1.340000      0.925373
  1            7301          1289          3897         0.917          5945     2.319e-04     1.944e-01     4.095e-06     3.567e-07     1.162e+01     1.721e-06     2.388e+00      8.000000      7.600000      0.758974      0.781923      9.671939      7.496539      0.765550      0.779487     10.300000      0.784620      8.857813      0.035040      1.716287      1.799804      0.201562      1.509828      3.200000      3.200000      2.400000      2.600000      0.681538      0.671026      0.747551      0.741033      0.365438      0.236943      0.800000      1.000000      7.150000      5.720000     14.437500     15.950222      4.200000      3.400000      0.676282      0.782250      0.135466      3.200000      4.200000      4.200000      5.200000      1.322368      2.119737      2.299005      2.702736     -0.139224      0.194173      2.200000      3.200000      2.505556      3.136869      0.972068      3.838153      6.200000      7.400000      1.376842      1.860000      0.259762
  1            2600          5689          6347         0.126          9344     8.031e-04     2.885e-01     1.146e-08     3.835e-07     1.954e+01     1.164e-06     9.552e+00      8.600000      8.300000      0.798462      0.779744     13.170113     16.092243      0.738197      0.650980     13.800000      0.855601     22.629744      0.143499      3.658709      3.488043      0.079563     32.325890      2.200000      2.000000      1.800000      1.600000      0.607692      0.436218      0.642796      0.677548      0.093031     -0.321333      1.600000      1.400000      4.053333      2.133333     15.505777      8.044444      3.200000      3.200000      0.417564      0.553000      0.244911      1.800000      2.600000      0.800000      1.800000      0.223684      0.585526      0.162476      0.491430     -0.174971     -0.052235      0.600000      1.600000      1.700000      1.960000      0.050000      0.672000      4.000000      3.800000      0.323684      1.882000      0.828010
  1            1908           319          3270         0.559          8616     4.772e-04     1.781e-01     4.194e-07     6.408e-07     5.390e+00     5.875e-06     1.188e+01      4.800000      5.200000      0.674615      0.682820      1.995256      1.666346      0.905660      0.912281      6.100000      0.700253      1.942041      0.057831      1.371895      1.386246      0.278750      0.530937      3.200000      2.000000      3.200000      1.800000      0.638782      0.789744      1.134871      1.799996     -0.634372      0.325449      1.600000      0.200000      2.515152      3.300000      9.757943      0.783333      3.400000      3.400000      0.571410      0.622000      0.081334      3.600000      4.200000      4.000000      4.400000      1.204211      0.771579      2.030855      1.278079      0.417662     -1.083998      2.200000      2.600000      4.190476      1.964286      2.366213      1.566480      6.200000      6.600000      0.987895      1.880000      0.474524
  1            7601           977          4690         0.188          9597     9.234e-04     2.498e-01     1.150e-06     9.415e-07     1.436e+01     9.984e-06     5.629e+00     11.900000     12.800000      0.879487      0.889872     27.736330     23.349632      0.695906      0.748538     16.900000      0.901171     26.380293      0.036164      2.718412      2.877765      0.082750      4.584531      8.800000      8.600000     11.600000     11.800000      3.078462      3.534103      5.486108      6.475313      0.375997      0.703631      3.000000      3.200000      7.717778      7.956666     42.943817     34.032391     13.000000     14.800000      3.306282      3.538375      0.065593     10.400000      8.400000     25.600000     18.799999      6.783158      6.626316     26.607786     24.131390     -0.339256      1.042364     14.600000      7.800000      2.783338      4.997070      5.109357      8.480038     18.200001     33.400002      6.704737     10.273000      0.347344
  1            5207          2254          6212         0.716          8465     1.928e-04     1.096e-01     1.275e-06     7.278e-07     1.274e+01     4.427e-06     1.389e+00      5.100000      5.000000      0.641026      0.669231      3.982997      3.802564      0.816000      0.763359      6.400000      0.684272      4.251705      0.080390      1.624468      1.563338      0.287313      1.612391      8.800000      9.400000     10.400000     12.400000      2.348718      3.054615      4.450848      5.186880     -0.142532      0.121474      4.600000      6.600000      5.815873      6.272336     21.895439     25.359953     15.400000     17.000000      2.701667      3.345000      0.192327      4.000000      2.400000      4.400000      2.200000      1.632895      1.139474      1.800842      1.466848      0.124451      0.929076      4.400000      2.200000      2.893333      4.953333      2.269778      2.729111      6.200000      7.000000      1.108947      2.110000      0.474433
  1            2137          2864          5917         0.333          8504     2.387e-04     2.113e-01     4.235e-06     9.960e-07     1.610e+01     9.448e-06     6.869e+00      4.100000      4.400000      0.552308      0.581923      0.970545      1.702917      0.953488      0.838095      6.100000      0.653133      1.645641      0.230879      1.814004      2.112303      0.263000      1.287031      3.400000      3.400000      2.400000      2.400000      0.589231      0.540256      0.360251      0.431446      0.256241      0.028659      1.600000      1.600000      6.685714      7.016667     13.348980      6.715278      5.800000      4.800000      0.564744      1.868750      0.697796      4.000000      4.000000      4.400000      7.600000      1.476842      3.300000      1.854107      9.607602      0.653156      1.783422      4.200000      7.400000      5.313334      6.903030      7.665111      9.524151      7.800000     13.200000      2.388421      5.598000      0.573344
  1            1244          1146          2346         0.102          6553     5.103e-04     1.236e-01     1.275e-06     1.741e-07     1.820e+01     3.472e-06     1.082e+01      3.700000      4.600000      0.495641      0.613974      0.599936      2.168590      1.000000      0.851852      5.300000      0.658196      1.493180      0.268515      1.732861      2.053454      0.241000      0.499438      1.600000      1.400000      0.600000      0.400000      0.321795      0.155769      0.213801      0.115081     -0.070330     -0.127426      0.400000      0.200000      2.000000      0.700000      5.000000      1.250000      1.800000      0.800000      0.095513      0.112250      0.149106      3.000000      3.400000      2.200000      3.000000      0.483158      0.880000      0.446611      0.854525     -0.285713     -0.055413      2.000000      2.800000      3.000000      2.538095      0.275000      1.766553      6.000000      5.800000      0.681579      1.766500      0.614164
  2            9387          3108                                               4.351e-04     1.999e-01     4.158e-08     5.064e-07     8.759e+00     5.680e-06     1.562e+01      8.500000      9.500000      0.800385      0.816795      9.445320     13.793205      0.794393      0.760000     12.200000      0.849968     12.735649      0.091685      2.468482      2.731089      0.109687      4.990687      3.200000      3.600000      2.400000      2.600000      0.329744      0.459231      0.331929      0.305987     -0.644661     -0.129397      1.800000      2.000000      1.640000      5.142857      3.696000     14.840816      5.200000      4.400000      0.394487      0.485500      0.187462      9.000000      8.800000     20.000000     16.799999      5.138947      6.409474     21.093880     29.909624     -0.666294      1.209473     11.000000      7.800000      2.581545      4.646516      4.159172      7.168663     17.400000     27.799999      5.774210      9.272000      0.377242
  2             543          9117                                               7.239e-04     1.326e-01     5.493e-08     7.208e-07     5.358e+00     7.312e-07     7.210e+00      3.900000      3.900000      0.469615      0.525256      1.564231      1.751474      0.906977      0.886364      7.000000      0.685633     11.364224      0.427434      3.277821      3.455465      0.130875     38.423061      1.400000      2.600000      0.600000      1.800000      0.135128      0.344103      0.120434      0.220602      0.077266     -0.303190      0.600000      1.800000      3.400000      2.616667      0.000000      8.848611      4.000000      4.800000      0.239615      3.045000      0.921309      1.000000      1.200000      0.000000      0.200000      0.000000      0.033333      0.000000      0.030159      0.000000     -0.232878      0.000000      0.200000      0.000000      0.200000      0.000000      0.000000      1.600000      1.000000      0.010000      0.810000      0.987654
  2            7750          9651                                               1.333e-04     2.814e-01     3.794e-06     1.276e-07     1.654e+01     7.886e-06     6.495e+00      6.000000      5.500000      0.664359      0.676667      2.482083      3.779231      1.000000      0.839695      8.700000      0.776804      3.888979      0.238791      2.923198      2.860526      0.119562      3.151906      2.200000      2.400000      1.400000      1.600000      0.398718      0.426410      0.338285      0.286443      0.254958      0.109657      1.200000      1.400000      4.650000      4.760000      3.087500      0.672000      3.600000      2.800000      0.412564      0.525000      0.214164      7.400000      8.200000     13.000000     15.200000      5.093684      5.134737     13.977605      9.708226      1.398265      0.542569      9.200000     11.400000      5.355897      4.372781      4.211429      8.655449     15.600000     30.000000      5.114211     14.694000      0.651952
  2            8793          9995                                               7.826e-04     2.640e-01     2.082e-07     1.927e-07     1.982e+01     8.808e-06     1.777e+00     11.400000     12.400000      0.867180      0.894231     22.047741     21.216795      0.628099      0.784810     16.799999      0.910032     25.699347      0.062038      3.018748      3.431728      0.061375     17.146578      4.600000      3.600000      4.200000      4.000000      1.020000      0.792564      1.011048      1.173475      0.175776     -0.273296      3.400000      3.200000      8.580000      3.813333     25.762888      4.217778      7.200000      7.400000      0.906282      1.555750      0.417463      8.800000     12.600000     20.400000     28.799999      6.940000      9.096842     18.682379     33.322048      0.687669      0.447473      9.000000     17.400000      3.799733      3.184804      4.506061      7.851147     21.400000     40.000000      8.018421     16.820999      0.523309
  2            5042           839                                               7.638e-04     2.061e-01     1.824e-06     1.926e-07     1.034e+01     8.315e-06     4.203e+00     10.700000     10.500000      0.871667      0.851026     26.909967     21.234871      0.668750      0.654206     14.000000      0.875348     26.284628      0.031733      2.428279      2.363393      0.111000      9.941844      4.000000      3.000000      3.200000      2.400000      0.599744      0.568974      0.692748      0.573180     -0.562011     -0.136724      1.800000      1.000000      4.160000      4.260000     14.452000     14.662000      5.000000      4.200000      0.584359      0.647000      0.096818      8.800000      7.600000     15.600000     12.600000      4.780000      4.376842     12.933539     15.876502      0.370074      0.749918      7.400000      4.400000      4.325195      4.237976     11.298514      4.996480     15.200000     20.000000      4.578421      5.310500      0.137855
  2            9693           831                                               4.986e-04     1.496e-01     1.717e-08     9.506e-08     3.187e+00     8.583e-06     1.382e+01     10.500000     10.800000      0.826538      0.834615     17.135513     21.983589      0.729167      0.765957     13.500000      0.835285     19.505602      0.010191      2.065335      2.175490      0.160125      0.764875      2.000000      1.400000      1.000000      0.600000      0.656410      0.642308      0.600658      0.597067      0.156821      0.476162      0.400000      0.000000      3.066667      5.000000      1.044444      0.000000      2.000000      1.000000      0.259744      0.275000      0.055478      7.000000     12.800000     23.400000     35.200001      8.642105     11.944210     47.750187     77.052490      1.164413      0.706139      5.800000     17.600000      4.568584      3.643840      4.128840      4.226743     18.799999     41.000000     10.293158     10.794000      0.046400
  2            6628          4639                                               4.534e-04     2.929e-01     1.053e-08     1.381e-08     9.751e+00     6.548e-06     1.489e+01      8.500000      7.600000      0.685897      0.745769     15.769343      9.969744      0.646388      0.690909     11.500000      0.776203     13.813224      0.142752      2.416494      2.577044      0.164937      4.371016      1.200000      1.200000      0.200000      0.200000      0.050000      0.328205      0.047561      0.220770     -0.224821      0.113088      0.200000      0.200000      0.200000      1.600000      0.000000      0.000000      1.400000      0.400000      0.037821      0.045000      0.159544      7.200000      8.200000     15.800000     13.200000      4.793684      2.985263     28.893278      5.879777      0.311373     -0.685550     12.400000      9.800000      3.676342      2.578535      2.514931      3.705397     15.400000     26.400000      3.889474     11.088000      0.649218
  1            5640           563          3895         0.365          4325     6.083e-04     1.794e-01     6.684e-07     3.732e-07     1.445e+00     3.858e-06     9.771e+00      9.500000      9.700000      0.854615      0.842692     13.665304     16.583622      0.769231      0.708029     11.900000      0.863829     15.404964      0.034526      2.068051      2.049401      0.121375      1.864203      2.600000      2.000000      1.600000      1.000000      0.156154      0.095897      0.116486      0.081295     -0.927348     -0.767957      1.000000      0.400000      1.400000      1.400000      1.200000      0.200000      3.000000      2.000000      0.126026      0.127250      0.009622      4.600000      5.200000      5.600000      5.400000      1.237895      1.349474      1.546834      1.409925     -0.459809     -0.370466      4.000000      3.800000      1.525000      2.926667      1.581875      2.664222      8.600000      9.400000      1.293684      1.462000      0.115127
  1            4266           951          3108         0.281          6787     6.474e-04     1.174e-01     8.412e-08     2.344e-07     1.153e+01     3.475e-06     1.131e+01      8.200000      9.200000      0.780385      0.818462     11.868012      9.409039      0.745455      0.807018     11.100000      0.819082     10.648607      0.046180      1.919153      2.200944      0.161750      0.571750      4.400000      3.600000      5.200000      4.000000      1.228974      1.161795      4.009322      3.745797     -0.623411     -0.163505      2.200000      1.000000      4.521795      4.600000     17.310019      8.101010      5.800000      6.200000      1.195385      1.195625      0.000201      4.000000      5.600000      3.600000      5.600000      1.344211      1.638947      1.248661      1.749791      1.191604     -0.058098      2.400000      4.400000      6.418182      3.743182      3.580165      9.580449      8.000000      8.000000      1.491579      2.056000      0.274524
  1            6195          1631          4736         0.081          8158     7.144e-04     2.688e-01     6.514e-08     6.842e-08     1.610e+01     9.558e-06     1.878e+01     10.400000     10.200000      0.833462      0.837308     41.257725     37.906540      0.647975      0.594752     13.700000      0.852373     39.642303      0.038451      2.463265      2.415282      0.131062      2.216781      1.800000      2.400000      1.000000      1.600000      0.880769      1.138462      0.834373      0.982180      0.389115      0.385833      0.200000      0.800000      3.866667      5.200000      8.577778      8.266666      2.600000      1.800000      0.403846      0.418000      0.033861      5.200000      7.600000      9.800000     15.200000      2.415789      3.168421      7.541381     12.070187     -0.491195     -0.898063      6.200000     11.600000      2.818889      2.221356      3.749327      1.758308     12.400000     21.400000      2.792105      9.077000      0.692398
  1            5743          1377          2483         0.132          2909     8.306e-04     2.338e-01     3.307e-07     3.692e-07     6.538e+00     1.621e-06     5.777e+00     10.400000     10.700000      0.848590      0.862308     26.334423     19.675497      0.707483      0.701639     14.200000      0.877911     25.059696      0.048925      2.597900      2.710027      0.100188      9.266453      4.400000      4.400000      4.200000      4.200000      0.901282      1.073846      0.921921      1.179047     -0.274997      0.147646      1.400000      1.400000      5.011428      6.240000     13.927918     14.176000      5.800000      5.600000      0.987564      1.119000      0.117458      2.400000      3.600000      2.200000      2.800000      0.551579      0.685263      0.576330      0.656736     -0.260648     -0.362897      1.800000      2.400000      1.733333      2.033333      2.377778      1.094444      4.800000      4.600000      0.618421      0.726000      0.148180
  1            4577            78          2349         0.275          9684     5.721e-04     1.475e-01     6.709e-08     9.215e-08     1.333e+01     9.351e-07     4.637e+00      7.500000      6.900000      0.808333      0.783462      4.065641      3.569984      0.967742      0.951724      7.900000      0.797911      3.790407      0.004285      1.471253      1.369490      0.200125      0.082641      2.200000      2.000000      1.400000      1.200000      0.379060      0.436752      0.321171      0.488747     -0.317115     -0.115969      0.200000      0.000000      2.360000      1.680000      2.832000      0.928000      2.200000      1.400000      0.244744      0.246250      0.006117      3.000000      2.000000      2.400000      1.200000      0.556579      0.447368      0.480918      0.369869     -0.837780      0.062068      1.400000      0.200000      1.350000      1.466667      0.697500      0.888889      3.200000      2.600000      0.401579      0.392000     -0.024436
  1            3715          2605          2979         0.201          9167     8.473e-04     1.686e-01     1.534e-08     7.207e-07     1.552e+01     9.666e-06     1.017e+00      7.800000      9.200000      0.796026      0.851026     11.241154      7.125257      0.690265      0.800000     12.500000      0.871772     12.556772      0.103319      2.847489      3.265156      0.081188     13.784750      6.800000      4.800000      6.800000      5.200000      1.425128      1.472821      1.550678      2.341658      0.005299      0.344718      3.800000      2.200000      7.412500      5.533333     24.084845     20.419445     10.000000      9.000000      1.448974      1.886000      0.231721      4.800000      5.600000     11.800000      8.800000      3.891579      3.333684     27.010733      9.728683      0.663916      1.214798      9.000000      6.000000      3.963998      6.946667      2.241235     11.919666     10.000000     17.799999      3.612632      8.676000      0.583606
  1            8345           750          7849         0.911          9057     7.520e-04     1.439e-01     7.188e-07     9.832e-08     1.714e+00     5.499e-06     1.149e+01     10.900000     11.000000      0.867308      0.861923     13.075513     13.212820      0.807407      0.852713     13.500000      0.881899     13.327880      0.038138      2.442429      2.304285      0.101250      1.382875      2.000000      2.200000      1.000000      1.200000      0.290064      0.325321      0.227385      0.256287     -0.015326     -0.343728      0.200000      0.400000      2.100000      3.133333      1.450000      7.511111      2.400000      1.400000      0.246154      0.260500      0.055072      5.400000      7.000000      8.000000     11.200000      1.915789      2.982105      4.848432      6.723147     -0.544808     -0.226500      1.400000      4.600000      2.522143      2.934524      2.313059      2.051977      9.800000     12.600000      2.448947      2.518500      0.027617
  2            8156          2330                                               5.161e-04     2.541e-01     3.000e-07     8.633e-07     1.791e+01     3.350e-06     4.178e+00     10.200000     11.600000      0.835641      0.873077     26.833494     29.209904      0.658065      0.642659     15.400000      0.890665     29.553972      0.077589      3.005278      3.142199      0.073937      7.453563      5.000000      5.600000      5.200000      5.600000      1.144615      1.460513      1.594043      2.309574     -0.198716      0.355425      2.400000      2.800000      5.505714      7.485714     20.385838     28.106440      8.200000      8.000000      1.302564      1.574250      0.172581      6.600000      5.400000      9.800000      7.200000      2.889474      2.036842      5.572069      2.232988      0.045990      0.001757      7.200000      4.600000      3.415502      2.659980      3.593467      2.522232     11.000000     14.400000      2.463158      3.117000      0.209766
  2            2852          6034                                               8.300e-04     1.945e-01     1.756e-08     6.964e-07     1.956e+01     1.470e-06     1.431e+01      7.400000      8.500000      0.773205      0.815641      6.261154     10.988894      0.860465      0.798122     11.600000      0.846076     24.474916      0.113523      2.875040      3.027519      0.103562     63.038326      3.000000      2.800000      2.200000      2.000000      0.483590      0.315128      0.325839      0.223349      0.280791     -0.458712      2.000000      1.800000      8.520000      5.600000      0.688000      6.700000      4.800000      4.000000      0.399359      0.692000      0.422892      1.800000      1.600000      0.800000      0.600000      0.363158      0.282895      0.258034      0.148099      0.166973      0.366176      0.800000      0.600000      0.900000      3.800000      0.150000      0.000000      3.000000      2.400000      0.258421      1.370000      0.811372
  1            3626           674          8191         0.816          9268     9.087e-04     1.863e-01     1.545e-08     2.650e-07     5.881e+00     8.196e-06     1.199e+01      7.700000      7.500000      0.797692      0.803846      7.578397     10.337564      0.802083      0.789474      9.500000      0.820759      9.021535      0.046963      1.985810      1.911956      0.159750      0.698937      2.600000      2.800000      1.600000      1.800000      0.302564      0.225962      0.287844      0.181089     -0.554784     -0.799707      0.800000      1.000000      2.500000      1.950000      3.350000      0.270833      3.600000      2.600000      0.211410      0.218250      0.031339      7.400000      4.200000      9.200000      4.200000      2.620000      1.410526      2.946784      1.475834      0.051233      0.493270      7.600000      2.600000      3.715131      4.888889      5.763374     11.479012     10.400000     11.800000      2.015263      2.317000      0.130227
  2            3034          5466                                               9.734e-04     2.776e-01     4.112e-07     7.245e-07     3.593e+00     2.933e-06     4.097e+00      7.800000      7.800000      0.774744      0.776154     14.251154      8.148942      0.715596      0.681223     12.400000      0.847373     16.764296      0.154309      3.512208      3.378841      0.082500     22.538782      3.600000      3.600000      3.600000      3.000000      0.955641      0.681538      1.509041      0.852477      0.046978     -0.198560      3.000000      2.400000      6.509091      3.961905     23.176859     14.997506      6.200000      6.400000      0.818590      1.665000      0.508354      2.000000      2.000000      1.200000      1.200000      0.461053      0.205263      0.359398      0.243091      0.510778     -0.839318      1.200000      1.200000      3.800000      1.600000      2.500000      0.000000      3.800000      4.600000      0.333158      2.970000      0.887826
  2            2216          2528                                               8.949e-04     1.151e-01     4.256e-07     9.218e-07     1.518e+01     5.629e-06     9.931e+00      6.100000      7.800000      0.742051      0.787436      4.637051      6.660769      0.871429      0.772277      9.500000      0.821266      6.989430      0.129038      2.365984      2.644648      0.123625      5.577500      3.200000      2.400000      3.800000      1.400000      2.473932      0.534188      7.724213      0.355667      0.744114     -0.025876      3.400000      1.000000      6.207692      2.266667     26.545858      6.577778      4.600000      4.800000      0.902436      1.501000      0.398777      3.000000      4.000000      2.600000      4.000000      1.143421      1.711842      1.262093      2.256635      0.528267      0.424557      2.400000      3.800000      4.133333      3.627778      4.958730      5.533179      6.600000      7.200000      1.142105      2.474000      0.538357
  2            1468          2014                                               9.252e-04     2.927e-01     2.184e-06     6.743e-08     1.447e+01     9.193e-06     1.175e+01      6.300000      5.200000      0.653846      0.515769     11.966779      7.638958      0.611650      0.712329      8.700000      0.694842     10.564058      0.271671      2.666225      2.538568      0.197875      3.496844      1.000000      1.200000      0.000000      0.200000      0.000000      0.184615      0.000000      0.150726      0.000000     -0.061317      0.000000      0.200000      0.000000      0.800000      0.000000      0.000000      1.200000      0.200000      0.018462      0.020000      0.076923      3.800000      2.600000      3.200000      2.200000      0.933684      0.634737      0.839928      0.770198     -0.133235      0.096348      3.200000      2.200000      3.486667      2.813333      9.902445      0.465778      6.000000      6.800000      0.784211      3.420000      0.770699
  1            1701          6352          8750         0.494          9929     6.332e-04     1.904e-01     3.957e-08     6.950e-08     1.863e+00     9.837e-06     1.334e+01      6.200000      6.400000      0.685385      0.721538      3.327115      6.995641      0.911765      0.810127      9.700000      0.794810      8.777990      0.203492      2.983769      3.042378      0.116125     14.543688      1.200000      1.400000      0.200000      0.400000      0.032479      0.258974      0.029352      0.152888     -0.167205      0.372553      0.200000      0.400000      0.400000      4.400000      0.000000      0.000000      1.600000      0.600000      0.087436      0.120000      0.271368      3.400000      3.800000      4.600000      3.400000      1.716842      0.982105      2.236430      1.171144      0.549486      0.246462      4.600000      3.400000      3.572727      3.872727      2.523554      2.755372      7.200000     14.800000      1.349474      9.680000      0.860592
  1            8583           616          4497         0.170          6384     9.144e-04     1.238e-01     1.166e-08     7.945e-07     7.235e-01     6.316e-06     1.022e+01     11.400000     10.100000      0.878846      0.862821     12.750193     11.424600      0.772881      0.808000     13.400000      0.883797     12.843873      0.028611      2.370685      2.186288      0.103562      3.592453      7.400000      6.400000      9.800000      9.800000      2.761282      2.885128     11.287724     10.974720      0.203664      0.668667      2.200000      2.200000      5.994762      9.125714     12.124148     22.372135      9.800000     12.000000      2.823205      2.930125      0.036490     10.400000     10.200000     19.799999     18.600000      6.670527      4.405263     27.597511     22.113701      0.738088     -0.665562      7.400000      6.200000      4.477011      2.713035      6.929547      2.719965     18.799999     26.000000      5.537895      6.301000      0.121109
  1            9615           866          1427         0.842          6215     2.588e-04     2.906e-01     6.717e-06     7.280e-07     1.309e+01     8.951e-06     5.523e+00     11.100000     10.700000      0.853974      0.801282     18.262997     17.715096      0.750000      0.694805     14.000000      0.845918     19.843128      0.041435      2.460232      2.287447      0.136250      8.223078      7.600000      8.000000     11.200000     12.000000      3.073590      2.925897      8.628421      7.000577      0.627222      0.239876      1.400000      2.200000      7.108333      6.475319     20.594530     26.948650      9.800000     13.400000      2.999744      3.124625      0.039967      7.800000     10.600000     14.600000     23.000000      4.614737      5.509474     12.700339     15.854670      0.332444     -0.602641      4.400000     12.800000      3.953987      2.434127      6.473864      3.084360     16.600000     27.400000      5.062105      5.379000      0.058913
  2            7543          4896                                               1.193e-04     1.954e-01     7.271e-07     1.671e-07     5.829e+00     6.844e-06     3.851e+00      4.400000      4.900000      0.600256      0.522051      1.694551      1.833782      0.862745      0.924528      6.200000      0.606677      1.979873      0.138049      1.539250      1.486562      0.348938      0.940250      2.800000      2.600000      2.000000      1.600000      0.425385      0.379487      0.290249      0.207971     -0.162145      0.214707      1.400000      1.000000      5.666667      5.620000      4.944445      5.858000      4.000000      3.000000      0.402436      0.451500      0.108669      8.000000      6.600000      8.200000     11.800000      1.931579      3.217895      1.562891     11.762222     -0.437046     -0.164025      6.400000     10.000000      3.199748      3.080806      6.744023      2.606896     14.600000     18.799999      2.574737      5.768500      0.553656
  1            6007          5595          6558         0.540          7085     8.962e-04     1.175e-01     8.428e-07     2.453e-07     1.967e+01     9.840e-06     1.568e+01      9.500000      9.400000      0.835385      0.824744      7.859600     12.864471      0.892019      0.749004     12.600000      0.870854     12.202516      0.087960      2.568735      2.742200      0.089375      7.788000      3.600000      4.800000      3.600000      5.000000      0.544615      0.885128      0.655595      0.902997     -0.739755     -0.333845      2.400000      3.800000      3.966667      4.347222     14.827778     14.233294      7.400000      7.800000      0.714872      1.309625      0.454140      9.600000      7.400000     13.400000     15.800000      3.676842      2.901053      8.171123      8.974425     -0.037365     -1.296639     11.000000     13.400000      3.274502      1.952733      5.243099      1.794283     17.000000     32.400002      3.288947     15.031000      0.781189
  1            2825           940          5606         0.954          8205     1.350e-04     2.307e-01     4.187e-06     8.438e-07     2.008e+00     1.496e-06     1.317e+01      3.900000      3.500000      0.479359      0.558333      2.151314      4.472868      0.829787      0.578512      5.100000      0.556772      3.615985      0.126537      1.066931      1.200262      0.406250      1.365984      3.000000      3.200000      3.200000      3.200000      0.761282      0.831538      1.177365      1.274805      0.255691      0.219224      1.200000      1.200000      7.620000      5.320000      6.758000      8.368000      4.400000      4.400000      0.796410      1.436500      0.445590      2.800000      2.600000      2.800000      1.600000      0.684211      0.447368      1.033283      0.348811     -0.280821     -0.062555      2.800000      1.600000      2.366667      3.200000      2.447778      1.200000      5.000000      4.600000      0.565789      1.630000      0.652890
  1            7658           281          4305         0.819          7378     6.704e-04     1.293e-01     8.900e-07     2.516e-08     1.740e+01     8.241e-06     7.442e+00      8.700000      7.700000      0.809103      0.819872      6.705369      6.691346      0.820755      0.762376      9.600000      0.817120      6.660534      0.006040      1.669629      1.595993      0.180312      0.185516      1.200000      1.200000      0.200000      0.200000      0.097436      0.050000      0.088055      0.047561     -0.167205     -0.224821      0.000000      0.000000      0.400000      0.200000      0.000000      0.000000      1.200000      0.200000      0.014744      0.014500     -0.016799      5.000000      6.400000      4.400000      6.000000      1.518947      1.451579      1.602066      1.508053      0.611179     -0.324463      1.600000      3.200000      5.080000      3.325000     11.016000      6.323264      8.000000      7.600000      1.485263      1.610000      0.077476
  2            2674          1961                                               5.764e-04     1.540e-01     5.472e-06     9.052e-07     3.322e+00     1.763e-06     9.516e+00      7.500000      7.700000      0.795513      0.755769      5.487227      6.345336      0.837989      0.836957     11.000000      0.852880      7.550989      0.163834      3.174538      3.075493      0.071813      6.752906      4.800000      4.800000      4.800000      4.600000      0.943590      1.102564      1.351766      1.071086      0.079560      0.340776      3.200000      3.000000      8.000000      8.260606     17.375000     25.989716      8.000000      7.800000      1.023077      1.216000      0.158654      2.000000      2.000000      1.000000      1.000000      0.196491      0.570175      0.165748      0.320551     -0.723444      0.299144      1.000000      1.000000      0.800000      2.600000      0.000000      0.400000      3.000000      2.000000      0.230000      0.270000      0.148148
  1             451           761          4590         0.863          6802     3.875e-04     2.911e-01     1.251e-07     7.560e-07     5.195e+00     2.600e-06     1.217e+01      3.300000      2.800000      0.511282      0.382949      1.360833      0.876474      0.750000      0.823529      4.300000      0.602152      1.586234      0.406044      2.181462      1.974704      0.246688      1.902875      1.200000      1.400000      0.200000      0.400000      0.016667      0.079915      0.015854      0.070089     -0.224821     -0.279909      0.200000      0.400000      0.200000      1.000000      0.000000      0.000000      1.600000      0.600000      0.028974      0.030000      0.034188      1.200000      1.600000      0.200000      0.600000      0.126316      0.215789      0.062824      0.139961      0.286048      0.039261      0.200000      0.600000      1.600000      1.400000      0.000000      0.200000      2.000000      1.000000      0.136842      0.380000      0.639889
  2            7906            14                                               8.783e-04     1.736e-01     2.842e-08     4.415e-07     1.618e+01     2.046e-06     1.489e+00      9.200000      9.300000      0.798718      0.807436     25.876249     21.228573      0.591640      0.586751     10.700000      0.803956     23.330187      0.002546      1.708927      1.713102      0.195187      0.299828      5.400000      5.200000      5.800000      5.600000      1.306667      1.325641      1.858350      2.008649     -0.193735     -0.217557      0.600000      0.400000      5.492857      5.412987     17.929110     19.734798      5.800000      6.200000      1.316154      1.297750     -0.014181      4.400000      4.200000      4.600000      5.000000      1.654737      1.580000      2.004166      2.111217      0.442393      0.158820      0.800000      1.200000      4.321212      3.275000      5.326538      6.692875      5.400000      5.800000      1.617368      1.581000     -0.023003
  1            2621           317          4027         0.550          5241     4.814e-04     2.555e-01     6.044e-07     5.906e-07     3.077e+00     4.797e-06     2.680e+00      8.200000      8.600000      0.773462      0.788974     11.489679     12.013654      0.719298      0.735043     10.400000      0.800475     11.954715      0.046866      1.960159      1.992279      0.180750      1.389625      2.400000      3.600000      2.200000      3.200000      0.573333      0.707692      1.309306      1.279332      0.049583     -0.440152      0.200000      1.200000      4.666667      4.160000     11.011111     15.992000      3.800000      3.400000      0.640513      0.898500      0.287131      4.400000      5.000000      3.800000      4.800000      1.083158      1.843158      0.829334      2.092225      0.211890      0.997478      1.800000      2.800000      4.724286      5.182222      5.655622      8.951605      7.000000      6.600000      1.463158      1.988500      0.264190
  2            2446          5967                                               9.314e-04     2.170e-01     1.834e-07     3.064e-08     1.605e+01     4.427e-06     1.829e+01      7.000000      6.500000      0.758974      0.758333      4.249039      3.649808      0.853659      0.890411      9.200000      0.829525      5.279589      0.155874      2.673760      2.819577      0.101375      5.451625      1.000000      1.000000      0.000000      0.000000      0.000000      0.000000      0.000000      0.000000      0.000000      0.000000      0.000000      0.000000      0.000000      0.000000      0.000000      0.000000      1.000000      0.000000      0.000000      0.000000      0.000000      4.400000      3.000000      8.800000      3.400000      4.664474      1.561842     44.342125      2.429470      0.977835      0.610282      8.200000      2.800000      4.419585      4.483333      4.333335      9.965278      7.200000     12.800000      2.490526      6.195500      0.598010
  2            3598           215                                               2.661e-04     2.572e-01     8.100e-06     3.332e-07     3.266e+00     3.400e-06     5.758e+00      7.100000      7.100000      0.727051      0.743718      5.694070      6.248590      0.806818      0.850299      8.400000      0.745538      5.997002      0.027315      1.427756      1.459131      0.244563      0.399969      2.200000      2.200000      1.400000      1.400000      0.496474      0.514744      0.421348      0.466175      0.211493      0.255773      0.200000      0.200000      5.866667      5.500000     13.644444      3.250000      2.400000      1.600000      0.404487      0.404250     -0.000587      4.200000      4.400000      5.200000      5.200000      1.469474      1.380000      2.093445      1.914035      0.076120     -0.284391      1.800000      1.800000      3.540000      3.083333      2.343667      4.598611      6.000000      7.000000      1.424737      1.409000     -0.011169
  1            8309           361          2305         0.217          4842     1.540e-04     2.134e-01     8.955e-07     2.864e-07     1.251e+01     1.221e-07     9.499e+00      6.800000      6.200000      0.721923      0.730128      7.790048      6.408638      0.772727      0.756098      7.600000      0.731424      7.190886      0.014257      1.403088      1.358063      0.263312      0.716563      5.200000      4.200000      5.000000      3.400000      1.013846      0.796923      1.112549      0.700305     -0.236763     -0.220429      1.800000      0.200000      5.288889      5.040000     14.776050     19.472000      5.400000      5.200000      0.905385      0.952500      0.049465      1.200000      1.200000      0.200000      0.200000      0.050000      0.168421      0.045238      0.112281     -0.232878      0.070391      0.200000      0.200000      0.200000      0.800000      0.000000      0.000000      1.400000      0.400000      0.043684      0.050000      0.126316
  2            9419          3969                                               2.671e-04     2.657e-01     7.981e-06     6.653e-07     8.239e+00     4.093e-06     1.321e+01      9.500000      9.700000      0.780000      0.811282     12.794311     15.301491      0.778689      0.644518     14.400000      0.838354     16.293592      0.096142      3.084823      2.997201      0.120000      9.572875      8.800000      7.000000      8.600000      6.600000      1.550000      1.344359      1.575871      1.082237     -0.502182     -0.462606      6.200000      4.200000      5.160000      4.350000     28.808889     13.311975     13.800000     12.800000      1.447179      1.546250      0.064071      8.000000      6.800000     14.800000     11.400000      4.586316      2.426316      9.419744      5.883058      0.339272     -0.950333     11.800000      8.400000      3.877733      2.425126      6.748496      3.297938     14.800000     23.200001      3.506316      6.969500      0.496906
  2            3289           600                                               7.476e-04     1.317e-01     3.939e-08     1.247e-07     6.454e+00     6.516e-07     7.234e+00      7.000000      6.300000      0.740128      0.690385      6.631474      5.872116      0.760870      0.700000      8.200000      0.737722      6.412975      0.058833      1.881466      1.624879      0.240375      0.949250      2.000000      1.600000      1.200000      0.800000      0.355983      0.418376      0.373127      0.420282     -0.390698      0.112433      0.600000      0.200000      1.866667      2.600000      0.177778      3.600000      2.200000      1.400000      0.232308      0.242500      0.042030      1.400000      1.200000      0.400000      0.200000      0.289474      0.197368      0.170677      0.120092      0.019474      0.144523      0.400000      0.200000      1.600000      1.000000      0.000000      0.000000      1.600000      0.600000      0.097368      0.190000      0.487535
  2            9538          8204                                               1.738e-04     1.804e-01     2.512e-06     8.569e-07     1.201e+01     3.129e-06     1.114e+00      7.700000      8.000000      0.772051      0.817436      5.414006      5.244824      0.905882      0.935673     10.900000      0.834620      6.095130      0.090923      2.315622      2.594064      0.126500      3.291047     10.600000      8.000000     20.200001     13.000000      4.690257      3.190769     16.949286      8.307961     -0.260102      0.241273     12.800000      5.600000      5.456625      6.415000     19.830338     10.768021     18.000000     25.799999      3.940513      6.857750      0.425393      5.600000      3.600000      7.200000      4.800000      2.534737      1.566316      5.426667      4.458791      0.620224      0.372036      6.800000      4.400000      4.011071      3.900000      9.708316      4.138889      9.000000     11.600000      2.050526      4.275000      0.520345
  1            2937          4959          6410         0.853          9626     8.280e-04     1.650e-01     1.445e-06     6.232e-07     1.479e+01     2.814e-07     1.278e+01      6.900000      7.900000      0.731795      0.748333     11.519359      9.284487      0.635945      0.752381     10.800000      0.821772     11.234462      0.179235      2.769519      2.862725      0.098563      3.808625      2.600000      2.600000      2.000000      2.000000      0.488462      0.477692      0.508370      0.565776      0.063147      0.080878      1.400000      1.400000      5.800000      4.600000      4.600000      7.500000      4.000000      3.400000      0.483077      1.320500      0.634171      1.400000      1.400000      0.400000      0.400000      0.259649      0.164912      0.255231      0.110220      0.179015     -0.088355      0.400000      0.400000      1.000000      1.200000      0.200000      0.000000      2.000000      1.200000      0.127368      0.760000      0.832410
  2            4487          5865                                               4.568e-04     1.357e-01     8.165e-08     7.035e-07     1.958e+01     1.408e-06     1.578e+01      5.900000      5.600000      0.707179      0.675000      7.243397      3.785577      0.710843      0.736842      9.000000      0.797468      6.981772      0.233030      3.056879      3.242370      0.098812      6.071500      5.000000      6.000000      5.800000      6.400000      1.244359      1.632308      2.142326      2.055415     -0.031149      0.098116      4.200000      4.800000      6.417857      6.769231     12.091263     25.660223     10.400000     10.600000      1.438333      2.380500      0.395785      2.600000      1.800000      1.600000      0.800000      0.377895      0.138947      0.231830      0.102322     -0.029516     -0.554112      1.600000      0.800000      3.000000      1.600000      1.400000      0.000000      4.400000      5.400000      0.258421      3.570000      0.927613
  2            3184          8400                                               1.443e-04     1.413e-01     5.393e-07     2.825e-07     1.932e+01     3.863e-06     6.491e-01      3.600000      4.200000      0.588333      0.550897      0.950577      1.304167      0.900000      0.913043      5.700000      0.660823      1.950633      0.240624      2.038362      2.252124      0.250250      3.308250      2.600000      3.000000      1.600000      2.200000      0.401538      0.447949      0.251464      0.305674      0.135816     -0.271591      1.200000      1.800000      6.700000      5.000000     15.450000     11.133333      4.600000      3.800000      0.424744      1.140250      0.627500      1.800000      2.400000      1.000000      2.600000      0.433684      0.293684      0.423949      0.612604      0.512692     -1.256796      1.000000      2.600000      2.100000      0.866667      0.550000      0.111111      4.200000      8.800000      0.363684      6.610000      0.944980
  2            7120          3645                                               5.005e-04     1.905e-01     8.988e-06     9.151e-07     4.207e-01     4.391e-06     1.690e+01     11.000000     10.100000      0.861026      0.810000      9.859423      9.194792      0.887097      0.948357     15.900000      0.882753     12.167820      0.100648      3.481142      3.132748      0.071188     10.907172      5.200000      5.200000      5.400000      5.000000      1.223590      1.134359      2.013087      2.108592     -0.055488     -0.187714      2.800000      2.400000      4.606364      4.408889     15.833131      9.254913      8.600000      7.800000      1.178974      1.318625      0.105906      9.200000      8.400000     18.000000     10.400000      6.437895      3.054737     26.413433      6.443297      1.038669      0.043243     15.200000      7.600000      5.300539      3.300000      9.736301      3.144815     17.600000     26.600000      4.746316      9.356500      0.492725
  2            2528          3676                                               8.228e-04     2.325e-01     1.423e-07     6.586e-07     1.030e+01     6.267e-06     3.376e+00      7.600000      7.500000      0.778718      0.781026      6.678125      7.782948      0.795812      0.777202     10.900000      0.846234      8.947781      0.143956      2.853986      2.885158      0.089062      7.144640      2.600000      2.200000      1.600000      1.200000      0.416410      0.226154      0.304225      0.156534      0.030175     -0.207069      1.600000      1.200000      4.900000      5.300000      9.150000      0.050000      3.800000      2.800000      0.321282      0.570000      0.436347      5.400000      6.800000      7.200000     11.800000      1.255790      3.109474      3.426004     12.911044     -1.175950     -0.376454      5.800000     10.400000      1.809707      2.764821      0.670042      2.591534     12.200000     22.200001      2.182631     10.062500      0.783092
  1            5330          5218          6910         0.698          9046     6.097e-04     2.568e-01     9.755e-07     9.005e-07     1.643e+01     5.853e-06     1.429e+01      7.600000      8.400000      0.795385      0.809231     15.181089      8.004871      0.690909      0.756757     11.700000      0.846930     12.977136      0.098905      2.790729      2.834795      0.109563      6.047062      5.200000      5.400000      5.600000      6.800000      1.443846      2.109487      3.429000      6.696260      0.036807      0.652419      3.000000      4.200000      5.805897      7.773809     12.183672     26.335062      9.200000      9.800000      1.776667      2.702500      0.342584      7.000000      7.000000     10.200000     12.200000      3.425000      2.898684      6.586835     11.999715      0.027983     -0.943046      8.000000     10.000000      3.534842      1.587460      3.187434      0.606992     13.800000     22.799999      2.529474      8.608500      0.706166
  1            4917           112           211         0.401          2076     8.371e-04     1.653e-01     1.589e-06     7.522e-07     1.890e+01     4.276e-07     1.905e+01      9.600000      9.600000      0.845128      0.855513     26.177147     17.932564      0.685714      0.653061     11.400000      0.863133     22.320910      0.029190      1.910589      1.953232      0.124375      2.153656      6.400000      5.600000      7.000000      6.800000      1.678205      1.773333      2.203681      2.518907      0.412080      0.207775      1.600000      1.400000      8.950000      6.853333     25.379723     28.525576      7.600000      8.400000      1.725769      1.738000      0.007037      1.400000      2.400000      0.600000      1.600000      0.390789      0.634211      0.313596      0.567822      0.704183      0.217422      0.000000      1.000000      3.600000      3.760000      0.000000      2.592000      2.400000      1.600000      0.410000      0.413000      0.007264
  1            6612          5233          6733         0.017          7824     5.225e-04     1.818e-01     5.751e-07     9.306e-07     4.504e+00     8.869e-07     1.657e+01      8.300000      9.400000      0.822308      0.839359      6.356026     14.586923      0.805825      0.701493     12.000000      0.859494     11.302912      0.063833      2.498838      2.607882      0.112562      3.807750      5.800000      5.200000      8.800000      6.600000      2.108974      1.955897      5.638950      4.586177      0.204988      0.621909      4.800000      2.600000      7.576340      7.757692     21.622082     19.510872      9.200000     11.400000      2.032436      2.673500      0.239785      2.400000      2.400000      2.200000      1.600000      0.746316      0.375789      0.966177      0.332548      0.375513     -0.290721      2.200000      1.600000      2.733333      2.133333      2.488889      0.511111      4.200000      3.800000      0.561053      1.200000      0.532456
  2            5481          2985                                               3.814e-04     2.029e-01     5.808e-06     7.920e-07     4.226e+00     6.656e-06     1.063e+01      8.400000      9.000000      0.796667      0.828333      7.592035     11.460000      0.807692      0.857143     12.300000      0.864937     10.972773      0.113267      2.745268      2.950738      0.083938      6.190984      4.400000      5.800000      6.200000      7.400000      1.822564      1.763077      3.554198      3.308382      0.629544     -0.048799      2.200000      3.400000      7.929286      6.028889     18.416426     19.543234      7.800000      9.600000      1.792820      1.977500      0.093390      5.200000      5.200000      7.000000      4.600000      1.392632      1.521053      2.437076      1.487602     -0.985595      0.595001      6.000000      3.600000      2.159127      4.395000      3.715298      4.989875     10.000000     10.800000      1.456842      3.337500      0.563493
  2            3874          7222                                               7.147e-04     1.323e-01     3.501e-08     2.962e-07     1.310e+01     1.905e-06     6.159e+00      8.400000      9.100000      0.807051      0.811410      6.701539     18.052500      0.807692      0.739837     12.400000      0.867627     16.536535      0.125048      2.986624      3.051038      0.075438     17.048937      2.800000      3.200000      2.000000      2.200000      0.454808      0.479808      0.315896      0.381630     -0.220617     -0.503429      1.800000      2.000000      2.933333      2.966667      7.488889      6.227778      5.200000      4.200000      0.373846      0.816500      0.542136      3.400000      2.600000      2.600000      1.600000      0.944737      0.498684      0.611014      0.465253      0.056415     -0.144866      2.600000      1.600000      2.933333      1.213333      3.486111      1.905778      5.600000      4.800000      0.577368      1.710000      0.662358
  1            2123           524          2927         0.887          4028     4.152e-04     2.030e-01     6.312e-07     5.856e-07     3.038e+00     8.215e-06     1.404e+00      5.000000      4.500000      0.601538      0.583846      2.363205      2.482179      0.819672      0.818182      6.100000      0.626361      2.503544      0.102064      1.548726      1.510086      0.340813      0.440500      3.400000      3.000000      3.000000      2.200000      0.807692      0.623333      0.762061      0.470164      0.254830      0.293179      1.400000      0.600000      7.600000      7.233333     27.900000      8.361111      4.000000      3.600000      0.715513      0.757750      0.055740      5.400000      3.400000      6.200000      3.200000      1.790526      1.214737      1.849730      1.126995      0.226673      0.809811      4.600000      1.600000      3.948571      5.216667      6.441061      5.933055      7.600000      7.800000      1.502632      1.818500      0.173697
  2            8247          1091                                               8.965e-04     1.821e-01     4.402e-07     9.992e-07     6.362e+00     1.744e-06     7.467e+00     11.600000     11.300000      0.865769      0.862692     34.902870     21.608959      0.674419      0.674627     14.800000      0.879051     30.694035      0.032707      2.452656      2.432409      0.106500     11.043375      6.000000      7.600000      6.600000      8.000000      1.752820      1.810000      2.865696      2.444386      0.535313     -0.066882      1.600000      3.000000      7.274286      5.796032     19.336853     28.555477      9.600000      9.600000      1.781410      1.839000      0.031316      6.400000      6.800000      8.200000      8.400000      1.764211      2.658947      3.237973      4.741710     -0.776735      0.332447      3.800000      4.000000      2.701349      4.040598      5.779753      4.760562     10.600000     12.200000      2.211579      2.531500      0.126376
  1            3431           726          3312         0.847          4118     3.343e-04     2.449e-01     3.425e-08     7.369e-07     6.480e+00     8.810e-06     6.180e+00      6.200000      5.200000      0.671795      0.628462      4.599808      2.618846      0.720930      0.852459      7.500000      0.668734      3.716471      0.054643      1.520409      1.348314      0.313125      0.603688      4.200000      2.400000      3.000000      1.400000      0.645641      0.343590      0.494782      0.284162     -0.177454      0.000929      2.000000      0.400000      4.186666      4.233333      3.815111      1.027778      4.800000      3.400000      0.494615      0.532500      0.071145      4.600000      5.000000      3.600000      5.600000      0.725263      1.832632      0.499955      2.951328     -0.842105      0.394031      3.200000      5.200000      2.007143      4.625000      1.014031      9.601875      8.600000      8.800000      1.278947      1.972000      0.351447
  1             528          2704          5065         0.210          9593     5.920e-04     2.917e-01     4.901e-07     8.229e-08     7.421e+00     4.544e-06     5.181e+00      4.200000      4.600000      0.580897      0.558205      1.869231      1.652885      0.823529      0.884615      7.200000      0.738101      4.934225      0.368742      3.322350      3.478505      0.097562     12.622063      1.000000      1.000000      0.000000      0.000000      0.000000      0.000000      0.000000      0.000000      0.000000      0.000000      0.000000      0.000000      0.000000      0.000000      0.000000      0.000000      1.000000      0.000000      0.000000      0.000000      0.000000      1.600000      2.400000      0.600000      1.400000      0.194737      0.358947      0.111863      0.246377      0.157173     -0.132847      0.600000      1.400000      1.800000      2.433333      1.800000      1.027778      3.600000      3.400000      0.276842      1.840000      0.849542
  1            7984          1191          2519         0.095          6472     2.952e-04     2.217e-01     2.451e-07     2.509e-07     5.323e+00     7.362e-06     8.581e+00      9.000000      8.800000      0.804744      0.772949     19.947227     19.309278      0.689655      0.712551     11.400000      0.803544     19.619398      0.036174      2.085884      1.983821      0.182125      0.946437      3.400000      4.000000      3.200000      4.200000      0.605641      0.640513      1.064341      0.953209     -0.174456     -0.839070      0.400000      1.400000      4.085714      3.008333      1.730612      2.421875      5.000000      4.600000      0.623077      0.630000      0.010989      7.800000      6.600000     11.400000      9.200000      3.573684      2.308421      5.438702      4.142506      0.305284     -0.475258      6.200000      4.000000      3.962381      2.680867      6.735654      4.306244     13.000000     15.400000      2.941053      3.304000      0.109851
  1            1508           557           953         0.956          2452     8.297e-04     1.831e-01     2.850e-08     6.230e-07     6.846e+00     5.503e-06     1.410e+01      6.600000      6.800000      0.690897      0.727179     14.010898      9.827628      0.680412      0.739130      8.800000      0.745443     12.035300      0.091426      2.096597      2.214339      0.219063      1.054312      2.200000      2.200000      1.200000      1.200000      0.197756      0.431090      0.156091      0.270563     -0.425609      0.336042      1.000000      1.000000      2.000000      5.833333      0.800000     11.561111      3.200000      2.200000      0.251538      0.339500      0.259091      4.000000      3.800000      6.400000      3.200000      1.881053      0.902105      5.002880      0.736792      0.189006      0.030115      5.000000      1.800000      3.750238      3.666667      3.086547      4.517778      6.400000      8.200000      1.391579      1.667000      0.165220
  2            2636           731                                               6.425e-04     2.089e-01     5.293e-06     7.754e-07     1.937e+01     2.327e-06     1.622e+01      5.500000      5.800000      0.660128      0.648974      2.365897      2.044471      0.932203      1.008696      6.700000      0.671614      2.289632      0.049076      1.385422      1.403862      0.311750      0.443828      3.600000      3.800000      3.600000      3.000000      0.603077      0.378974      0.627427      0.273671     -0.352192     -0.943525      2.800000      2.200000      4.842857      3.766667      7.796939     18.438889      5.600000      5.800000      0.491026      0.517750      0.051616      2.400000      2.000000      1.800000      1.000000      0.450526      0.293684      0.550866      0.246945     -0.393353     -0.007450      1.600000      0.800000      2.600000      2.066667      1.400000      1.244444      3.400000      2.600000      0.372105      1.005000      0.629746
  1            8379           982          1255         0.166          7615     5.608e-04     1.413e-01     2.439e-06     2.952e-07     4.296e+00     2.826e-06     1.061e+01      7.100000      7.100000      0.773718      0.734872      4.704215      4.894231      0.788889      0.865854      8.900000      0.768892      4.942892      0.037006      1.705682      1.577593      0.216875      0.807453      3.400000      4.600000      3.200000      4.600000      0.743333      0.787179      0.868414      0.773579     -0.245073     -0.891939      1.200000      2.600000      4.876191      2.723809      8.147165      5.704309      6.000000      5.800000      0.765256      0.800250      0.043728      5.600000      7.000000      8.400000     10.600000      1.660000      3.048421      3.700768      5.335661     -1.073639      0.023648      3.000000      5.200000      2.072456      3.187351      1.658721      3.175861     11.000000     13.600000      2.354211      2.653000      0.112623
  2            1347          4110                                               8.927e-04     1.227e-01     1.281e-07     4.434e-07     3.328e+00     7.638e-06     1.158e+01      5.800000      5.300000      0.659615      0.633077      3.456346      6.238461      0.828571      0.679487      8.300000      0.788196      6.610965      0.301417      3.223630      3.074967      0.073500      7.208437      3.400000      2.400000      2.800000      1.600000      0.540769      0.385641      0.501116      0.270551     -0.401693      0.205532      2.600000      1.400000      4.440000      6.000000     11.152000      6.100000      4.800000      4.200000      0.463205      0.826500      0.439558      3.600000      5.200000      2.800000      6.400000      0.883158      1.832632      0.703453      2.371367      0.250087      0.178521      2.200000      5.800000      3.471429      3.593333      3.445918      8.765889      8.600000     13.600000      1.357895      7.552500      0.820206
  1            1678           888          4191         0.576          5735     9.176e-04     2.547e-01     2.486e-07     4.181e-07     1.758e+01     1.266e-06     1.196e+01      5.900000      5.800000      0.730385      0.708590      6.011025      6.590497      0.808219      0.783784      7.300000      0.757089      6.325819      0.093328      1.694391      1.595928      0.206250      0.414016      1.800000      2.200000      0.800000      1.200000      0.095897      0.155641      0.084107      0.120857     -0.559819     -0.426538      0.400000      0.800000      2.000000      2.066667      0.000000      0.911111      2.800000      1.600000      0.125769      0.130250      0.034401      1.400000      1.400000      0.400000      0.400000      0.192982      0.210526      0.113784      0.120301      0.019474      0.056431      0.400000      0.400000      1.600000      0.800000      0.000000      0.800000      2.200000      1.200000      0.121053      0.620000      0.804754
  1            2848           320          3890         0.738          4074     3.338e-04     1.092e-01     6.655e-07     8.671e-07     1.450e+01     3.679e-06     1.662e+01      4.400000      3.900000      0.557564      0.466410      1.767949      2.150817      0.785714      0.829787      4.800000      0.535443      2.189885      0.083705      0.995121      0.918657      0.441687      1.008453      6.800000      6.600000      7.000000      6.200000      1.812308      1.343590      2.740900      1.673312      0.280520     -0.247573      1.800000      1.000000      6.362143      4.717273     16.686842     16.234873      9.000000      8.000000      1.577949      1.849875      0.146997      3.600000      4.600000      6.600000      8.000000      1.970526      2.460000      7.103302      9.811267      0.255467      0.282785      0.800000      2.200000      3.843333      3.646667      3.653944      1.965111      6.000000      8.800000      2.215263      2.293000      0.033902
  2            9268          8917                                               3.586e-04     1.376e-01     3.680e-06     9.160e-07     1.674e+01     3.181e-06     5.230e+00      8.700000      9.100000      0.820769      0.802180      6.640753      7.955882      0.844660      0.816144     12.800000      0.857089      9.983900      0.099662      2.969841      2.730528      0.098438     10.972969     11.200000     11.400000     15.600000     17.000000      4.091026      3.869487     12.975248      9.630427      0.395437     -0.046701      8.000000      9.400000      6.233590      5.539892     30.920801     15.439417     21.400000     25.000000      3.980256      5.331375      0.253428      5.400000      4.000000      5.600000      6.400000      1.827368      1.848421      2.139916      3.210437      0.461264      0.294242      4.800000      5.600000      3.877778      4.662222      6.110494      3.425086      9.200000     11.400000      1.837895      3.200500      0.425748
  1            3829          1764          5652         0.167          9723     7.750e-04     1.214e-01     1.132e-06     7.408e-07     1.778e+01     6.214e-06     1.415e+01     10.900000     10.900000      0.863590      0.870256     23.014456     21.468765      0.681250      0.705502     14.500000      0.888323     24.822313      0.046792      2.716980      2.786820      0.090812     11.305860      3.600000      4.600000      2.800000      3.800000      0.875641      1.005641      0.704618      0.836603      0.704615      0.197763      0.800000      1.800000      8.900000      6.720000     23.238890     26.096889      5.600000      4.600000      0.940641      1.031250      0.087863      5.600000      7.600000      7.200000     16.600000      1.968421      4.664210      2.567775     26.366522     -0.184976     -0.008571      4.600000     14.000000      3.242222      3.545658      5.290346      4.699937     13.000000     21.200001      3.316316      9.319000      0.644134
  2            3962          1531                                               8.555e-04     1.941e-01     1.218e-06     4.881e-07     3.065e+00     9.126e-06     1.505e+01      6.900000      7.700000      0.743846      0.767564     10.105256     11.883846      0.683168      0.706422     10.400000      0.799589     11.770349      0.103178      2.492573      2.513563      0.157625      3.614125      4.200000      3.600000      3.600000      3.000000      1.291346      1.062500      1.710561      1.066073      0.386375      0.380794      2.000000      1.400000      5.596667      6.010000     20.937723     28.749500      5.800000      5.000000      0.941538      1.142000      0.175536      5.000000      8.200000      5.000000     13.200000      0.764211      3.311579      1.054670      5.333077     -1.272528     -0.480825      3.200000     11.400000      1.906667      2.942316      1.909778      6.412315     13.200000     16.600000      2.037895      4.115500      0.504825
  2            5099          7342                                               8.605e-04     2.242e-01     1.977e-08     3.537e-07     1.757e+01     4.621e-06     1.550e+01      9.300000      9.700000      0.820128      0.805385     19.252291     33.437420      0.696629      0.557471     14.100000      0.881234     37.557114      0.141961      3.350151      3.610828      0.052000     45.605656      2.600000      2.400000      1.800000      1.600000      0.478205      0.495897      0.400521      0.423683      0.172217      0.377145      1.400000      1.200000      6.100000      6.133333      7.650000      7.022222      3.800000      3.000000      0.487051      0.783000      0.377968      4.600000      4.200000      8.600000      5.400000      2.946316      1.727368     10.506995      2.435483      0.658720      0.333407      7.800000      4.600000      4.016465      4.274848      2.305682      5.581382      8.800000     14.200000      2.336842      5.622000      0.584340
  1            8674           218          4774         0.665          6011     8.325e-04     1.286e-01     1.035e-06     8.443e-07     1.126e+01     5.619e-06     1.173e+01     12.200000     12.600000      0.870513      0.869744     32.464489     39.555912      0.705202      0.701950     15.500000      0.875095     35.970978      0.010546      2.324744      2.333933      0.120063      1.645578      7.600000      6.400000      8.400000      7.400000      2.298398      1.953526      3.119830      2.596605     -0.127839     -0.225233      1.800000      0.800000      4.428095      4.464646     19.292721     25.030619      8.400000      9.200000      1.700769      1.705500      0.002774      7.400000      9.400000     20.400000     22.200001      7.570526      6.660000     62.698280     54.554626      1.028752      0.115019      2.800000      4.600000      4.606338      3.212381      4.139204      2.918698     13.200000     25.000000      7.115263      7.017500     -0.013931
  1            2633           862          7663         0.050          8641     2.512e-04     1.872e-01     2.201e-07     1.579e-07     8.269e+00     2.870e-06     6.774e+00      5.500000      5.200000      0.643718      0.650128      2.636154      3.611923      0.797101      0.712329      7.000000      0.673038      3.191171      0.072919      1.530583      1.552030      0.301500      0.421375      1.400000      1.800000      0.400000      0.800000      0.230342      0.306838      0.141151      0.210797      0.268221     -0.043266      0.000000      0.400000      3.800000      3.300000      0.000000      8.450000      1.800000      0.800000      0.161154      0.158500     -0.016744      2.200000      2.000000      1.400000      1.200000      0.225263      0.435789      0.192982      0.367151     -0.843681      0.452653      1.200000      1.000000      1.400000      3.733333      3.600000      2.177778      3.200000      2.400000      0.330526      0.452000      0.268747
  2            5690          4355                                               6.836e-04     1.606e-01     9.948e-06     5.307e-07     1.008e+01     8.627e-06     4.303e+00     11.800000     10.700000      0.864231      0.846923     22.943077     27.040722      0.766234      0.727891     16.100000      0.891266     30.815779      0.076026      3.309770      3.206481      0.073937     24.253922      5.400000      3.800000      6.400000      5.200000      1.280256      1.323846      1.629642      3.696491     -0.217737     -0.108122      4.200000      3.000000      6.528572      5.470909     41.959568     16.709406      7.800000      9.400000      1.302051      1.680500      0.225200      7.400000      8.400000     12.000000     15.400000      3.247368      5.040000      5.838346     11.747714     -0.467808      0.375047      7.000000     10.400000      2.347460      3.707913      2.580584      6.349180     15.600000     23.799999      4.143684      8.385000      0.505822
  2            1031          6969                                               2.500e-04     2.597e-01     1.764e-07     1.824e-08     1.501e+00     1.424e-06     1.196e+01      2.600000      2.600000      0.327949      0.263974      0.606346      1.127115      0.838710      0.702703      4.000000      0.476646      1.543228      0.547001      2.075247      1.927508      0.347187      2.715500      1.200000      1.000000      0.200000      0.000000      0.025000      0.000000      0.023780      0.000000     -0.224821      0.000000      0.200000      0.000000      0.200000      0.000000      0.000000      0.000000      1.400000      0.400000      0.005000      0.205000      0.975610      1.200000      1.400000      0.200000      0.400000      0.089474      0.231579      0.065803      0.135227     -0.017220      0.167738      0.200000      0.400000      0.600000      2.000000      0.000000      0.000000      2.200000      1.800000      0.096316      1.330000      0.927582
  1            9297           934          2296         0.303          2641     2.460e-04     2.885e-01     3.358e-08     2.844e-07     1.801e+01     3.686e-06     2.205e+00      7.100000      6.600000      0.786154      0.730000      8.225769      5.299295      0.755319      0.785714      8.100000      0.773101      6.780332      0.037649      1.801416      1.541761      0.212250      0.408437      5.200000      5.200000      4.400000      4.200000      0.614359      0.771282      0.548742      0.614395     -0.877866     -0.431891      2.800000      2.600000      3.933333      4.526667     19.255556     11.228666      8.000000      7.000000      0.692820      0.712750      0.027961      7.600000      7.600000     10.000000      8.600000      1.987368      2.446316      2.717371      2.481203     -1.151645     -0.211619      6.400000      5.000000      2.037143      3.273349      1.836086      7.204831     13.600000     15.000000      2.216842      2.500500      0.113440
  1            5416          4161          4444         0.983          4745     1.195e-04     1.538e-01     1.004e-07     7.038e-08     1.074e+01     8.177e-06     9.526e+00      4.300000      3.500000      0.588718      0.460513      1.743590      0.709551      0.754386      0.972222      5.100000      0.628038      1.641123      0.280253      1.940817      1.647833      0.271125      1.698812      1.400000      1.800000      0.400000      0.800000      0.129167      0.290385      0.074192      0.177469      0.056443      0.151896      0.200000      0.600000      3.000000      4.200000      0.000000      5.000000      2.000000      1.000000      0.167821      0.236500      0.290400      7.800000      7.600000     15.200000     19.400000      4.770526      6.114737     28.086706     35.362957      0.312316      0.397880      9.400000     13.600000      3.678000      3.395609      4.545901      1.650215     15.400000     29.200001      5.442632     12.320500      0.558246
  2            2091          7303                                               9.473e-04     1.793e-01     3.259e-07     2.432e-07     1.183e+01     4.925e-06     7.553e+00      8.500000      8.200000      0.782949      0.777949     13.800898     11.566010      0.726496      0.722467     12.500000      0.842468     17.560596      0.136080      3.119243      3.058587      0.097062     19.898891      1.400000      1.600000      0.400000      0.600000      0.171474      0.183654      0.100261      0.127290      0.261992      0.048671      0.400000      0.600000      4.200000      2.400000      0.000000      0.800000      2.200000      1.400000      0.142051      0.620000      0.770885      3.600000      4.200000      5.000000      6.200000      1.836842      2.457895      2.780301      4.469023      0.763994      1.254618      4.400000      5.600000      4.005556      6.580000      2.435031      9.501637      7.400000     11.600000      2.147368      4.713000      0.544373
  1            7355          1598          2328         0.494          3718     7.308e-04     1.859e-01     1.287e-08     4.792e-07     1.249e+01     5.472e-06     1.958e+01     10.100000      9.500000      0.848974      0.808846     14.321330     12.752372      0.711268      0.763052     13.100000      0.852975     14.082259      0.053735      2.579298      2.364926      0.123562      2.831203      6.000000      4.600000      5.400000      4.000000      1.067179      0.911795      0.829124      0.736188     -0.501221      0.003085      2.600000      1.200000      4.244444      6.620000     11.955309     27.858000      7.400000      6.600000      0.989487      1.050500      0.058080      7.600000      7.800000     16.000000     15.400000      5.321053      5.294737     15.246677     19.091061      0.642981      1.005354      6.800000      6.200000      4.576753      5.230254      8.938611      8.957962     14.600000     22.200001      5.307895      6.393000      0.169733
  1            5110          1954          3430         0.341          8619     1.662e-04     2.264e-01     4.393e-08     4.873e-07     1.659e+01     6.287e-06     5.259e+00      4.900000      4.900000      0.666026      0.661410      1.570000      6.730897      0.844828      0.662162      6.400000      0.713766      4.603291      0.129580      1.850813      1.922252      0.237438      1.996250      4.400000      5.000000      4.800000      5.400000      1.461026      1.750513      1.978019      3.053087      0.763888      0.922561      1.400000      2.000000      8.760000      8.295714     28.857000     33.652767      6.800000      6.800000      1.605769      1.830625      0.122830      7.200000      7.600000     15.200000     14.800000      5.015790      5.238947     17.647402     21.075483      0.721233      0.621878     11.800000     11.400000      4.361460      4.294286      4.027079      6.964075     14.800000     26.600000      5.127368     10.109000      0.492792
  1            8933          4254          7206         0.414          8906     6.870e-04     1.848e-01     9.584e-08     4.981e-07     4.536e+00     3.143e-07     1.762e+01      9.200000      9.800000      0.829744      0.846410     17.565063     17.901602      0.681481      0.736842     12.400000      0.866487     18.803417      0.062807      2.334170      2.503031      0.105812      5.113500      7.800000      7.600000     12.200000     13.000000      3.145897      3.565385     12.737177     12.274038     -0.047882      0.123076      4.200000      5.000000      5.493072      4.973016     20.036261     18.672115     13.800000     17.200001      3.355641      3.717500      0.097339      1.400000      2.000000      0.400000      1.200000      0.094737      0.657895      0.077193      0.487385     -0.236620      0.850432      0.400000      1.200000      0.800000      5.800000      0.000000      1.800000      3.200000      3.400000      0.301053      2.400000      0.874561
  1            6267          2185          7202         0.248          9744     8.464e-04     1.613e-01     3.221e-06     7.203e-07     1.549e+01     7.401e-06     7.071e+00     10.400000      8.700000      0.855385      0.794487      9.775737      5.588734      0.920354      0.896907     13.200000      0.865253      8.618628      0.088611      2.926387      2.714341      0.095437      4.082860      8.400000      8.200000     14.200000     12.800000      3.736667      4.282564     13.083201     18.000742      0.041428      0.953060      4.600000      3.200000      5.830589      8.361091     25.214161     34.445488     13.800000     17.400000      4.009615      4.436875      0.096297      5.800000      8.600000     10.800000     15.400000      3.333684      4.162105      7.360685      7.142378      0.234078     -0.069012      6.000000     10.600000      4.291111      3.722142     11.605161      7.135246     13.600000     21.400000      3.747895      4.121000      0.090538
  2             945          9358                                               8.461e-04     2.127e-01     2.811e-06     3.702e-07     5.883e+00     4.666e-06     1.388e+01      5.100000      4.700000      0.632179      0.515256      2.155192      1.213974      0.857143      0.959184      7.800000      0.744462      5.081756      0.370804      3.356710      2.946070      0.089062     13.503062      1.200000      2.000000      0.200000      1.000000      0.046154      0.352564      0.037681      0.270003     -0.061317      0.145756      0.200000      1.000000      0.800000      5.300000      0.000000      2.450000      2.600000      1.800000      0.159487      0.950000      0.832119      3.000000      2.200000      1.800000      1.600000      0.414737      0.337895      0.267391      0.458507     -0.453116     -0.244507      1.800000      1.600000      1.640000      1.033333      0.272000      0.961111      5.200000     11.200000      0.376316      8.780000      0.957139
  2            5541           518                                               4.474e-04     1.375e-01     1.562e-07     5.119e-07     1.997e+01     8.334e-06     1.374e+01      9.200000      9.900000      0.834359      0.838077     12.377821     10.988254      0.747967      0.770428     11.700000      0.852405     11.770677      0.037165      2.037778      2.110791      0.131812      0.930328      3.600000      4.200000      2.600000      4.000000      0.670000      0.719487      0.656558      0.757960      0.096139     -0.408381      0.400000      1.800000      6.310000      4.855556     17.839500     10.395679      5.200000      4.400000      0.694744      0.722500      0.038417      7.200000      4.800000     13.400000     10.600000      4.535789      3.078947     10.387864      9.958135      0.662773      0.145313      4.200000      1.400000      4.679720      4.219444      8.702800     10.589314      9.400000     14.800000      3.807369      3.988000      0.045294
  1            3696          2105          7251         0.277          8107     7.459e-04     1.860e-01     9.143e-08     2.904e-07     6.007e+00     9.453e-06     1.688e+01      9.100000      9.400000      0.822179      0.833590     15.485882     11.755000      0.742857      0.723077     12.600000      0.855158     14.894743      0.061078      2.458491      2.413771      0.118250      5.714516      3.000000      3.000000      2.400000      2.400000      0.649038      0.501923      0.533890      0.410015      0.013477     -0.258675      1.800000      1.800000      6.111111      5.850000      6.893827      5.687500      4.400000      4.200000      0.460385      0.662000      0.304555      6.600000      6.200000     12.000000      8.000000      3.515790      2.231579     12.703547      5.356135     -0.038466     -0.281432     10.200000      6.200000      3.491515      2.886667      4.360953      4.207778     12.600000     18.400000      2.873684      5.667500      0.492954
  1            7954          3429          8623         0.622          8663     5.468e-04     2.831e-01     8.116e-08     8.959e-07     1.330e+01     3.865e-06     7.805e+00     10.600000     10.900000      0.834487      0.831923     33.564232     34.054214      0.642424      0.683386     14.400000      0.874209     35.765488      0.088852      2.762945      2.861239      0.085813      9.417703      9.400000      7.400000     11.600000      9.400000      2.296667      2.362821      3.025810      3.937119     -0.435636      0.475833      7.600000      5.400000      4.789149      7.547475     16.335545     23.211121     15.200000     17.000000      2.329744      2.841250      0.180029      6.800000      7.000000      8.800000     16.000000      2.597895      2.569474      3.098680     10.401443      0.449527     -1.543007      6.800000     14.000000      4.375270      1.856702      5.246746      3.425816     13.800000     22.799999      2.583684     10.932000      0.763659
  2            1288          4852                                               9.597e-04     2.424e-01     7.492e-06     2.871e-07     8.394e-02     6.566e-06     1.789e+01      6.400000      5.500000      0.726538      0.627436      3.881074      2.186667      0.859060      0.982143      9.200000      0.799177      6.673398      0.262090      3.287920      3.286183      0.081688     14.527828      1.200000      2.200000      0.200000      1.200000      0.010000      0.339744      0.009512      0.227495     -0.224821      0.225212      0.200000      1.200000      0.200000      5.600000      0.000000      3.700000      2.400000      1.400000      0.174872      0.460000      0.619844      2.400000      3.400000      1.800000      3.400000      0.725263      0.629474      0.722089      1.120145      0.625949     -0.931420      1.400000      3.000000      4.066667      1.940000      2.311111      0.550000      5.800000      9.200000      0.677368      6.132000      0.889535
  2            7206          6985                                               6.011e-04     2.359e-01     3.261e-07     5.968e-07     1.566e+01     2.433e-06     1.460e+01     10.600000     11.200000      0.842179      0.834103     22.635386     27.978205      0.664577      0.636364     15.500000      0.888418     29.065886      0.105905      3.107874      3.298772      0.062563     16.113750      4.600000      4.400000      4.400000      4.600000      1.077949      1.027436      1.183109      1.112627      0.138177     -0.063307      2.400000      2.600000      6.583333      6.288095     22.915277     23.923101      7.400000      7.000000      1.052692      1.171250      0.101223      5.400000      6.000000      5.800000      9.000000      1.350526      2.556842      1.515806      5.893461     -0.400493      0.136020      4.800000      8.000000      3.204103      3.609307      4.172224      3.016775     11.400000     15.800000      1.953684      5.974000      0.672969
  2            3410          8747                                               6.792e-04     1.878e-01     7.328e-06     6.193e-07     5.801e+00     6.943e-06     1.881e+01      8.600000      7.700000      0.781026      0.770385      5.424952      8.091394      0.971751      0.823529     12.300000      0.845222      9.565332      0.151150      3.217156      3.186279      0.087000     11.426188      5.800000      5.600000      6.800000      8.800000      1.124872      2.465641      1.732368     11.579671     -0.902539      0.624819      5.400000      7.400000      3.821010      7.775279     16.446413     20.315763     11.200000     14.800000      1.795256      5.578500      0.678183      4.800000      5.400000      4.400000      5.800000      1.295789      1.492632      1.026461      2.555645      0.352893     -0.336492      4.200000      5.600000      4.455000      2.821667      4.467375      2.937653     10.200000     13.400000      1.394211      6.245000      0.776748
  2            4138          6879                                               1.636e-04     2.043e-01     4.018e-06     2.843e-07     1.483e+01     1.229e-06     3.015e+00      3.900000      5.100000      0.500897      0.605000      2.902821      5.343734      0.772277      0.698630      7.000000      0.718576      5.070566      0.371606      2.576315      2.938169      0.119938      3.947953      1.400000      2.000000      0.400000      1.200000      0.103846      0.553846      0.080315      0.589338     -0.192707      0.315839      0.200000      1.000000      1.400000      5.133333      0.000000      1.644444      2.400000      1.400000      0.197308      0.385500      0.488177      3.400000      3.000000      2.600000      2.200000      0.687368      0.560000      0.635851      0.383559     -0.331255     -0.076506      2.600000      2.200000      3.010000      2.980000      3.909500      4.498000      6.200000      6.200000      0.623684      2.620000      0.761953
  1            7639          1104          4437         0.208          9812     6.117e-04     2.639e-01     4.828e-06     2.392e-07     1.654e+01     7.371e-06     3.098e+00     13.100000     13.900000      0.881026      0.906538     24.938942     20.735193      0.859016      0.876972     18.400000      0.907152     23.176781      0.028159      2.817207      2.865416      0.079812      2.483719      2.000000      2.600000      1.000000      1.600000      0.220769      0.296923      0.138039      0.199566     -0.101920     -0.185969      0.200000      0.800000      4.500000      5.700000      4.050000     14.450000      2.800000      1.800000      0.258846      0.268250      0.035056      7.600000      9.200000     27.000000     28.000000     10.747369      4.756842    127.060226     47.091423      1.578356     -1.515653      5.200000      6.200000      5.142552      1.551887      3.282620      1.757391     16.000000     33.200001      7.752105     16.469500      0.529305
  2            2149          2215                                               2.048e-04     2.623e-01     1.384e-08     6.832e-07     4.235e+00     4.069e-06     1.142e+00      3.400000      4.100000      0.451538      0.532692      1.649295      1.854231      0.829268      0.719298      5.400000      0.610570      2.939035      0.322680      2.187736      2.134065      0.273937      4.777312      3.200000      4.000000      2.800000      3.800000      0.842821      0.652821      1.104702      0.927315      0.563583     -0.353977      2.000000      3.000000      8.100000      6.520000      8.783334      4.614666      6.000000      5.800000      0.747820      1.240000      0.396919      4.400000      2.600000      7.400000      4.800000      2.093684      2.274737      4.625458      7.989736      0.085634      1.686772      5.800000      3.200000      3.494286      6.016667      2.236122      1.515278      6.800000     10.600000      2.184211      3.562000      0.386802
  2            2356          9484                                               3.744e-04     2.993e-01     2.891e-07     4.899e-07     2.578e+00     7.208e-06     1.519e+01      4.600000      5.800000      0.591410      0.702179      0.943462      3.304551      0.901961      0.805556      8.600000      0.748101      6.165205      0.236978      2.981677      3.208658      0.153125     16.068937      1.800000      1.600000      1.200000      0.800000      0.491987      0.220192      0.650711      0.188316      0.268566      0.040865      1.200000      0.800000      4.200000      4.600000      1.600000      0.000000      2.800000      2.600000      0.284872      1.110000      0.743359      4.200000      4.400000      4.200000      4.800000      1.353684      1.377895      1.593205      1.755227      0.375212     -0.138098      3.800000      4.400000      3.881818      2.938095     11.314257      2.604649      8.600000     14.400000      1.365790      8.830000      0.845324
  1             952          1215          1243         0.939          4991     5.557e-04     2.969e-01     1.723e-06     6.405e-07     1.373e+01     7.278e-06     1.349e+01      6.000000      5.500000      0.648590      0.651923     11.026859      8.502821      0.631579      0.558376      8.900000      0.758259     11.624414      0.247380      2.698970      2.812992      0.136438      7.833562      1.200000      1.800000      0.200000      0.800000      0.016667      0.172222      0.015854      0.140102     -0.224821     -0.453600      0.200000      0.800000      0.200000      1.500000      0.000000      0.450000      2.000000      1.000000      0.056667      0.060000      0.055556      2.400000      3.200000      1.800000      2.400000      0.723158      0.732632      0.782317      0.553239      0.629555      0.422096      1.800000      2.400000      3.933333      4.050000      8.011111      2.477500      4.800000      4.200000      0.727895      1.350000      0.460819
  2            9839          8805                                               7.713e-04     1.548e-01     1.151e-08     2.851e-07     7.414e+00     3.934e-07     1.615e+01     10.600000     12.700000      0.866154      0.867436     32.995239     33.707035      0.706667      0.711485     17.000000      0.903006     48.103504      0.076309      3.196205      3.366129      0.061687     59.939407      2.200000      2.000000      1.800000      2.400000      0.886538      2.799359      2.293475      6.071560     -0.272654      1.050886      1.000000      1.600000      1.250000      5.700000      2.887500      1.138889      3.000000      3.400000      0.737179      1.345000      0.451911      1.200000      1.600000      0.200000      0.600000      0.159649      0.238596      0.083626      0.177778      0.252352     -0.166230      0.200000      0.600000      1.400000      1.600000      0.000000      0.000000      2.200000      1.200000      0.119474      0.610000      0.804142
  2            5111          5459                                               3.353e-04     2.781e-01     1.486e-08     8.263e-07     5.950e+00     5.238e-06     1.149e+01      5.400000      5.900000      0.596026      0.682180      4.420817     22.413509      0.765957      0.513043      8.500000      0.748639     23.130760      0.250845      2.688143      2.796858      0.144562     39.039562      5.800000      5.200000      6.000000      5.000000      1.547949      0.596667      1.965653      0.608810      0.150105     -0.957398      4.800000      3.800000      6.279914      1.982857     20.150263      4.653769     10.000000      9.800000      1.072308      1.916375      0.440450      9.400000      7.600000     13.400000      7.200000      3.428421      2.053684      5.282512      2.049095     -0.355110     -0.081454     10.800000      4.600000      3.174444      3.026667      5.914613      5.783111     17.000000     25.400000      2.741053     12.984500      0.788898
  1            6672           431          1935         0.918          3978     9.946e-04     1.222e-01     2.926e-08     8.781e-07     1.581e+01     5.379e-06     1.142e+01     10.600000     10.300000      0.826410      0.819103     23.967356     25.030001      0.728522      0.688963     13.000000      0.830348     24.754980      0.018361      2.090063      2.108132      0.162250      2.237328      6.000000      6.800000      8.200000      8.400000      2.218974      2.326923      9.338920      8.530144     -0.162466      0.004748      1.200000      1.400000      5.223354      6.424359      9.545099     23.672674      8.400000      9.600000      2.272949      2.274875      0.000847      8.000000      6.400000      8.400000      7.400000      2.433684      1.834737      2.562183      2.536012      0.143788     -0.420578      3.400000      2.400000      3.382525      2.991111      4.366352      4.191605     10.800000     10.800000      2.134211      2.238000      0.046376
  1            1351           773          6667         0.801          9205     2.730e-04     1.634e-01     9.030e-06     2.224e-07     6.617e+00     9.888e-06     1.714e+01      2.500000      3.300000      0.315385      0.444872      0.292532      0.965513      1.020408      0.880000      3.900000      0.441076      0.865419      0.241942      0.921806      1.276408      0.499500      0.965219      1.200000      1.200000      0.200000      0.200000      0.384615      0.050000      0.236990      0.047561      0.181605     -0.224821      0.000000      0.000000      2.000000      0.200000      0.000000      0.000000      1.400000      0.200000      0.043462      0.053750      0.191413      5.200000      3.800000      5.400000      4.200000      1.270526      1.406316      1.382941      1.836981     -0.385980      0.503332      4.800000      3.600000      2.411111      4.500000      4.520679      2.627778      8.400000      9.400000      1.338421      3.274000      0.591197
  1             689          2971          3769         0.834          8513     9.799e-04     1.233e-01     1.436e-07     8.349e-07     1.966e+01     7.542e-07     7.886e-02      4.700000      4.400000      0.563974      0.590897      3.025898      2.956410      0.796610      0.687500      6.900000      0.729430      3.857532      0.342574      2.622469      2.957836      0.122375      3.571750      1.800000      2.200000      1.000000      1.600000      0.378526      0.569872      0.333497      0.594678      0.237024      0.234883      1.000000      1.600000      4.866667      4.333333      5.377778     11.422222      3.200000      2.800000      0.379359      0.855000      0.556305      1.000000      1.200000      0.000000      0.200000      0.000000      0.168421      0.000000      0.112281      0.000000      0.070391      0.000000      0.200000      0.000000      0.800000      0.000000      0.000000      1.400000      0.400000      0.033684      0.240000      0.859649
  1            9200          3218          4462         0.012          6922     8.678e-04     1.517e-01     2.877e-08     5.355e-07     5.336e+00     9.812e-06     1.795e+01     12.200000     14.200000      0.871923      0.913974     20.331522     27.718254      0.741641      0.784530     18.100000      0.917943     27.209921      0.052024      2.942661      3.288958      0.057687     13.782125      3.400000      3.600000      3.800000      3.800000      0.780000      0.982051      1.294055      1.450634     -0.360644      0.298333      1.400000      1.400000      5.133333      7.440000     11.177778     15.300889      5.200000      5.200000      0.881026      0.998000      0.117209      9.800000     10.000000     27.000000     30.600000      8.460000     11.932631     68.841896     55.457867      0.259769      1.367934      9.800000     13.400000      3.489570      4.685392      3.549687      4.776554     19.400000     40.400002     10.196316     15.723500      0.351524
  1            3988          2605          4320         0.105          9490     9.558e-04     2.865e-01     1.797e-08     2.187e-07     1.587e+01     2.499e-06     1.904e+01      9.500000     10.200000      0.835128      0.856026     10.885769     12.415257      0.785124      0.839506     13.400000      0.879114     14.677912      0.072625      2.708750      2.897898      0.088188     12.540750      2.600000      3.600000      1.800000      3.000000      0.740064      0.821474      1.151654      0.779405      0.353634     -0.154892      0.400000      1.600000      2.900000      4.245454      4.116667      3.616942      4.800000      3.400000      0.624615      0.726125      0.139796      3.800000      2.800000      3.000000      3.200000      0.692632      1.077895      0.560902      1.461387     -0.396167      0.451673      3.000000      3.200000      3.076667      3.800000      1.983944      6.300000      6.200000      6.200000      0.885263      1.700000      0.479257
  1            2518          1790          2201         0.930          6764     9.023e-04     2.937e-01     6.389e-06     1.484e-08     1.620e+01     2.556e-06     1.256e+01      9.700000      9.200000      0.719359      0.734231     36.606010     25.067932      0.560694      0.542773     15.100000      0.771994     34.421810      0.109411      3.069703      3.051178      0.183938     15.701969      1.200000      1.000000      0.200000      0.000000      0.142308      0.000000      0.122213      0.000000     -0.112704      0.000000      0.200000      0.000000      0.600000      0.000000      0.000000      0.000000      1.200000      0.200000      0.014231      0.015000      0.051282      4.000000      5.000000      4.000000      5.000000      0.694737      1.027368      0.852966      0.848978     -1.082093     -0.955632      3.800000      4.800000      1.405556      2.231667      2.220216      3.427486      8.000000      8.800000      0.861053      1.274000      0.324134
  2            9586          4368                                               1.925e-04     2.313e-01     2.613e-07     6.298e-07     1.777e+01     2.248e-06     7.197e+00      8.000000      6.900000      0.767308      0.713590     10.010241      9.033205      0.751174      0.638889     10.500000      0.797785     10.358192      0.132479      2.672104      2.338020      0.146313      3.780141      8.800000      8.000000     13.800000     13.600000      4.378205      3.280513     16.168602     12.235299      0.977733     -0.084288      5.000000      4.800000      7.956806      5.937500     24.446991     26.917274     15.400000     18.600000      3.829359      4.483500      0.145900      4.400000      3.000000      8.200000      4.400000      2.615789      1.697895      8.402468      3.920897      0.425987      0.980186      7.400000      3.600000      3.958993      4.200000      3.043698      1.200000      7.400000     11.800000      2.156842      4.870000      0.557117
  1            3044          3226          7640         0.971          8427     9.215e-04     2.648e-01     3.685e-08     7.365e-07     1.482e+01     7.777e-07     1.342e+01      9.300000      8.700000      0.774872      0.777179     17.441891     35.783333      0.704545      0.533742     13.800000      0.812215     35.938015      0.084692      2.906764      2.900934      0.152500     38.165970      2.400000      3.000000      1.400000      2.200000      0.400427      0.839744      0.257934      0.580432     -0.385106      0.047482      1.200000      2.000000      2.333333      2.975000     11.911111     15.205209      4.200000      3.400000      0.372051      0.504500      0.262535      2.800000      2.400000      1.800000      1.400000      0.596842      0.310526      0.398791      0.213383      0.398210     -0.332427      1.800000      1.400000      3.766667      3.100000      2.894444      0.050000      4.400000      3.400000      0.453684      1.160000      0.608893
  1            7548           628          1763         0.408          9635     4.133e-04     1.611e-01     7.095e-06     5.934e-07     2.667e+00     1.920e-07     5.047e+00      9.400000     10.200000      0.835385      0.842436     13.568750     12.515048      0.728682      0.741818     13.100000      0.854937     13.529711      0.036542      2.238982      2.305881      0.129438      2.578953      4.600000      5.000000      4.800000      5.000000      1.019744      1.110256      1.029301      1.471549     -0.564768     -0.294652      2.000000      2.200000      3.823810      3.125000     13.001927      9.252431      7.200000      7.000000      1.065000      1.113000      0.043127      2.000000      1.600000      1.200000      0.800000      0.345614      0.222807      0.326492      0.267567     -0.295524     -0.407978      0.600000      0.200000      0.920000      0.600000      0.048000      0.000000      2.200000      1.400000      0.170526      0.168000     -0.015038
  2            8245          2534                                               1.899e-04     1.319e-01     1.197e-06     6.021e-07     1.809e+01     5.555e-07     1.808e+01      7.000000      6.900000      0.748205      0.748077      4.233750      7.134231      0.933333      0.851852      9.200000      0.784684      6.215926      0.087639      2.080057      2.069776      0.179688      2.385344      6.200000      5.000000      5.800000      5.600000      1.443590      1.067949      3.060213      2.338678     -0.153919     -0.763918      2.600000      2.400000      5.386667      3.490000     17.500635      4.858389      9.200000      8.200000      1.255769      1.377250      0.088205      1.400000      2.200000      0.400000      1.200000      0.123684      0.342105      0.082665      0.212740     -0.088355     -0.278216      0.400000      1.200000      1.200000      2.700000      0.000000      4.050000      2.600000      1.600000      0.186316      0.520000      0.641700
  2             127          9235                                               7.315e-04     2.433e-01     2.344e-06     7.098e-07     4.033e+00     4.119e-06     3.663e+00      2.100000      1.900000      0.309615      0.162308      0.617500      0.206090      0.840000      0.826087      3.500000      0.527437     10.943607      0.709485      2.943043      2.825920      0.188375     41.621250      1.000000      1.200000      0.000000      0.200000      0.000000      0.012500      0.000000      0.011890      0.000000     -0.224821      0.000000      0.200000      0.000000      0.200000      0.000000      0.000000      1.800000      0.800000      0.005000      0.605000      0.991736      1.400000      1.200000      0.400000      0.200000      0.073684      0.078947      0.057577      0.048037     -0.250099      0.144523      0.400000      0.200000      0.800000      1.000000      0.000000      0.000000      2.600000      8.600000      0.076316      8.230000      0.990727
  2            2820          8192                                               7.045e-04     2.469e-01     4.158e-08     7.025e-07     1.375e+01     4.745e-06     1.618e+01      7.900000      6.500000      0.763462      0.740641     14.659808      9.404984      0.786070      0.738636     10.900000      0.829905     15.646626      0.170198      3.157059      2.921979      0.094187     14.877829      2.000000      2.200000      1.200000      1.200000      0.500000      0.315897      0.371855      0.207899      0.910693      0.052300      1.200000      1.200000      8.266666      4.666667      2.711111      7.244444      3.400000      2.600000      0.407949      0.920000      0.556578      3.600000      5.800000      3.600000     10.600000      0.963158      3.673684      1.126288      6.886137     -0.077873      0.839222      3.400000     10.400000      3.560000      4.741513      4.467556      5.878637      9.400000     19.799999      2.318421     10.057500      0.769483
  1            8489          3962          5574         0.906          6939     6.733e-04     1.299e-01     3.797e-07     6.160e-07     6.347e-01     1.238e-06     6.727e+00      9.900000      9.500000      0.853205      0.860000      9.584359     14.071795      0.838983      0.840708     12.600000      0.881614     15.240127      0.054694      2.526430      2.494143      0.094000     14.069000      8.000000      9.400000     10.600000     13.400000      2.468718      3.621026      5.870981     11.433207     -0.314100      0.387632      3.200000      6.000000      5.352273      7.044167     28.164484     34.094288     14.800000     16.600000      3.044872      3.635250      0.162404      3.400000      3.800000      3.000000      5.200000      0.814737      1.638947      0.686672      2.481387      0.307094     -0.011655      2.600000      4.800000      3.986667      2.615238      4.079111      2.679474      6.600000      7.800000      1.226842      1.651000      0.256910
  2            5357          1298                                               7.060e-04     1.019e-01     9.386e-07     5.950e-07     9.140e+00     8.680e-07     7.156e+00      8.500000      8.400000      0.809103      0.800897     12.670689      8.325224      0.769231      0.743363     10.600000      0.824747     10.467733      0.046286      1.986683      2.067595      0.156000      0.405516      4.400000      4.200000      5.600000      4.800000      1.559615      1.834936      2.526100      3.016668      0.119017      0.563183      2.000000      1.200000      5.810000      6.273846     27.581722     12.429349      6.200000      6.800000      1.357821      1.545500      0.121436      1.800000      1.400000      1.000000      0.200000      0.926316      0.097368      0.789752      0.078822      0.291493     -0.111571      1.000000      0.200000      2.333333      0.200000      5.377778      0.000000      2.400000      1.200000      0.204737      0.340000      0.397833
  2            3008          2505                                               6.710e-04     1.115e-01     2.886e-06     4.824e-07     1.993e+01     8.566e-06     7.842e+00      8.400000      8.000000      0.784487      0.807308      7.184792      5.621362      0.785047      0.893855     12.000000      0.847184      8.337722      0.112064      2.828873      2.998088      0.102812      7.962000      3.000000      3.200000      2.000000      2.200000      0.428718      0.538718      0.446304      0.387867      0.067181      0.048784      1.200000      1.400000      7.140000      5.000000      0.882000     17.373333      4.400000      3.400000      0.483718      0.529000      0.085599      5.600000      3.000000      8.200000      2.000000      2.469474      0.394737      4.837182      0.260858      0.223311     -0.679380      8.000000      1.800000      3.728889      1.800000      4.176938      2.622222      8.600000     13.000000      1.432105      5.890000      0.756858
  1            2660          5265          5732         0.882          7275     7.537e-04     2.077e-01     5.529e-06     9.234e-07     5.399e+00     4.907e-06     1.095e+01      6.600000      5.600000      0.738974      0.696923      4.226250      3.539487      0.874172      0.848485      8.700000      0.794241      5.366353      0.173376      2.683168      2.440464      0.131375      6.053906      4.000000      5.800000      4.200000      4.800000      0.905385      0.955128      0.865710      0.938891     -0.009313     -0.441869      4.000000      4.600000      6.821111      3.390000     15.337771     11.275500      9.000000      9.000000      0.930256      2.555500      0.635979      4.400000      4.000000      3.800000      4.000000      1.323158      1.255790      1.167157      1.512509      0.630137      0.183031      3.800000      4.000000      4.809524      3.880000      6.991610      4.076889      8.400000     10.000000      1.289474      4.090000      0.684725
  1            3479          1527          3735         0.510          3774     6.301e-04     1.233e-01     7.447e-07     8.095e-07     4.219e-01     5.911e-06     1.373e+01      7.600000      6.800000      0.763333      0.752820     10.495961      5.261795      0.783505      0.850000      9.700000      0.787184      8.799700      0.070790      2.234708      2.095943      0.184437      4.031188      4.200000      4.200000      5.200000      3.800000      1.239744      0.890513      2.553149      1.289978      0.142617     -0.159443      3.000000      1.600000      7.514286      3.774545     19.215647     10.534942      6.800000      6.800000      1.065128      1.322875      0.194838      5.000000      6.200000      5.600000      8.800000      1.746316      2.253684      3.863086      4.566533      0.211164     -0.295047      3.800000      7.000000      3.958974      3.035989      4.960815      2.303277     10.400000     12.600000      2.000000      2.512500      0.203980
  2            4881          7625                                               2.630e-04     2.640e-01     6.060e-07     8.434e-07     6.826e+00     9.338e-06     1.858e+01      6.400000      6.400000      0.728205      0.730769     26.523045     28.105640      0.584475      0.533333      9.800000      0.790032     31.190086      0.140926      2.789642      2.737451      0.150937     16.674906      4.600000      5.600000      5.600000      6.400000      1.298974      1.802051      1.955141      3.777395     -0.147627      0.268649      4.800000      5.600000      3.993333      6.980000      2.917960     24.393555      9.400000     11.600000      1.550513      2.450750      0.367331      7.200000      6.200000     12.800000     13.800000      3.945263      6.016842     11.721370     50.723465      0.118204      1.393031      9.600000     10.600000      3.992456      6.953333      9.267189     12.478278     13.200000     27.799999      4.981052     15.828000      0.685301
  2            4658          1804                                               8.298e-04     2.985e-01     2.760e-07     8.490e-07     1.085e+01     3.714e-06     6.396e+00     10.300000     10.700000      0.852308      0.823077     15.029535     20.512403      0.771536      0.730375     14.300000      0.870696     19.519316      0.071825      2.647306      2.673977      0.097125      7.794516      4.000000      4.600000      4.000000      4.600000      1.328974      1.122051      1.911334      1.437404      0.905143      0.276555      0.600000      1.200000      7.875000      7.188889     18.051043      5.091975      5.800000      5.200000      1.225513      1.437250      0.147321      3.600000      5.600000      3.400000      7.600000      0.918947      2.188421      1.048382      3.302027     -0.289708      0.070376      3.000000      7.200000      2.155555      3.940635      2.667901     10.055543      9.200000     12.000000      1.553684      4.430000      0.649281
  2            1631          8319                                               3.409e-04     1.251e-01     6.941e-07     1.829e-07     8.461e+00     3.971e-06     1.831e+01      3.600000      4.300000      0.479359      0.486795      0.826346      1.474038      0.972973      0.914894      6.400000      0.711361      3.423797      0.482947      3.208201      3.404294      0.066063      9.038250      1.600000      1.400000      0.600000      0.400000      0.121154      0.461538      0.105394      0.247892     -0.448008      0.550072      0.600000      0.400000      0.600000      5.600000      0.200000      0.000000      2.000000      1.000000      0.116538      0.205000      0.431520      2.800000      2.400000      2.000000      1.400000      0.477895      0.561053      0.461030      0.283258     -0.265053      1.014148      2.000000      1.400000      2.333333      7.400000      1.888889      6.400000      4.800000      5.200000      0.519474      3.210000      0.838170
  2            6922          1864                                               5.431e-04     1.047e-01     2.478e-06     3.812e-07     1.091e+01     7.163e-06     1.191e+01      9.700000      9.100000      0.806026      0.813205     16.325064     13.822340      0.763780      0.745902     12.200000      0.831392     16.320862      0.050764      2.457424      2.313926      0.147375      5.679969      5.800000      5.200000      6.200000      5.800000      1.300000      1.510000      2.460390      2.611256     -0.663173      0.041695      2.400000      2.000000      3.482540      4.863333      7.273872     18.625183      8.200000      8.200000      1.405000      1.532375      0.083123      8.600000      8.800000     13.200000     21.000000      3.556842      4.824211      8.778664     15.092960     -0.175286     -0.878205      8.000000     15.800000      3.186667      2.026765      5.177444      2.697350     16.799999     29.000000      4.190526      5.769000      0.273613
  2            3391          1963                                               9.590e-04     1.938e-01     1.828e-08     1.951e-07     1.043e+01     4.507e-06     1.267e+01      7.500000      7.500000      0.759359      0.776795      6.904231      6.228462      0.765306      0.721154     10.300000      0.815190      7.480570      0.108113      2.430869      2.530126      0.138875      3.939500      2.200000      1.200000      1.200000      0.200000      0.491667      0.255769      0.342585      0.125094      0.023087      0.335766      1.000000      0.000000      3.800000      3.800000      0.160000      0.000000      2.200000      1.200000      0.149487      0.149250     -0.001589      3.600000      2.200000      3.600000      1.400000      0.568421      0.291579      0.851763      0.280774     -1.082956     -0.422520      3.400000      1.200000      1.794286      2.000000      0.344599      0.933333      5.600000      9.200000      0.430000      5.714000      0.924746
  1            4750          4389          6069         0.252          7406     1.272e-04     1.235e-01     8.285e-06     5.602e-07     5.092e+00     8.151e-06     8.612e+00      5.200000      4.600000      0.611410      0.556282      2.456314      1.673093      0.920354      0.910891      7.100000      0.656203      2.281111      0.196585      2.134210      2.004227      0.273250      0.958047      4.400000      6.000000      5.800000      8.200000      1.597436      2.328718      3.301057      5.388283      0.053639      0.366406      2.000000      4.400000      5.657143      6.793334     19.676531     25.902445      9.000000     10.200000      1.963077      2.339875      0.161033      6.400000      6.800000      9.000000     11.200000      2.006316      3.894737      2.757282     16.926994     -0.714403      0.578574      7.000000      9.200000      2.577839      3.351840      4.478680      3.254150     13.200000     23.200001      2.950526     11.569500      0.744974
  1            7176          7171          7246         0.223          9333     4.804e-04     1.693e-01     1.046e-08     6.850e-07     1.985e+01     6.956e-06     8.595e+00      8.600000      8.700000      0.759231      0.763718      7.949808     17.261923      0.785388      0.707317     13.200000      0.818101     13.528212      0.128922      2.980966      3.244235      0.126687      4.273562      8.200000      8.200000      9.600000     10.800000      2.183333      2.342051      2.373233      3.452649     -0.051381     -0.185931      7.400000      8.600000      6.146212      5.636788     25.155989     26.976213     15.600000     18.200001      2.262692      3.038500      0.255326      8.200000      6.400000     15.200000     20.000000      4.896842      4.297895     11.714297     43.226215      0.621826     -0.755783     11.600000     16.400000      4.682869      2.595240     10.686200      2.521183     14.600000     32.000000      4.597368      8.475000      0.457538
  2            7722          7808                                               7.481e-04     2.036e-01     2.261e-08     5.759e-08     2.408e+00     9.163e-06     1.146e+01     12.800000     11.600000      0.887179      0.863462     21.362677     20.069664      0.775758      0.722741     17.400000      0.910222     22.812950      0.072781      3.347890      3.235582      0.055750      9.318093      1.800000      2.200000      1.200000      1.600000      0.397179      0.315641      0.518882      0.357053      0.261530     -0.242764      0.400000      0.800000      3.350000      3.600000      6.537500      5.400000      2.600000      2.000000      0.356410      0.437250      0.184882      9.800000     11.600000     30.799999     21.000000      7.992631      5.152632     76.047615      8.252559     -0.299523     -0.331487     19.000000      9.200000      2.827033      3.366913      2.526431      6.880818     21.400000     43.200001      6.572631     16.844999      0.609817
  1            7430          5974          7191         0.976          8964     7.028e-04     2.045e-01     1.533e-06     6.743e-07     1.082e+01     7.249e-06     1.089e+01     12.700000     10.900000      0.828718      0.876026     35.984280     32.999969      0.616505      0.503464     17.600000      0.890538     39.170361      0.082174      3.296870      3.225806      0.072250     20.203640      4.600000      4.800000      4.600000      4.600000      1.117180      0.568718      1.461065      0.593291      0.361351     -1.139349      3.200000      3.200000      7.860000      2.911111      8.733429     10.053086      7.800000      7.800000      0.842949      0.948500      0.111282      5.600000      6.200000     15.400000     11.200000      6.311579      3.026316     39.209770      8.083871      1.482709     -0.147192     12.200000      8.000000      5.320753      3.152992      4.683797      2.317848     11.600000     23.600000      4.668947      8.142500      0.426595
  2            9344          1263                                               4.663e-04     1.130e-01     6.199e-08     5.770e-07     1.228e+01     4.517e-06     1.921e+00      9.800000      7.800000      0.809231      0.805000     10.879167      8.211859      0.765625      0.735849     11.400000      0.824873      9.538639      0.041812      2.265955      2.021404      0.157813      0.450125      6.400000      5.000000      7.200000      5.600000      1.665641      1.792564      3.558864      4.063406     -0.296099      0.404067      3.200000      1.600000      4.811905      6.155556     19.713238     15.437531      8.600000      8.800000      1.729103      1.779875      0.028526      6.600000      6.600000      6.800000      7.200000      1.568421      1.783158      1.762462      2.232370     -0.512299     -0.331029      4.400000      4.800000      2.612063      2.625108      3.601600      3.310484     11.600000     11.600000      1.675789      1.891500      0.114042
  1            2961          1635          1827         0.755          2784     7.097e-04     2.498e-01     2.904e-08     7.249e-07     1.745e+01     2.455e-06     5.862e+00      7.200000      7.100000      0.762436      0.782564      9.767564     18.677547      0.605042      0.625551     10.000000      0.804177     15.738651      0.074762      2.331972      2.426517      0.164937      6.699703      5.200000      5.400000      5.600000      5.400000      1.614359      1.218974      2.468328      1.350233      0.463640     -0.113230      3.200000      3.000000      7.993651      5.601587     22.612232     19.158718      8.600000      8.600000      1.416667      2.139625      0.337890      2.600000      3.200000      1.800000      2.800000      0.648684      1.011842      0.437322      0.952708     -0.011122      0.348269      1.600000      2.600000      1.906667      4.140000      0.689778      2.842000      4.800000      4.400000      0.664210      0.935000      0.289614
  2            7015          8725                                               1.696e-04     1.722e-01     1.323e-06     3.336e-07     1.773e+01     7.732e-06     2.286e+00      5.500000      5.600000      0.664359      0.613718      3.310353      2.585962      0.866142      0.991150      7.900000      0.732025      3.714264      0.222622      2.223778      2.276546      0.177312      3.173531      3.200000      4.200000      2.200000      3.400000      0.579487      0.555385      0.340829      0.474252      0.208072     -0.775961      2.000000      3.200000      6.853333      3.700000     13.452444     12.475000      6.200000      5.400000      0.567436      0.770000      0.263070      8.600000      6.600000     22.799999     14.600000      8.265264      3.496842     37.897644      8.518128      1.125919     -0.541154     16.799999      8.600000      3.937372      2.563887      5.487541      5.085065     15.200000     32.000000      5.881052     13.765000      0.572753
  2            4187          3269                                               9.941e-04     2.880e-01     3.012e-07     4.102e-07     1.003e+01     2.842e-06     1.015e+01     11.100000     10.300000      0.862051      0.854103     29.737164     28.323046      0.678899      0.556757     15.500000      0.893354     35.050945      0.075579      3.221561      3.224011      0.072250     25.233828      3.400000      2.200000      2.200000      1.200000      0.598205      0.324359      0.394490      0.206798      0.270121      0.277279      2.000000      1.000000      6.000000      5.800000     21.980000      0.133333      4.400000      3.200000      0.461282      0.612500      0.246886      4.000000      3.000000      6.600000      2.000000      1.847368      0.460000      3.751429      0.294419      0.057773     -0.415916      6.200000      1.600000      3.614848      1.983333      1.698595      1.598611      6.600000      8.600000      1.153684      2.542500      0.546240
  2            8302          7182                                               2.375e-04     1.544e-01     4.305e-08     4.921e-07     1.655e+01     5.631e-06     2.449e+00      6.100000      7.000000      0.738205      0.706026      3.327564      3.338782      0.847222      0.921053      8.800000      0.772785      3.930649      0.121647      1.992042      2.075268      0.177813      2.526687      5.000000      5.600000      6.200000      5.600000      1.746154      1.403846      3.907494      1.817784      0.220588      0.066252      3.800000      3.200000      5.426190      5.445252     18.455301     10.710973      9.600000      9.400000      1.575000      2.068625      0.238625      9.800000      7.200000     20.600000     11.000000      6.761053      2.670526     41.981659      4.550359      0.462893     -0.384719     15.000000      5.400000      3.798248      2.927857      3.462408      6.117270     16.799999     27.200001      4.715789     10.790000      0.562948
  2            6319          9476                                               8.585e-04     1.270e-01     9.587e-08     6.445e-07     1.542e+01     4.693e-07     5.613e+00     12.000000     11.400000      0.885897      0.884231     36.132935     28.271730      0.650406      0.686747     17.799999      0.922437     38.660248      0.077524      3.883922      3.751843      0.041125     27.118891      8.800000      8.200000     14.200000     11.400000      3.517692      3.185385     11.068287      8.436874      0.069698      0.410988      9.800000      7.000000      6.854567      7.236018     27.020929     35.431717     16.600000     21.200001      3.351538      5.448625      0.384884      2.600000      1.800000      1.800000      0.800000      0.585263      0.147368      0.424071      0.110710      0.293023     -0.412569      1.600000      0.600000      3.600000      1.200000      5.155556      0.200000      4.200000      3.400000      0.366316      1.602000      0.771338
  1            7467          1441          3784         0.547          4483     9.760e-04     2.371e-01     1.062e-08     9.151e-07     6.997e+00     9.355e-06     6.620e-01     13.000000     12.900000      0.896923      0.895256     36.902470     34.760498      0.622010      0.627737     18.600000      0.912816     37.503902      0.035241      3.130263      3.071753      0.070875      8.397640      7.800000      9.600000      9.200000     11.200000      2.398205      2.508974      4.815523      5.380669      0.231245     -0.246748      3.200000      5.200000      6.820000      5.462912     28.731333     23.745430     13.600000     14.400000      2.453590      2.764000      0.112305     11.000000      6.600000     19.000000     13.000000      6.044210      3.593684     13.938970     14.690905      0.480739     -0.111593     10.400000      4.400000      3.974620      3.051742      7.990861      3.783231     17.200001     23.400000      4.818947      6.965500      0.308169
  1            8163          1355          6239         0.849          6491     3.845e-04     2.494e-01     9.604e-06     2.269e-07     1.861e+01     8.543e-06     2.681e+00      9.100000      9.500000      0.780641      0.803462     16.464022     11.856042      0.722222      0.753968     12.200000      0.817373     14.745087      0.059483      2.193604      2.381517      0.157937      3.018969      3.600000      2.600000      2.800000      1.800000      0.685577      0.508013      0.499145      0.317717     -0.404938      0.060902      2.000000      1.000000      3.140000      6.520000      6.447000     20.087999      4.400000      3.800000      0.477436      0.534500      0.106762      7.600000      7.400000     16.600000     18.799999      6.391579      6.368421     25.098825     23.100363      1.492803      0.717538      5.200000      7.400000      5.971385      4.145081      9.420769      6.323620     14.200000     24.000000      6.380000      6.966000      0.084123
  1            7173          1552          2799         0.951          7572     6.095e-04     1.813e-01     4.704e-07     2.815e-07     1.245e+01     5.424e-06     9.051e+00      8.800000      9.300000      0.824359      0.830000     10.199039     10.481346      0.778761      0.808696     11.600000      0.853703     11.531075      0.059939      2.415414      2.230872      0.120438      5.221000      4.200000      5.200000      3.800000      4.800000      1.542308      1.643910      1.714474      1.649804      0.728545      0.375189      0.800000      1.800000      7.410000      6.633333     19.885500     33.216984      6.400000      5.600000      1.274487      1.381250      0.077294      8.600000      7.000000      8.600000      9.200000      2.037895      2.252632      1.876814      2.487252     -0.505863     -0.450584      7.000000      7.600000      2.964444      3.256433      6.158617      9.021233     14.800000     16.200001      2.145263      2.696500      0.204427
  1            9038          1021          1067         0.436          7388     3.484e-04     2.166e-01     4.380e-07     4.352e-07     1.544e+01     2.865e-06     1.846e+01      9.600000      9.900000      0.825000      0.838590     10.176122     12.329679      0.796681      0.776471     12.400000      0.847658     11.503695      0.036549      2.228671      2.245560      0.136875      1.553281      5.400000      7.200000      4.600000      7.000000      0.967692      1.050256      1.128227      1.189189     -0.347998     -1.009183      1.800000      4.200000      3.125000      2.539048     13.613542      9.505234      9.400000      8.800000      1.008974      1.115375      0.095394      5.000000      5.600000      8.800000      7.800000      3.074737      3.017895      6.282578      7.440886      0.794127      1.276875      4.400000      3.400000      4.682644      5.784829      4.607830      5.547353      8.600000     12.200000      3.046316      3.212500      0.051730
  2            8935          8986                                               8.178e-04     1.059e-01     6.706e-07     7.239e-07     4.646e+00     3.973e-07     6.378e+00     10.300000     10.200000      0.809359      0.857051     17.734215     13.716218      0.710345      0.708333     15.700000      0.888987     21.108002      0.117042      3.436310      3.532193      0.056625     22.048265      9.600000      8.800000     11.000000      9.800000      2.190000      2.037949      1.842116      4.690718     -0.367500     -0.267332      8.200000      7.000000      5.310615      5.995960     22.628870     25.720890     17.600000     18.200001      2.113974      3.075000      0.312529      2.000000      1.600000      1.200000      0.600000      0.805263      0.433333      0.663019      0.341975      0.503642      0.287040      1.200000      0.600000      3.100000      1.400000      1.650000      1.733333      2.600000      1.800000      0.371579      0.640000      0.419408
  2            9024          9650                                               7.278e-04     1.576e-01     1.963e-06     5.132e-07     5.553e+00     2.695e-06     2.622e+00     11.500000     11.900000      0.854487      0.870128     52.006649     43.552277      0.670554      0.646739     17.400000      0.891772     51.799656      0.062795      3.140405      3.049742      0.079500     18.268734      5.200000      6.200000      7.800000      6.400000      2.362821      1.576667      9.897046      1.543501      0.281305     -0.109388      5.200000      3.800000      6.440000      5.408333     16.314222     23.042431     10.200000     11.600000      1.969744      2.968000      0.336340      7.400000      7.400000     11.000000     10.200000      4.053684      2.400000     13.373629      4.352303      0.983464     -0.588281      9.600000      8.800000      4.727485      2.768889     10.252266      3.713827     14.800000     21.400000      3.226842      8.647500      0.626847
  1            6221          2564          2658         0.433          5312     9.991e-04     2.295e-01     3.886e-07     3.680e-07     7.840e+00     2.701e-06     8.987e+00     11.900000     12.900000      0.885513      0.889872     30.481699     37.692146      0.687861      0.671875     17.200001      0.906076     37.262516      0.039787      2.864762      2.962675      0.076000     14.247937      4.800000      3.800000      4.200000      3.400000      0.757179      0.532564      0.650964      0.525516     -0.262174     -0.587357      3.200000      2.400000      6.833333      4.400000      5.316667     10.225000      7.000000      6.600000      0.644872      0.685000      0.058581      4.800000      4.600000      5.000000      5.200000      1.658947      1.777895      2.327608      2.669602      0.587114      0.692949      3.200000      3.400000      4.540000      5.009231      3.582000      7.906035      8.000000      8.400000      1.718421      2.450000      0.298604
  2            3143          7531                                               4.698e-04     2.343e-01     1.981e-06     3.676e-08     4.795e+00     9.061e-06     1.398e+01      6.300000      6.600000      0.750641      0.748462      5.392436      4.537885      0.736842      0.835443      9.800000      0.813797      9.934921      0.143963      2.801083      2.715341      0.123562     19.878813      1.400000      1.200000      0.400000      0.200000      0.179487      0.225000      0.130608      0.123909     -0.089328      0.261021      0.400000      0.200000      0.800000      2.600000      0.800000      0.000000      1.600000      0.600000      0.080897      0.245000      0.669806      5.400000      5.200000      5.000000     13.400000      1.297895      6.247368      0.971111     32.661114     -0.378991      2.396010      4.000000     12.400000      2.870000      7.675530      3.677722      7.607708     10.600000     23.400000      3.772632     13.412000      0.718712
  1            8590          6929          7939         0.104          9288     8.666e-04     2.852e-01     1.876e-07     2.404e-07     1.311e+01     6.900e-06     3.017e+00     13.900000     13.000000      0.909487      0.907308     47.320736     50.306297      0.595289      0.604651     20.900000      0.935411     54.433407      0.056202      3.917020      3.842538      0.038250     24.639235      3.000000      3.400000      2.400000      3.000000      0.751026      0.862308      0.643491      0.871402      0.469029      0.766107      1.400000      2.000000      6.790000      9.916667     23.629499     15.765278      5.000000      4.400000      0.806667      0.999750      0.193132      6.600000      7.200000     11.600000     11.000000      2.878947      3.003158     10.213406      6.978218     -0.471232     -0.099397      8.800000      8.200000      2.833430      3.110256      3.701913      2.731839     13.800000     19.799999      2.941053      5.415500      0.456919
  1            9934           165          2124         0.028          3760     9.309e-04     1.661e-01     1.507e-06     1.092e-07     1.820e+01     5.916e-06     1.084e+01     10.200000     11.400000      0.829231      0.859487     13.827100     19.783558      0.775665      0.802817     13.100000      0.853797     16.817671      0.021925      1.942911      2.191810      0.137000      0.889016      2.600000      2.600000      1.600000      1.600000      0.439231      0.378718      0.269635      0.230057      0.117790     -0.238023      0.200000      0.200000      6.100000      4.633333      7.650000      7.827778      2.800000      1.800000      0.408974      0.405500     -0.008568      7.800000      7.200000     13.200000     13.000000      4.117895      4.157895      9.538212      8.127474     -0.164627      0.206773      2.400000      2.200000      2.929293      3.456191      4.331048      3.088261     11.000000     15.400000      4.137895      4.120000     -0.004343
  2            8322          1120                                               9.547e-04     2.574e-01     1.433e-07     6.229e-07     1.182e+01     4.384e-06     1.459e+00     13.000000     13.200000      0.870256      0.883718     22.842163     38.748894      0.678851      0.643902     17.900000      0.889715     33.026070      0.028536      2.724176      2.702210      0.097875     10.350407      5.800000      6.600000      6.400000      7.600000      1.861795      1.958974      3.501478      3.677845      0.434704      0.208692      2.000000      3.200000      5.440714      7.129412     18.985140     26.748615      9.200000      9.600000      1.910385      2.053375      0.069637      6.400000      7.600000      7.000000     12.000000      1.817895      4.011579      2.520418      7.789802      0.056383      0.715857      5.200000     10.200000      3.637727      4.551908      3.538110      5.106318     13.800000     17.200001      2.914737      4.861500      0.400445
  1             280          2239          2888         0.993          7404     8.371e-04     2.582e-01     2.117e-08     4.559e-07     3.927e+00     2.809e-06     1.329e+01      3.000000      3.500000      0.402179      0.468974      2.299167      1.700128      0.588235      0.795455      4.900000      0.644905      3.510997      0.486858      2.440320      2.871439      0.151000      6.069812      1.000000      1.000000      0.000000      0.000000      0.000000      0.000000      0.000000      0.000000      0.000000      0.000000      0.000000      0.000000      0.000000      0.000000      0.000000      0.000000      1.000000      0.000000      0.000000      0.000000      0.000000      1.800000      1.200000      0.800000      0.200000      0.097895      0.020000      0.081777      0.018095     -0.693897     -0.232878      0.800000      0.200000      0.700000      0.200000      0.050000      0.000000      2.600000      2.400000      0.058947      1.830000      0.967788
  1            7525           658          3094         0.075          6283     4.047e-04     1.536e-01     1.692e-08     2.413e-08     1.004e+01     5.353e-06     1.443e+01      8.100000      7.300000      0.752436      0.757564      9.133590      6.636987      0.810000      0.784946      9.600000      0.776740      8.162674      0.053316      1.823968      1.797866      0.202063      1.489938      1.200000      1.200000      0.200000      0.200000      0.450000      0.492308      0.247818      0.250262      0.261021      0.312409      0.000000      0.000000      2.600000      3.200000      0.000000      0.000000      1.200000      0.200000      0.094231      0.093000     -0.013234      7.000000      9.600000      9.200000     12.200000      2.004210      3.049474      2.857388      4.235194     -0.609901     -0.530773      4.600000      7.600000      3.249019      2.811852      9.025808      4.443001     14.600000     16.799999      2.526842      2.944500      0.141843
  1            8454           875          3856         0.913          6625     9.333e-04     1.370e-01     2.210e-06     8.505e-07     1.116e+01     1.390e-06     7.210e+00     11.000000     11.900000      0.853333      0.877949     16.359936     20.750240      0.738255      0.732308     14.600000      0.880506     19.266262      0.032490      2.288135      2.494470      0.105000      3.736891      9.400000      9.400000     13.200000     15.200000      2.802051      3.359487     10.411733     11.738595     -0.407994      0.018368      3.600000      5.600000      4.695238      6.644862     16.425838     28.224394     15.000000     18.799999      3.080769      3.173750      0.029297      3.000000      2.600000      2.400000      2.200000      0.901316      0.482895      0.866952      0.776351      0.299973     -0.554171      1.600000      1.400000      3.500000      1.266667      4.200000      0.811111      4.200000      3.800000      0.553684      0.631000      0.122529
  2            3114          9305                                               7.370e-04     2.736e-01     6.153e-08     6.556e-07     1.039e+01     4.538e-06     6.794e+00     10.400000      9.200000      0.850000      0.822051     34.029213     14.674391      0.592593      0.671533     15.600000      0.882911     32.473991      0.099829      3.429856      3.451816      0.071375     33.300236      3.000000      5.800000      3.400000      5.200000      0.957179      1.046154      1.402368      0.963912      0.055055     -0.356848      2.800000      4.600000      5.685714      5.105556      9.234694     20.172068      8.200000      8.200000      1.001667      2.096250      0.522163      3.400000      3.000000      3.200000      3.000000      1.114737      1.253684      1.086277      1.482679      0.617387      1.324386      3.000000      2.800000      4.833333      6.400000      6.983333      2.675000      6.400000      9.400000      1.184211      5.973500      0.801756
  2            7012          7296                                               9.269e-04     2.120e-01     3.729e-07     6.698e-08     1.400e+01     2.504e-06     3.775e+00      9.100000      9.800000      0.803846      0.834744     13.455705     11.016859      0.674074      0.759690     13.500000      0.858892     15.256678      0.087231      2.808562      2.930192      0.102500     12.542375      2.000000      1.800000      1.400000      1.200000      0.663782      0.457051      0.810832      0.617997      0.533112      0.036121      0.800000      0.600000      5.950000      2.480000     11.337500      9.728000      2.600000      2.000000      0.448333      0.521750      0.140712      5.200000      6.600000     13.200000      9.200000      3.496842      3.260000     21.485212      7.667975     -0.073751      0.905560     10.400000      6.400000      3.588567      5.407013      5.718973     12.160274     11.600000     20.000000      3.378421      7.157500      0.527989
  1            1972          5996          7872         0.511          9318     7.596e-04     1.481e-01     6.024e-07     2.305e-08     1.238e+00     7.318e-06     1.941e+01      5.100000      5.500000      0.682949      0.695385      3.409487      2.112564      0.850000      0.916667      7.900000      0.784937      4.389937      0.215976      2.963444      2.699300      0.121688      6.572250      1.400000      1.000000      0.400000      0.000000      0.345513      0.000000      0.211727      0.000000      0.268221      0.000000      0.400000      0.000000      3.800000      0.000000      0.000000      0.000000      1.600000      0.600000      0.069103      0.295000      0.765754      4.400000      3.600000      5.200000      8.000000      2.232632      2.652632      4.998836     12.480991      1.477804      0.607488      4.400000      7.200000      7.328889      4.406863      6.451753      4.445843      8.000000     19.400000      2.442631     12.090000      0.797963
  1            6900           525          8816         0.161          9426     3.900e-04     2.747e-01     2.833e-06     8.682e-07     5.278e-01     1.592e-06     8.853e-01      9.000000      8.300000      0.817949      0.782051     19.500000     18.764439      0.786026      0.640927     10.400000      0.813354     19.374544      0.031837      1.923303      1.747200      0.173625      1.913797      6.400000      5.600000      5.400000      5.200000      1.189744      1.213590      0.910210      0.970918     -0.353187     -0.064743      1.800000      1.600000      4.409524      4.960000     15.685261     22.380888      8.000000      7.000000      1.201667      1.214250      0.010363      5.000000      4.800000      6.000000      6.800000      1.577895      1.783158      3.015299      3.062690     -0.398858     -0.498645      1.800000      2.600000      2.550000      2.486111      2.337500      1.819406      7.400000      8.600000      1.680526      1.955500      0.140616
  2            4840          3206                                               8.405e-04     1.254e-01     3.972e-07     7.191e-07     6.799e+00     2.767e-06     1.015e+01      8.700000      8.800000      0.808718      0.794103      7.026859      7.615833      0.805556      0.842105     11.600000      0.829241      7.795538      0.064754      2.430807      2.383857      0.143625      2.239125      5.800000      6.000000      7.000000      8.600000      1.705385      2.175641      3.873674      5.748266     -0.038134     -0.055276      3.200000      4.800000      5.521429      5.010263     26.196117     10.585789     10.000000     11.800000      1.940513      2.760125      0.296947      5.000000      4.800000      4.800000      4.000000      1.337895      1.242105      1.155828      0.861498      0.117771      0.250493      3.600000      2.800000      3.300000      3.795238      6.140000      2.023696      9.400000      8.200000      1.290000      2.287500      0.436066
  2            5382          9102                                               7.232e-04     2.912e-01     3.242e-06     6.227e-07     1.605e+01     3.504e-06     5.208e+00     10.100000      8.300000      0.780128      0.800641     27.126074      9.281474      0.662295      0.664000     15.000000      0.860886     35.643761      0.149912      3.632202      3.601909      0.070375     69.798141      3.000000      3.400000      2.400000      3.600000      0.659744      0.767179      0.759480      1.236051      0.026335     -0.207061      2.000000      3.200000      5.700000      5.441667      8.325000     19.324654      5.600000      6.000000      0.713462      2.242000      0.681774      4.000000      4.400000      3.400000      7.200000      0.917895      3.084211      1.253512      9.110922     -0.042341      1.634860      2.400000      6.200000      2.366667      7.414286      1.661111     11.641837      8.200000     10.800000      2.001053      4.806000      0.583634
  1            7176           339           831         0.086          6882     4.608e-04     2.240e-01     9.433e-08     8.270e-07     1.893e+01     8.901e-06     4.233e+00      9.600000      8.500000      0.773077      0.780000     11.417115     10.710561      0.780488      0.729614     10.900000      0.783070     11.492227      0.016455      1.837578      1.702806      0.210562      2.245328      7.600000      6.400000      9.200000      8.200000      2.275385      2.216923      3.063548      3.091087      0.223535      0.521610      2.600000      1.600000      7.172418      8.304913     30.946810     23.260305      9.600000     10.800000      2.246154      2.246000     -0.000068      6.600000      9.000000     18.400000     21.000000      6.621053      8.435789     34.425587     35.209457      0.979300      1.593323      3.200000      5.800000      4.372291      5.345668      2.538626      6.987526     13.200000     24.200001      7.528421      7.583000      0.007198
  1            1004          7258          9044         0.964          9280     6.687e-04     1.906e-01     4.759e-06     6.532e-08     1.091e+01     4.106e-06     1.777e+01      4.200000      5.300000      0.549744      0.633718      0.935449      3.662179      0.933333      0.757143      7.900000      0.740127      4.764446      0.331036      3.251563      3.459558      0.115188      9.854188      1.000000      1.000000      0.000000      0.000000      0.000000      0.000000      0.000000      0.000000      0.000000      0.000000      0.000000      0.000000      0.000000      0.000000      0.000000      0.000000      1.000000      0.000000      0.000000      0.000000      0.000000      2.400000      1.600000      1.600000      0.600000      0.283158      0.113684      0.269457      0.092632     -0.649990     -0.354930      1.600000      0.600000      1.533333      1.200000      0.177778      0.000000      3.800000      6.600000      0.198421      5.250000      0.962206
  1            7864          1020          4050         0.093          9551     3.356e-04     1.798e-01     2.551e-06     3.507e-07     9.743e+00     3.407e-06     1.557e+01      8.500000      8.300000      0.816026      0.784103      8.025305      6.227228      0.765766      0.794258     10.900000      0.814715      7.283497      0.035379      2.061901      1.870475      0.171000      0.977375      3.400000      4.600000      3.800000      4.800000      1.189487      1.130769      1.973881      1.800611      0.459695     -0.266174      0.800000      1.800000      7.873809      4.850000     16.872761     16.343750      5.400000      5.600000      1.160128      1.273250      0.088845      5.000000      5.000000     13.600000     11.800000      2.680000      4.992631     20.718473     25.240084     -0.970411      1.554971      3.600000      1.800000      2.141667      5.443590      0.480208      2.447955      8.400000     15.400000      3.836316      4.587500      0.163746
  1            5166            71           155         0.138          8481     7.361e-04     1.663e-01     3.136e-08     8.099e-07     1.770e+01     8.413e-07     3.480e+00     11.100000     11.100000      0.846282      0.848590     23.140833     22.182308      0.737542      0.732673     13.400000      0.852532     22.531313      0.011892      2.042633      2.037366      0.142500      0.618563      4.400000      4.200000      3.800000      3.400000      0.538205      0.524872      0.542050      0.449698     -0.733838     -0.657602      1.400000      1.000000      4.666667      3.140000     19.622223     15.055333      5.400000      4.800000      0.531538      0.537500      0.011091      3.400000      2.800000      3.200000      2.800000      0.757895      0.817895      1.280167      1.487892     -0.300427     -0.156864      0.400000      0.000000      2.675000      3.185714      0.546875      2.213265      3.400000      3.200000      0.787895      0.800000      0.015132
  1            2867           457           502         0.839          7321     6.238e-04     1.932e-01     2.235e-08     9.134e-07     1.954e+01     5.991e-06     6.970e+00      8.300000      9.000000      0.759487      0.808590     16.002563     13.460641      0.614815      0.731707     11.500000      0.820823     15.578164      0.084678      2.164760      2.481248      0.143312      4.080500      8.800000      7.600000     10.400000      8.800000      2.607051      2.452564      4.015555      3.690271     -0.301195     -0.117721      5.000000      3.400000      4.316374      4.777778     19.434105     21.931789     13.000000     13.800000      2.023846      2.081750      0.027815      4.800000      4.000000      4.200000      4.400000      0.937895      1.164211      0.721732      1.772576     -0.412882     -0.149757      3.800000      4.000000      3.352857      3.213333      6.237459      2.149111      7.800000      8.200000      1.051053      1.304000      0.193978
  2            2413          4032                                               4.635e-04     1.619e-01     1.438e-08     5.510e-07     2.294e+00     6.204e-06     1.310e+01      4.100000      4.700000      0.603590      0.618590      2.823974      3.316282      0.803922      0.783333      6.300000      0.711234      4.071203      0.245134      2.488366      2.319222      0.191125      4.107750      3.200000      2.200000      2.800000      1.800000      0.676667      0.506923      0.885246      1.248030     -0.014288     -0.189079      2.000000      1.000000      3.891428      2.966667      2.678204      4.161111      4.600000      3.800000      0.591795      0.960500      0.383868      2.400000      3.600000      1.800000      3.200000      0.572368      1.065789      1.305841      1.476817     -0.315289     -0.140748      1.600000      3.000000      1.400000      2.550000      0.900000      2.437500      5.800000      5.800000      0.655263      2.626000      0.750471
  1            2997          2043          5290         0.308          7252     1.859e-04     1.217e-01     1.950e-07     7.660e-07     1.075e+01     7.951e-06     1.779e+01      3.600000      4.000000      0.514103      0.641795      0.511410      1.203253      1.000000      0.975610      4.400000      0.620443      0.901752      0.126684      1.113324      1.414245      0.338125      0.218328      5.200000      3.000000      5.600000      1.800000      1.030769      0.510513      1.067143      0.373858     -0.475449      0.195771      4.800000      1.000000      5.090909      3.650000     24.453718      9.887500      6.800000      6.600000      0.770641      1.106000      0.303218      5.400000      4.400000      8.400000      3.800000      2.847368      0.812632      5.790215      0.713105      0.719947     -0.438781      7.600000      3.000000      4.703333      2.291667      6.851056      2.745486      9.400000     12.200000      1.830000      3.552000      0.484797
  2            9240           971                                               8.251e-04     1.332e-01     3.417e-08     1.465e-07     6.405e+00     6.827e-06     1.974e+01      9.900000     10.800000      0.803462      0.842692     16.757437     15.009167      0.755725      0.729730     13.100000      0.837215     16.323465      0.032562      2.125631      2.183039      0.149000      2.532813      2.200000      2.000000      1.200000      1.000000      0.678205      0.669872      0.514109      0.503080     -0.122853     -0.013908      0.400000      0.200000      1.950000      2.250000      5.287500      8.437500      2.400000      1.400000      0.269615      0.267250     -0.008851      8.400000      6.800000     19.799999     18.600000      7.576842      4.481052     42.025253     17.365942      1.323546     -0.555315      4.200000      3.000000      5.066453      3.425714      9.086725     12.673628     13.200000     22.799999      6.028947      9.332000      0.353949
  2            3966           425                                               5.066e-04     1.165e-01     6.086e-07     3.140e-07     1.657e+01     9.554e-06     1.450e+01      5.500000      6.300000      0.665256      0.664744      5.586859      7.715112      0.662651      0.732558      6.900000      0.676867      6.679490      0.033471      1.244460      1.361556      0.311563      0.445141      4.000000      3.600000      3.400000      3.200000      1.037500      0.877564      1.376573      1.197759     -0.097127     -0.237040      1.200000      1.000000      4.800000      4.369524     22.322222     18.589642      5.200000      4.400000      0.766026      0.782250      0.020741      7.000000      6.800000     13.200000      7.600000      3.625263      1.901053     11.242272      1.823492     -0.039113     -0.441510     10.000000      4.400000      3.231699      3.024542      1.973150      5.059870     12.000000     17.600000      2.763158      3.163000      0.126412
  2            6938          8850                                               6.058e-04     2.328e-01     1.033e-06     1.909e-07     1.227e+01     4.336e-06     2.023e+00      9.100000      9.800000      0.770513      0.833718     14.414727     38.229389      0.684211      0.574780     14.700000      0.869525     28.660408      0.142855      3.575001      3.746101      0.064750     10.552578      2.000000      2.600000      1.200000      2.200000      0.424359      0.816346      0.365909      2.051295      0.297265      0.284415      1.200000      2.200000      5.900000      3.511111      6.450000     17.382715      3.800000      3.400000      0.496282      1.030000      0.518173      3.600000      5.600000      3.800000      8.800000      1.242105      2.996842      1.605380      6.476954      0.518061      0.687722      3.800000      8.800000      4.566667      4.238889      2.538889      4.512191      9.200000     13.800000      2.119474      5.550000      0.618113
  2            1255          4957                                               6.925e-04     1.608e-01     1.100e-07     5.437e-07     1.334e+01     6.490e-07     2.335e+00      3.800000      4.000000      0.508205      0.498974      1.437821      0.959231      0.863636      0.975610      5.800000      0.659620      3.292373      0.379265      2.662277      2.391529      0.188250      8.330625      1.800000      1.800000      0.800000      1.000000      0.058974      0.189487      0.053322      0.205466     -0.651253     -0.130233      0.800000      1.000000      0.900000      2.000000      0.050000      5.400000      3.000000      2.000000      0.124231      0.525000      0.763370      1.200000      1.600000      0.200000      0.600000      0.168421      0.185965      0.083765      0.141780      0.286048     -0.245361      0.200000      0.600000      1.600000      0.900000      0.000000      0.050000      2.000000      1.000000      0.106316      0.380000      0.720222
  1            9191          1904          3561         0.532          9166     1.829e-04     2.690e-01     6.146e-08     5.560e-07     5.544e+00     5.532e-07     4.084e+00      7.100000      6.800000      0.754103      0.738077      6.180833      4.686154      0.788889      0.781609      8.400000      0.760823      5.763782      0.036481      1.750539      1.625438      0.224812      1.576313      8.000000      8.800000      9.800000     10.200000      2.207436      2.471539      2.922183      3.503129     -0.004255      0.046907      3.200000      3.600000      6.080000      6.345455     23.855217     24.815584     13.000000     13.400000      2.339487      2.461125      0.049424      2.400000      3.000000      1.400000      2.000000      0.219737      0.693421      0.172299      0.433131     -0.751113     -0.014935      1.000000      1.600000      0.866667      2.840000      0.044444      3.765333      4.200000      3.000000      0.365263      0.442000      0.173613
  1             483          5100          7709         0.496          8735     2.790e-04     1.885e-01     2.834e-08     6.836e-07     1.908e+01     9.169e-06     4.727e+00      2.200000      2.400000      0.290000      0.372308      0.270000      0.485000      0.916667      0.888889      3.800000      0.543861      0.926108      0.559594      2.534371      2.407001      0.248750      2.185875      1.400000      1.400000      0.400000      0.400000      0.214530      0.134615      0.120205      0.167646      0.139261     -0.053289      0.400000      0.400000      2.000000      0.900000      9.800000      0.450000      2.200000      1.400000      0.104744      0.745000      0.859405      2.400000      2.000000      1.400000      1.000000      0.486842      0.331579      0.313548      0.261153     -0.080839     -0.044405      1.200000      0.800000      2.150000      2.000000      3.937500      1.600000      4.200000      6.000000      0.327368      4.515500      0.927501
  1            5280           492          2691         0.722          5448     3.828e-04     1.959e-01     4.692e-06     4.571e-07     1.330e+01     4.714e-06     7.208e+00      8.700000      8.100000      0.802821      0.792692      6.945000      7.766811      0.883249      0.848168     11.200000      0.813513      7.407947      0.036979      2.141104      2.077138      0.171125      0.573359      5.800000      5.600000      7.200000      7.000000      2.090513      1.633077      3.741730      2.910676      0.469205      0.197619      1.800000      1.600000      7.500980      7.714445     26.288557     19.294142      7.600000      8.800000      1.861795      1.946125      0.043332      5.800000      5.600000     10.200000      9.000000      3.506316      3.246316     10.630058      9.673072      0.732417      1.113858      4.200000      3.000000      4.413187      4.900384      3.558662      7.614614      9.200000     13.200000      3.376316      3.521000      0.041092
  2            2316          5404                                               2.294e-04     1.921e-01     1.361e-07     6.252e-07     8.572e+00     6.619e-06     1.417e+01      4.100000      3.500000      0.579231      0.433205      1.391795      1.010577      0.964706      0.823529      5.100000      0.601835      1.751123      0.272216      1.835699      1.691211      0.304938      2.232312      3.200000      2.400000      2.400000      2.000000      0.807949      0.591026      0.720941      0.711450      0.939346      0.680491      2.400000      2.000000     10.166667      9.740000     23.672222     12.322000      4.800000      4.400000      0.699487      1.970000      0.644930      2.600000      3.600000      2.000000      3.400000      0.595789      1.054737      0.599833      1.091429      0.061664      0.286886      2.000000      3.400000      2.900000      3.383810      1.975000      3.942499      6.200000      8.800000      0.825263      5.460000      0.848853
  2            3097           845                                               2.721e-04     2.391e-01     4.380e-06     4.437e-07     1.763e+01     4.981e-06     1.808e+01      4.000000      4.000000      0.547436      0.506410      1.005497      0.996987      0.888889      0.888889      5.000000      0.556962      1.099585      0.101560      1.181927      1.137442      0.413750      0.438516      2.000000      2.200000      1.000000      1.200000      0.157179      0.158205      0.127169      0.131372     -0.392624     -0.619724      0.600000      0.800000      2.800000      3.100000      0.800000      0.050000      2.800000      1.800000      0.157692      0.164000      0.038462      4.000000      3.000000      3.200000      2.200000      0.730526      0.708421      0.724578      0.501715     -0.437936      0.327881      2.800000      1.800000      2.883333      4.120000      1.995278      2.368000      5.600000      5.000000      0.719474      1.080000      0.333821
  2             118           107                                               7.478e-04     2.468e-01     5.076e-06     3.506e-07     1.142e+01     2.290e-06     6.646e+00      1.800000      1.600000      0.121026      0.138590      0.180449      0.240577      0.947368      0.888889      2.100000      0.137785      0.216709      0.110529      0.269701      0.287825      0.854437      0.035000      1.000000      1.000000      0.000000      0.000000      0.000000      0.000000      0.000000      0.000000      0.000000      0.000000      0.000000      0.000000      0.000000      0.000000      0.000000      0.000000      1.000000      0.000000      0.000000      0.000000      0.000000      1.000000      1.000000      0.000000      0.000000      0.000000      0.000000      0.000000      0.000000      0.000000      0.000000      0.000000      0.000000      0.000000      0.000000      0.000000      0.000000      1.000000      0.000000      0.000000      0.000000      0.000000
  1            9424          6074          6369         0.078          8584     7.714e-04     2.548e-01     5.863e-06     5.796e-07     2.268e+00     2.709e-06     1.925e+01     12.800000     14.400000      0.881410      0.906026     35.287724     35.037613      0.729345      0.738462     20.100000      0.915760     41.569340      0.046202      3.221613      3.403799      0.062750     27.064484      6.000000      6.400000     10.200000     10.600000      4.440064      4.012821     29.105877     27.573551      0.539700      0.554809      3.000000      3.400000      5.943910      5.350000     25.276791     12.485985     10.800000     13.600000      3.381154      4.434000      0.237448      7.200000      9.600000     15.600000     17.400000      5.318947      5.400000     19.279682     12.830644      0.647213      0.319404     10.200000     12.000000      4.032624      4.086361      3.427014      7.219728     16.600000     27.600000      5.359474      7.054000      0.240222
  2            6544          3233                                               4.099e-04     1.936e-01     6.462e-07     3.025e-07     1.178e+01     6.247e-06     1.842e+01      9.600000      9.800000      0.837949      0.845897     13.866731     11.314262      0.730038      0.780877     13.700000      0.870095     13.881385      0.062519      2.733970      2.893318      0.102438      5.728531      4.200000      4.200000      3.200000      3.800000      0.813333      1.204103      0.564967      1.117641      0.129908      0.751954      1.800000      2.400000      5.516667      8.266666     26.381945     19.417778      6.400000      5.600000      1.008718      1.319500      0.235530      4.400000      6.800000      7.200000     10.800000      2.697895      3.383158      6.764528     11.985920      1.084037      0.432013      4.000000      7.600000      5.334415      4.057143      5.022866      4.890325     11.200000     14.800000      3.040526      4.539500      0.330207
  1            8388          1490          8884         0.824          9931     4.926e-04     2.416e-01     4.871e-06     7.074e-07     6.918e+00     8.651e-06     1.773e+01     10.400000      9.500000      0.865128      0.815000     11.218286      8.144455      0.825397      0.794979     13.200000      0.861171     10.041317      0.047722      2.502989      2.247345      0.118250      1.905859      2.800000      1.800000      1.800000      0.800000      0.407265      0.194017      0.317788      0.132156     -0.562468     -0.440122      1.200000      0.200000      1.680000      1.600000      2.328000      3.200000      3.000000      2.000000      0.180385      0.185250      0.026264      7.000000      6.200000      6.600000     10.000000      1.531579      2.530526      1.214085      6.575450     -0.600385     -0.422574      5.600000      9.000000      2.413636      2.956191      2.506457      4.425914     13.200000     19.200001      2.031053      9.616000      0.788784
